Customer_ID,Gender,Age,Education,Employment_Status,Marital_Status,Dependents,Annual_Income,Credit_Score,Existing_Loans,Loan_ID,Loan_Type,Loan_Amount,Loan_Term_Months,Interest_Rate,Monthly_Installment,Debt_to_Income_Ratio,Employment_Years,Previous_Defaults,Credit_History,Property_Ownership,Region,Loan_Status,Default_Status,Default_Flag,Credit_Score_Group,Income_Group,DTI_Group
CUST100001,Male,28,Graduate,Salaried,Married,0,880600.0,734.0,1,LOAN500001,Personal,368000.0,36,9.04,11709.15,22.44,5.3,0,Good,Owned,West,Closed,Non-Defaulted,0,Good,Upper-Middle Income,Moderate DTI
CUST100002,Female,29,Graduate,Salaried,Single,0,407700.0,805.0,0,LOAN500002,Personal,136000.0,48,8.48,3350.89,9.86,6.9,0,Excellent,Mortgaged,South,Active,Non-Defaulted,0,Excellent,Lower-Middle Income,Low DTI
CUST100003,Female,36,Graduate,Salaried,Single,2,721400.0,678.0,2,LOAN500003,Home,1124000.0,180,8.06,10780.5,25.05,9.7,0,Fair,Mortgaged,Central,Closed,Non-Defaulted,0,Good,Upper-Middle Income,Moderate DTI
CUST100004,Female,42,High School,Salaried,Divorced,1,672800.0,611.0,1,LOAN500004,Business,1929000.0,36,12.61,64633.87,75.0,13.8,0,Fair,Rented,North,Active,Non-Defaulted,0,Fair,Lower-Middle Income,Very High DTI
CUST100005,Male,48,Graduate,Salaried,Single,2,796400.0,685.0,1,LOAN500005,Home,3234000.0,240,7.26,25580.36,42.52,21.6,1,Good,Mortgaged,South,Active,Non-Defaulted,0,Good,Upper-Middle Income,High DTI
CUST100006,Male,29,Graduate,Business,Married,1,859200.0,534.0,3,LOAN500006,Auto,502000.0,36,11.31,16508.63,48.17,5.3,0,Poor,Mortgaged,Central,Active,Non-Defaulted,0,Poor,Upper-Middle Income,High DTI
CUST100007,Male,54,Post Graduate,Self-Employed,Single,1,779900.0,714.0,2,LOAN500007,Personal,406000.0,60,10.97,8821.35,21.89,22.0,0,Good,Mortgaged,North,Defaulted,Defaulted,1,Good,Upper-Middle Income,Moderate DTI
CUST100008,Female,35,High School,Business,Married,1,699700.0,722.0,2,LOAN500008,Auto,1574000.0,48,6.57,37378.17,72.81,8.8,1,Good,Owned,Central,Overdue,Defaulted,1,Good,Lower-Middle Income,Very High DTI
CUST100009,Female,38,Graduate,Business,Married,2,835700.0,807.0,3,LOAN500009,Home,1284000.0,240,6.5,9573.16,32.3,14.8,0,Excellent,Family,West,Active,Non-Defaulted,0,Excellent,Upper-Middle Income,Moderate DTI
CUST100010,Female,30,Professional,Self-Employed,Single,1,360500.0,676.0,4,LOAN500010,Business,254000.0,48,10.87,6548.74,72.39,4.0,0,Fair,Owned,North,Defaulted,Defaulted,1,Good,Low Income,Very High DTI
CUST100011,Male,21,High School,Salaried,Single,0,585300.0,719.0,1,LOAN500011,Education,1013000.0,36,8.47,31963.84,68.81,0.4,0,Good,Owned,East,Closed,Non-Defaulted,0,Good,Lower-Middle Income,Very High DTI
CUST100012,Female,48,Graduate,Business,Married,2,1584000.0,630.0,0,LOAN500012,Home,741000.0,120,6.5,8413.91,6.37,9.3,0,Fair,Owned,East,Closed,Non-Defaulted,0,Fair,High Income,Low DTI
CUST100013,Female,46,High School,Business,Married,1,946900.0,665.0,1,LOAN500013,Education,1472000.0,120,11.07,20335.17,32.3,20.3,0,Fair,Mortgaged,Central,Active,Non-Defaulted,0,Fair,Upper-Middle Income,Moderate DTI
CUST100014,Male,35,Graduate,Business,Married,1,804400.0,583.0,2,LOAN500014,Personal,507000.0,36,12.11,16866.3,36.13,7.8,0,Poor,Family,South,Active,Non-Defaulted,0,Fair,Upper-Middle Income,High DTI
CUST100015,Male,39,Graduate,Salaried,Single,2,1695800.0,676.0,0,LOAN500015,Auto,926000.0,72,8.7,16554.11,11.71,9.0,0,Fair,Owned,South,Active,Non-Defaulted,0,Good,High Income,Low DTI
CUST100016,Male,44,Graduate,Salaried,Single,1,355200.0,669.0,0,LOAN500016,Personal,372000.0,48,11.98,9792.53,33.08,21.3,0,Fair,Mortgaged,North,Closed,Non-Defaulted,0,Fair,Low Income,Moderate DTI
CUST100017,Male,21,Graduate,Business,Divorced,2,477000.0,711.0,0,LOAN500017,Home,3079000.0,180,6.5,26821.4,67.48,0.9,0,Good,Owned,East,Active,Non-Defaulted,0,Good,Lower-Middle Income,Very High DTI
CUST100018,Male,32,Post Graduate,Self-Employed,Married,1,1478900.0,646.0,2,LOAN500018,Personal,118000.0,36,12.32,3937.35,7.26,10.6,0,Fair,Rented,South,Active,Non-Defaulted,0,Fair,High Income,Low DTI
CUST100019,Male,47,High School,Unemployed,Married,2,279100.0,696.0,1,LOAN500019,Auto,1685000.0,24,7.5,75824.31,75.0,9.2,0,Good,Rented,North,Active,Non-Defaulted,0,Good,Low Income,Very High DTI
CUST100020,Male,24,High School,Salaried,Married,2,607500.0,667.0,1,LOAN500020,Home,3315000.0,240,9.84,31639.85,68.68,3.3,0,Fair,Rented,Central,Active,Non-Defaulted,0,Fair,Lower-Middle Income,Very High DTI
CUST100021,Female,41,Post Graduate,Salaried,Married,1,383800.0,667.0,0,LOAN500021,Education,358000.0,84,9.23,5801.77,18.14,9.7,0,Fair,Mortgaged,South,Active,Non-Defaulted,0,Fair,Low Income,Low DTI
CUST100022,Male,23,Graduate,Salaried,Married,2,846100.0,696.0,2,LOAN500022,Home,3032000.0,180,8.07,29098.03,57.91,0.8,0,Good,Family,North,Active,Non-Defaulted,0,Good,Upper-Middle Income,Very High DTI
CUST100023,Male,43,Post Graduate,Business,Single,3,1055200.0,693.0,0,LOAN500023,Personal,150000.0,12,10.13,13196.45,15.01,11.6,0,Good,Mortgaged,West,Active,Non-Defaulted,0,Good,High Income,Low DTI
CUST100024,Male,38,Graduate,Salaried,Married,1,403600.0,743.0,0,LOAN500024,Auto,179000.0,24,8.15,8107.94,24.11,10.5,0,Excellent,Mortgaged,West,Active,Non-Defaulted,0,Very Good,Lower-Middle Income,Moderate DTI
CUST100025,Male,21,Post Graduate,Salaried,Married,1,638100.0,682.0,1,LOAN500025,Education,983000.0,36,8.51,31035.44,64.65,0.3,1,Good,Rented,North,Active,Non-Defaulted,0,Good,Lower-Middle Income,Very High DTI
CUST100026,Female,51,Graduate,Unemployed,Single,2,232400.0,666.0,1,LOAN500026,Business,2016000.0,84,9.42,32866.93,75.0,18.6,3,Fair,Rented,North,Defaulted,Defaulted,1,Fair,Low Income,Very High DTI
CUST100027,Male,30,Post Graduate,Salaried,Married,2,771700.0,677.0,1,LOAN500027,Auto,1113000.0,36,7.55,34646.78,58.71,7.8,0,Fair,Owned,North,Closed,Non-Defaulted,0,Good,Upper-Middle Income,Very High DTI
CUST100028,Male,29,Professional,Business,Married,0,474800.0,640.0,1,LOAN500028,Education,357000.0,36,9.13,11374.12,38.99,4.5,0,Fair,Mortgaged,North,Active,Non-Defaulted,0,Fair,Lower-Middle Income,High DTI
CUST100029,Female,40,Graduate,Salaried,Married,3,1244800.0,665.0,0,LOAN500029,Education,945000.0,36,9.64,30333.02,29.24,9.6,0,Fair,Owned,West,Active,Non-Defaulted,0,Fair,High Income,Moderate DTI
CUST100030,Male,51,High School,Business,Married,0,1261100.0,832.0,2,LOAN500030,Personal,92000.0,60,11.6,2027.94,8.22,14.6,1,Good,Mortgaged,East,Active,Non-Defaulted,0,Excellent,High Income,Low DTI
CUST100031,Female,27,Graduate,Salaried,Married,2,573300.0,626.0,0,LOAN500031,Personal,507000.0,48,15.17,14153.92,29.63,6.0,2,Fair,Rented,West,Active,Non-Defaulted,0,Fair,Lower-Middle Income,Moderate DTI
CUST100032,Male,39,High School,Business,Single,2,732300.0,670.0,0,LOAN500032,Personal,466000.0,24,11.32,21788.55,35.7,5.4,0,Fair,Owned,East,Active,Non-Defaulted,0,Good,Upper-Middle Income,High DTI
CUST100033,Male,43,Graduate,Business,Married,4,761000.0,663.0,2,LOAN500033,Home,3449000.0,120,8.73,43188.09,73.13,12.4,0,Fair,Rented,West,Closed,Non-Defaulted,0,Fair,Upper-Middle Income,Very High DTI
CUST100034,Female,46,Graduate,Salaried,Married,0,469700.0,673.0,2,LOAN500034,Home,4530000.0,180,6.5,39461.16,75.0,11.0,0,Fair,Rented,East,Active,Non-Defaulted,0,Good,Lower-Middle Income,Very High DTI
CUST100035,Female,40,Graduate,Salaried,Married,2,551700.0,667.0,0,LOAN500035,Business,2581000.0,84,8.69,41121.0,75.0,16.6,0,Fair,Mortgaged,Central,Active,Non-Defaulted,0,Fair,Lower-Middle Income,Very High DTI
CUST100036,Female,34,Graduate,Salaried,Single,1,599500.0,710.0,0,LOAN500036,Home,4913000.0,120,6.95,56917.57,75.0,4.4,1,Good,Owned,East,Active,Non-Defaulted,0,Good,Lower-Middle Income,Very High DTI
CUST100037,Male,29,Graduate,Self-Employed,Single,1,1409700.0,570.0,2,LOAN500037,Auto,1761000.0,24,11.09,82150.01,75.0,4.7,0,Poor,Rented,West,Active,Non-Defaulted,0,Poor,High Income,Very High DTI
CUST100038,Male,39,Graduate,Business,Married,0,1279800.0,763.0,2,LOAN500038,Auto,1424000.0,72,7.85,24863.17,32.08,9.8,0,Excellent,Rented,South,Closed,Non-Defaulted,0,Very Good,High Income,Moderate DTI
CUST100039,Female,26,High School,Salaried,Married,2,1068900.0,734.0,0,LOAN500039,Personal,767000.0,60,11.57,16895.3,18.97,5.0,0,Good,Owned,South,Closed,Non-Defaulted,0,Good,High Income,Low DTI
CUST100040,Male,21,High School,Self-Employed,Married,1,776300.0,603.0,1,LOAN500040,Personal,700000.0,48,12.52,18612.91,36.21,0.4,1,Fair,Mortgaged,West,Active,Non-Defaulted,0,Fair,Upper-Middle Income,High DTI
CUST100041,Male,43,High School,Salaried,Married,0,399200.0,531.0,0,LOAN500041,Home,3774000.0,300,10.21,34854.63,75.0,15.4,0,Poor,Rented,North,Defaulted,Defaulted,1,Poor,Low Income,Very High DTI
CUST100042,Male,48,Graduate,Business,Married,2,796500.0,622.0,1,LOAN500042,Auto,274000.0,36,10.43,8896.63,20.09,9.4,0,Fair,Rented,East,Closed,Non-Defaulted,0,Fair,Upper-Middle Income,Moderate DTI
CUST100043,Male,21,High School,Unemployed,Married,2,435000.0,673.0,0,LOAN500043,Business,337000.0,84,11.88,5927.37,16.35,0.9,0,Fair,Rented,West,Closed,Non-Defaulted,0,Good,Lower-Middle Income,Low DTI
CUST100044,Female,27,Graduate,Salaried,Married,2,373100.0,850.0,1,LOAN500044,Home,4269000.0,240,6.5,31828.52,75.0,4.4,2,Fair,Rented,West,Active,Non-Defaulted,0,Excellent,Low Income,Very High DTI
CUST100045,Male,45,Graduate,Salaried,Married,3,926400.0,728.0,0,LOAN500045,Business,1571000.0,84,9.91,26007.46,33.69,9.1,0,Good,Rented,East,Active,Non-Defaulted,0,Good,Upper-Middle Income,Moderate DTI
CUST100046,Female,61,Post Graduate,Salaried,Married,1,2081000.0,563.0,1,LOAN500046,Home,4166000.0,300,10.22,38504.47,23.88,21.8,1,Poor,Mortgaged,South,Closed,Non-Defaulted,0,Poor,High Income,Moderate DTI
CUST100047,Male,38,High School,Salaried,Married,4,1136200.0,642.0,1,LOAN500047,Auto,666000.0,60,9.39,13951.47,17.1,8.5,0,Fair,Rented,South,Closed,Non-Defaulted,0,Fair,High Income,Low DTI
CUST100048,Male,30,Graduate,Salaried,Married,3,1345500.0,686.0,1,LOAN500048,Auto,806000.0,60,7.83,16277.28,17.24,3.9,0,Good,Family,Central,Active,Non-Defaulted,0,Good,High Income,Low DTI
CUST100049,Male,36,Graduate,Salaried,Married,1,757900.0,708.0,0,LOAN500049,Personal,575000.0,12,10.96,50808.73,75.0,10.3,0,Good,Mortgaged,South,Active,Non-Defaulted,0,Good,Upper-Middle Income,Very High DTI
CUST100050,Male,53,Post Graduate,Salaried,Single,0,1086100.0,598.0,1,LOAN500050,Personal,736000.0,60,13.47,16923.87,21.33,28.7,0,Poor,Rented,West,Active,Non-Defaulted,0,Fair,High Income,Moderate DTI
CUST100051,Female,31,Professional,Salaried,Married,1,483600.0,681.0,2,LOAN500051,Personal,116000.0,24,10.68,5389.29,42.09,5.3,0,Good,Owned,North,Active,Non-Defaulted,0,Good,Lower-Middle Income,High DTI
CUST100052,Female,29,High School,Salaried,Single,1,1000000.0,640.0,1,LOAN500052,Home,4377000.0,120,6.98,50775.58,67.58,7.4,0,Fair,Owned,South,Active,Non-Defaulted,0,Fair,Upper-Middle Income,Very High DTI
CUST100053,Female,33,High School,Self-Employed,Married,2,889900.0,613.0,2,LOAN500053,Auto,1458000.0,60,11.83,32307.29,48.01,4.5,0,Fair,Family,South,Active,Non-Defaulted,0,Fair,Upper-Middle Income,High DTI
CUST100054,Female,28,Post Graduate,Salaried,Married,2,784400.0,708.0,1,LOAN500054,Personal,287000.0,24,11.14,13395.11,26.66,6.9,0,Good,Owned,West,Closed,Non-Defaulted,0,Good,Upper-Middle Income,Moderate DTI
CUST100055,Female,39,Graduate,Self-Employed,Married,2,1222500.0,744.0,1,LOAN500055,Auto,736000.0,24,8.35,33404.9,37.75,9.1,0,Excellent,Owned,South,Active,Non-Defaulted,0,Very Good,High Income,High DTI
CUST100056,Female,56,Graduate,Self-Employed,Married,1,501900.0,749.0,1,LOAN500056,Personal,85000.0,36,10.43,2759.9,12.83,17.9,0,Excellent,Mortgaged,North,Active,Non-Defaulted,0,Very Good,Lower-Middle Income,Low DTI
CUST100057,Male,42,Graduate,Salaried,Single,0,623900.0,730.0,3,LOAN500057,Education,122000.0,60,9.41,2556.86,27.18,12.1,0,Good,Mortgaged,North,Closed,Non-Defaulted,0,Good,Lower-Middle Income,Moderate DTI
CUST100058,Male,35,Post Graduate,Salaried,Married,3,714500.0,655.0,0,LOAN500058,Education,768000.0,60,9.79,16238.49,27.27,10.8,0,Fair,Rented,South,Active,Non-Defaulted,0,Fair,Upper-Middle Income,Moderate DTI
CUST100059,Male,35,Professional,Self-Employed,Married,1,396500.0,740.0,0,LOAN500059,Education,234000.0,120,8.77,2935.16,8.88,10.8,0,Excellent,Owned,North,Closed,Non-Defaulted,0,Very Good,Low Income,Low DTI
CUST100060,Male,21,Professional,Unemployed,Married,4,304400.0,712.0,1,LOAN500060,Home,1373000.0,120,6.5,15590.14,75.0,0.6,1,Good,Owned,South,Closed,Non-Defaulted,0,Good,Low Income,Very High DTI
CUST100061,Male,48,Post Graduate,Salaried,Single,0,299100.0,699.0,3,LOAN500061,Personal,685000.0,12,9.35,60015.5,75.0,16.5,0,Good,Mortgaged,West,Active,Non-Defaulted,0,Good,Low Income,Very High DTI
CUST100062,Male,37,Graduate,Salaried,Married,4,1128100.0,647.0,4,LOAN500062,Education,899000.0,120,9.38,11573.86,25.69,4.6,0,Fair,Rented,South,Active,Non-Defaulted,0,Fair,High Income,Moderate DTI
CUST100063,Female,36,Post Graduate,Salaried,Married,0,698000.0,655.0,1,LOAN500063,Personal,525000.0,36,10.48,17058.83,36.18,7.2,0,Fair,Rented,South,Defaulted,Defaulted,1,Fair,Lower-Middle Income,High DTI
CUST100064,Male,68,High School,Self-Employed,Married,0,506200.0,695.0,1,LOAN500064,Personal,191000.0,60,9.07,3971.34,16.47,22.8,0,Good,Rented,Central,Active,Non-Defaulted,0,Good,Lower-Middle Income,Low DTI
CUST100065,Male,41,High School,Salaried,Married,0,457300.0,850.0,1,LOAN500065,Personal,671000.0,36,8.7,21244.06,70.04,12.9,0,Excellent,Rented,South,Active,Non-Defaulted,0,Excellent,Lower-Middle Income,Very High DTI
CUST100066,Male,30,Post Graduate,Salaried,Married,2,609800.0,711.0,1,LOAN500066,Auto,1582000.0,60,6.5,30953.65,71.52,6.1,0,Good,Owned,Central,Defaulted,Defaulted,1,Good,Lower-Middle Income,Very High DTI
CUST100067,Male,33,Graduate,Self-Employed,Married,3,904500.0,647.0,1,LOAN500067,Auto,1013000.0,72,10.1,18817.8,28.02,9.2,0,Fair,Rented,South,Active,Non-Defaulted,0,Fair,Upper-Middle Income,Moderate DTI
CUST100068,Female,51,High School,Self-Employed,Married,1,845500.0,632.0,2,LOAN500068,Auto,1656000.0,24,10.87,77082.67,75.0,22.2,0,Fair,Owned,South,Active,Non-Defaulted,0,Fair,Upper-Middle Income,Very High DTI
CUST100069,Male,39,High School,Salaried,Married,3,486400.0,656.0,2,LOAN500069,Home,4302000.0,240,6.5,32074.56,75.0,7.7,0,Fair,Owned,South,Active,Non-Defaulted,0,Fair,Lower-Middle Income,Very High DTI
CUST100070,Female,22,Post Graduate,Salaried,Single,2,454700.0,842.0,1,LOAN500070,Personal,598000.0,36,8.83,18968.96,55.15,1.5,0,Excellent,Rented,East,Active,Non-Defaulted,0,Excellent,Lower-Middle Income,Very High DTI
CUST100071,Female,48,Graduate,Self-Employed,Married,2,890900.0,662.0,1,LOAN500071,Business,2255000.0,36,12.74,75697.77,75.0,7.4,2,Fair,Owned,East,Defaulted,Defaulted,1,Fair,Upper-Middle Income,Very High DTI
CUST100072,Male,31,Post Graduate,Salaried,Married,3,482500.0,753.0,1,LOAN500072,Home,974000.0,240,6.5,7261.88,26.11,7.9,0,Excellent,Mortgaged,South,Active,Non-Defaulted,0,Very Good,Lower-Middle Income,Moderate DTI
CUST100073,Male,59,High School,Salaried,Single,1,702400.0,664.0,1,LOAN500073,Home,1719000.0,300,8.36,13680.05,30.01,12.3,1,Fair,Mortgaged,West,Active,Non-Defaulted,0,Fair,Upper-Middle Income,Moderate DTI
CUST100074,Female,50,Post Graduate,Business,Single,1,862200.0,708.0,1,LOAN500074,Auto,260000.0,72,10.45,4875.93,12.96,21.7,0,Good,Mortgaged,East,Active,Non-Defaulted,0,Good,Upper-Middle Income,Low DTI
CUST100075,Female,33,Post Graduate,Salaried,Married,3,792800.0,745.0,0,LOAN500075,Personal,57000.0,12,8.61,4974.43,7.53,7.7,0,Excellent,Mortgaged,North,Closed,Non-Defaulted,0,Very Good,Upper-Middle Income,Low DTI
CUST100076,Female,52,Graduate,Self-Employed,Single,3,981400.0,650.0,0,LOAN500076,Personal,169000.0,36,10.98,5531.24,6.76,17.1,1,Fair,Family,East,Active,Non-Defaulted,0,Fair,Upper-Middle Income,Low DTI
CUST100077,Female,39,Graduate,Business,Married,4,443100.0,645.0,1,LOAN500077,Home,4462000.0,120,8.65,55681.02,75.0,13.3,0,Fair,Mortgaged,West,Active,Non-Defaulted,0,Fair,Lower-Middle Income,Very High DTI
CUST100078,Male,47,High School,Salaried,Single,3,272700.0,806.0,2,LOAN500078,Personal,230000.0,36,11.36,7569.18,57.07,7.4,0,Excellent,Rented,South,Active,Non-Defaulted,0,Excellent,Low Income,Very High DTI
CUST100079,Male,43,Professional,Salaried,Married,0,519800.0,759.0,0,LOAN500079,Personal,778000.0,12,9.33,68156.36,75.0,9.1,0,Excellent,Rented,North,Closed,Non-Defaulted,0,Very Good,Lower-Middle Income,Very High DTI
CUST100080,Male,29,Graduate,Self-Employed,Single,3,1543300.0,745.0,1,LOAN500080,Business,1872000.0,12,11.83,166176.09,75.0,5.9,0,Excellent,Rented,West,Active,Non-Defaulted,0,Very Good,High Income,Very High DTI
CUST100081,Female,31,Professional,Business,Single,1,2144700.0,745.0,1,LOAN500081,Home,1568000.0,180,6.5,13658.96,10.5,8.8,2,Fair,Rented,Central,Active,Non-Defaulted,0,Very Good,High Income,Low DTI
CUST100082,Female,49,Graduate,Unemployed,Married,4,657500.0,722.0,0,LOAN500082,Home,2737000.0,120,6.5,31078.08,56.72,14.4,1,Good,Rented,North,Defaulted,Defaulted,1,Good,Lower-Middle Income,Very High DTI
CUST100083,Male,34,Post Graduate,Self-Employed,Married,1,592500.0,831.0,3,LOAN500083,Auto,512000.0,60,7.43,10242.41,34.02,5.9,0,Excellent,Mortgaged,Central,Closed,Non-Defaulted,0,Excellent,Lower-Middle Income,Moderate DTI
CUST100084,Male,34,Post Graduate,Salaried,Single,2,290100.0,693.0,2,LOAN500084,Business,2955000.0,36,9.86,95155.43,75.0,8.2,0,Good,Rented,South,Defaulted,Defaulted,1,Good,Low Income,Very High DTI
CUST100085,Male,27,Post Graduate,Self-Employed,Married,1,211100.0,730.0,0,LOAN500085,Personal,685000.0,12,11.01,60544.63,75.0,4.6,0,Good,Owned,Central,Closed,Non-Defaulted,0,Good,Low Income,Very High DTI
CUST100086,Male,43,Professional,Salaried,Married,1,508300.0,588.0,2,LOAN500086,Education,137000.0,84,9.26,2222.32,32.6,12.0,0,Poor,Rented,East,Closed,Non-Defaulted,0,Fair,Lower-Middle Income,Moderate DTI
CUST100087,Female,61,Graduate,Salaried,Married,0,620600.0,632.0,1,LOAN500087,Auto,1714000.0,48,8.67,42384.89,75.0,33.6,0,Fair,Rented,Central,Defaulted,Defaulted,1,Fair,Lower-Middle Income,Very High DTI
CUST100088,Female,26,High School,Salaried,Married,3,1274200.0,606.0,4,LOAN500088,Personal,591000.0,48,11.3,15360.95,34.61,3.5,0,Fair,Rented,West,Active,Non-Defaulted,0,Fair,High Income,Moderate DTI
CUST100089,Female,38,Post Graduate,Salaried,Married,3,1035200.0,779.0,0,LOAN500089,Personal,112000.0,12,8.08,9746.85,11.3,4.9,3,Fair,Owned,North,Active,Non-Defaulted,0,Very Good,High Income,Low DTI
CUST100090,Male,54,Post Graduate,Business,Married,0,906200.0,511.0,0,LOAN500090,Home,3518000.0,180,10.6,39106.32,51.79,13.4,0,Poor,Rented,North,Active,Non-Defaulted,0,Poor,Upper-Middle Income,Very High DTI
CUST100091,Male,37,Graduate,Salaried,Married,2,445300.0,662.0,1,LOAN500091,Auto,1217000.0,72,9.45,22209.87,65.55,9.2,0,Fair,Owned,East,Active,Non-Defaulted,0,Fair,Lower-Middle Income,Very High DTI
CUST100092,Female,43,High School,Salaried,Single,2,430300.0,480.0,2,LOAN500092,Personal,214000.0,36,14.51,7367.13,53.35,16.2,0,Poor,Rented,North,Defaulted,Defaulted,1,Poor,Lower-Middle Income,Very High DTI
CUST100093,Female,26,Graduate,Salaried,Married,1,771000.0,632.0,0,LOAN500093,Home,3913000.0,300,6.89,27382.29,42.62,2.4,0,Fair,Mortgaged,South,Active,Non-Defaulted,0,Fair,Upper-Middle Income,High DTI
CUST100094,Female,43,Graduate,Business,Married,0,1135400.0,656.0,2,LOAN500094,Auto,294000.0,60,7.72,5921.94,18.49,20.3,2,Fair,Rented,Central,Active,Non-Defaulted,0,Fair,High Income,Low DTI
CUST100095,Female,36,Graduate,Self-Employed,Married,3,784500.0,787.0,0,LOAN500095,Home,2703000.0,120,6.5,30692.02,46.95,7.3,0,Excellent,Rented,South,Active,Non-Defaulted,0,Very Good,Upper-Middle Income,High DTI
CUST100096,Male,49,Graduate,Salaried,Married,2,415400.0,718.0,3,LOAN500096,Education,114000.0,36,8.69,3608.74,44.1,17.3,0,Good,Owned,East,Active,Non-Defaulted,0,Good,Lower-Middle Income,High DTI
CUST100097,Male,51,Post Graduate,Salaried,Married,1,932700.0,632.0,0,LOAN500097,Education,1456000.0,84,10.51,24556.73,31.59,8.1,0,Fair,Mortgaged,South,Active,Non-Defaulted,0,Fair,Upper-Middle Income,Moderate DTI
CUST100098,Male,66,High School,Salaried,Married,2,837300.0,765.0,3,LOAN500098,Home,3882000.0,300,7.49,28662.39,61.51,38.0,3,Fair,Owned,East,Defaulted,Defaulted,1,Very Good,Upper-Middle Income,Very High DTI
CUST100099,Male,44,Graduate,Business,Married,0,486000.0,691.0,1,LOAN500099,Business,645000.0,12,10.94,56988.12,75.0,18.3,0,Good,Rented,North,Defaulted,Defaulted,1,Good,Lower-Middle Income,Very High DTI
CUST100100,Male,42,Graduate,Self-Employed,Married,1,446100.0,693.0,1,LOAN500100,Personal,306000.0,36,11.64,10111.04,36.28,8.3,0,Good,Rented,South,Closed,Non-Defaulted,0,Good,Lower-Middle Income,High DTI
CUST100101,Male,40,High School,Salaried,Married,0,949800.0,606.0,4,LOAN500101,Personal,170000.0,36,15.16,5906.43,33.06,17.1,0,Fair,Owned,Central,Closed,Non-Defaulted,0,Fair,Upper-Middle Income,Moderate DTI
CUST100102,Female,34,Post Graduate,Self-Employed,Married,0,580800.0,621.0,4,LOAN500102,Home,3950000.0,120,8.25,48447.79,75.0,6.4,0,Fair,Mortgaged,West,Active,Non-Defaulted,0,Fair,Lower-Middle Income,Very High DTI
CUST100103,Male,42,Professional,Salaried,Married,2,1463500.0,632.0,1,LOAN500103,Auto,247000.0,36,11.81,8181.54,7.97,15.4,1,Fair,Rented,West,Active,Non-Defaulted,0,Fair,High Income,Low DTI
CUST100104,Male,35,Graduate,Business,Single,3,1033400.0,693.0,0,LOAN500104,Auto,1537000.0,48,9.75,38798.02,45.05,11.7,0,Good,Owned,West,Active,Non-Defaulted,0,Good,High Income,High DTI
CUST100105,Female,40,Post Graduate,Salaried,Married,1,540300.0,695.0,1,LOAN500105,Home,4740000.0,300,6.89,33169.45,75.0,14.6,0,Good,Family,South,Active,Non-Defaulted,0,Good,Lower-Middle Income,Very High DTI
CUST100106,Male,52,Post Graduate,Salaried,Married,0,679200.0,798.0,1,LOAN500106,Personal,557000.0,60,10.14,11873.01,28.82,27.1,0,Excellent,Rented,West,Active,Non-Defaulted,0,Very Good,Lower-Middle Income,Moderate DTI
CUST100107,Male,27,Post Graduate,Salaried,Married,2,703600.0,717.0,1,LOAN500107,Personal,210000.0,36,10.58,6833.44,20.36,5.7,2,Fair,Owned,South,Active,Non-Defaulted,0,Good,Upper-Middle Income,Moderate DTI
CUST100108,Female,51,High School,Salaried,Single,3,481100.0,500.0,1,LOAN500108,Education,604000.0,36,11.06,19791.35,63.15,27.8,0,Poor,Owned,North,Active,Non-Defaulted,0,Poor,Lower-Middle Income,Very High DTI
CUST100109,Male,52,Professional,Business,Married,2,524300.0,708.0,0,LOAN500109,Education,768000.0,36,8.75,24332.93,55.69,11.8,0,Good,Rented,South,Active,Non-Defaulted,0,Good,Lower-Middle Income,Very High DTI
CUST100110,Male,37,Graduate,Salaried,Married,3,955700.0,693.0,2,LOAN500110,Auto,1148000.0,60,8.75,23691.54,41.62,7.6,0,Poor,Mortgaged,North,Active,Non-Defaulted,0,Good,Upper-Middle Income,High DTI
CUST100111,Male,21,Graduate,Business,Married,1,1219100.0,622.0,2,LOAN500111,Auto,1253000.0,24,9.84,57727.11,68.32,0.7,1,Fair,Owned,South,Defaulted,Defaulted,1,Fair,High Income,Very High DTI
CUST100112,Male,31,High School,Self-Employed,Married,2,868500.0,633.0,0,LOAN500112,Auto,1064000.0,72,10.21,19824.35,27.39,8.0,3,Fair,Owned,South,Overdue,Defaulted,1,Fair,Upper-Middle Income,Moderate DTI
CUST100113,Female,52,Graduate,Salaried,Divorced,0,1412500.0,644.0,1,LOAN500113,Personal,313000.0,60,11.89,6945.13,10.29,19.1,0,Fair,Rented,East,Active,Non-Defaulted,0,Fair,High Income,Low DTI
CUST100114,Female,38,High School,Salaried,Single,1,526200.0,594.0,1,LOAN500114,Home,4509000.0,240,9.24,41267.22,75.0,5.4,0,Poor,Rented,South,Closed,Non-Defaulted,0,Fair,Lower-Middle Income,Very High DTI
CUST100115,Female,27,Graduate,Salaried,Single,1,1524500.0,704.0,1,LOAN500115,Auto,284000.0,24,8.34,12888.64,12.17,5.6,0,Good,Owned,West,Closed,Non-Defaulted,0,Good,High Income,Low DTI
CUST100116,Female,32,Graduate,Self-Employed,Divorced,1,421800.0,591.0,0,LOAN500116,Home,2598000.0,300,9.91,23443.42,66.7,10.5,0,Poor,Rented,East,Closed,Non-Defaulted,0,Fair,Lower-Middle Income,Very High DTI
CUST100117,Female,47,Post Graduate,Salaried,Divorced,3,419800.0,715.0,1,LOAN500117,Personal,632000.0,60,10.92,13716.01,52.62,13.9,0,Good,Family,Central,Closed,Non-Defaulted,0,Good,Lower-Middle Income,Very High DTI
CUST100118,Male,44,Post Graduate,Salaried,Single,3,293200.0,847.0,0,LOAN500118,Business,370000.0,84,7.24,5627.8,23.03,9.1,0,Excellent,Family,North,Closed,Non-Defaulted,0,Excellent,Low Income,Moderate DTI
CUST100119,Female,35,Graduate,Salaried,Single,0,551000.0,597.0,1,LOAN500119,Education,1087000.0,120,11.55,15313.84,37.53,3.9,0,Poor,Rented,West,Active,Non-Defaulted,0,Fair,Lower-Middle Income,High DTI
CUST100120,Male,34,Post Graduate,Self-Employed,Single,0,510400.0,670.0,2,LOAN500120,Personal,665000.0,48,11.8,17446.77,54.66,5.7,0,Fair,Rented,West,Active,Non-Defaulted,0,Good,Lower-Middle Income,Very High DTI
CUST100121,Female,34,Post Graduate,Salaried,Divorced,1,878500.0,513.0,2,LOAN500121,Auto,1240000.0,24,9.43,56894.04,75.0,9.9,0,Poor,Owned,Central,Defaulted,Defaulted,1,Poor,Upper-Middle Income,Very High DTI
CUST100122,Female,28,Post Graduate,Salaried,Single,1,767300.0,669.0,0,LOAN500122,Business,236000.0,84,10.41,3968.06,6.21,6.7,1,Fair,Owned,South,Active,Non-Defaulted,0,Fair,Upper-Middle Income,Low DTI
CUST100123,Male,56,High School,Salaried,Married,2,385000.0,735.0,1,LOAN500123,Personal,185000.0,36,9.95,5965.09,36.07,11.2,1,Good,Mortgaged,South,Closed,Non-Defaulted,0,Good,Low Income,High DTI
CUST100124,Male,34,Post Graduate,Salaried,Married,3,565200.0,740.0,3,LOAN500124,Home,2040000.0,180,6.53,17804.25,58.21,8.5,0,Excellent,Rented,North,Closed,Non-Defaulted,0,Very Good,Lower-Middle Income,Very High DTI
CUST100125,Male,51,Professional,Business,Single,4,679800.0,695.0,0,LOAN500125,Home,1552000.0,240,7.23,12247.84,21.62,21.8,0,Good,Rented,South,Active,Non-Defaulted,0,Good,Lower-Middle Income,Moderate DTI
CUST100126,Male,55,Post Graduate,Salaried,Married,2,291000.0,752.0,2,LOAN500126,Home,4832000.0,120,6.5,54866.38,75.0,15.0,0,Excellent,Owned,East,Active,Non-Defaulted,0,Very Good,Low Income,Very High DTI
CUST100127,Female,49,Graduate,Business,Single,3,507400.0,850.0,2,LOAN500127,Education,1012000.0,60,6.5,19800.94,61.92,18.0,0,Excellent,Mortgaged,West,Active,Non-Defaulted,0,Excellent,Lower-Middle Income,Very High DTI
CUST100128,Female,33,Graduate,Self-Employed,Married,1,449000.0,810.0,2,LOAN500128,Home,1836000.0,120,6.5,20847.41,75.0,9.3,0,Excellent,Rented,South,Active,Non-Defaulted,0,Excellent,Lower-Middle Income,Very High DTI
CUST100129,Male,42,Graduate,Salaried,Single,0,1358200.0,653.0,0,LOAN500129,Personal,747000.0,36,12.01,24814.66,21.92,17.5,0,Fair,Mortgaged,North,Active,Non-Defaulted,0,Fair,High Income,Moderate DTI
CUST100130,Male,38,Graduate,Self-Employed,Married,1,712600.0,588.0,0,LOAN500130,Personal,605000.0,36,14.19,20733.34,34.91,9.8,0,Poor,Mortgaged,South,Defaulted,Defaulted,1,Fair,Upper-Middle Income,Moderate DTI
CUST100131,Male,28,High School,Salaried,Married,2,937900.0,662.0,3,LOAN500131,Personal,263000.0,36,10.18,8508.51,24.23,5.9,0,Fair,Owned,North,Active,Non-Defaulted,0,Fair,Upper-Middle Income,Moderate DTI
CUST100132,Male,42,Graduate,Salaried,Single,2,332400.0,624.0,1,LOAN500132,Home,2205000.0,240,7.8,18169.99,74.65,9.8,0,Fair,Family,Central,Active,Non-Defaulted,0,Fair,Low Income,Very High DTI
CUST100133,Male,25,Post Graduate,Self-Employed,Single,0,1153100.0,722.0,0,LOAN500133,Auto,479000.0,24,7.76,21611.48,22.49,1.9,0,Good,Mortgaged,Central,Active,Non-Defaulted,0,Good,High Income,Moderate DTI
CUST100134,Male,51,Post Graduate,Salaried,Married,1,1274500.0,607.0,1,LOAN500134,Personal,778000.0,12,11.84,69066.14,68.44,11.5,0,Fair,Rented,South,Closed,Non-Defaulted,0,Fair,High Income,Very High DTI
CUST100135,Female,33,High School,Self-Employed,Single,1,249100.0,685.0,0,LOAN500135,Auto,1004000.0,72,8.56,17879.17,75.0,6.3,0,Good,Owned,South,Closed,Non-Defaulted,0,Good,Low Income,Very High DTI
CUST100136,Male,40,Professional,Salaried,Married,4,486500.0,749.0,2,LOAN500136,Auto,1628000.0,24,7.96,73600.33,75.0,5.5,0,Excellent,Mortgaged,Central,Active,Non-Defaulted,0,Very Good,Lower-Middle Income,Very High DTI
CUST100137,Male,41,Graduate,Business,Married,1,1030800.0,683.0,1,LOAN500137,Personal,310000.0,60,10.65,6686.17,10.98,9.1,0,Good,Owned,North,Active,Non-Defaulted,0,Good,High Income,Low DTI
CUST100138,Female,35,Graduate,Self-Employed,Married,2,885600.0,624.0,2,LOAN500138,Auto,1570000.0,24,9.9,72375.09,75.0,10.1,0,Fair,Owned,East,Closed,Non-Defaulted,0,Fair,Upper-Middle Income,Very High DTI
CUST100139,Male,44,Post Graduate,Salaried,Married,2,492800.0,693.0,2,LOAN500139,Auto,239000.0,24,6.79,10677.91,55.02,16.1,1,Good,Owned,Central,Active,Non-Defaulted,0,Good,Lower-Middle Income,Very High DTI
CUST100140,Female,33,Post Graduate,Salaried,Married,0,589400.0,558.0,0,LOAN500140,Home,4919000.0,120,8.51,61014.87,75.0,3.9,0,Poor,Owned,East,Active,Non-Defaulted,0,Poor,Lower-Middle Income,Very High DTI
CUST100141,Female,48,Professional,Self-Employed,Married,2,488000.0,667.0,1,LOAN500141,Home,4604000.0,240,7.55,37230.4,75.0,12.2,0,Fair,Rented,North,Active,Non-Defaulted,0,Fair,Lower-Middle Income,Very High DTI
CUST100142,Male,23,Graduate,Business,Married,3,856700.0,687.0,2,LOAN500142,Auto,749000.0,60,8.89,15508.05,37.51,9.1,0,Good,Mortgaged,South,Active,Non-Defaulted,0,Good,Upper-Middle Income,High DTI
CUST100143,Male,39,Post Graduate,Salaried,Single,1,1212500.0,691.0,1,LOAN500143,Business,2369000.0,36,11.78,78436.01,75.0,8.7,0,Good,Rented,Central,Defaulted,Defaulted,1,Good,High Income,Very High DTI
CUST100144,Male,59,High School,Business,Single,4,561200.0,703.0,4,LOAN500144,Home,3885000.0,240,8.69,34183.57,75.0,20.3,0,Good,Owned,North,Active,Non-Defaulted,0,Good,Lower-Middle Income,Very High DTI
CUST100145,Male,27,Post Graduate,Salaried,Married,0,1103400.0,733.0,2,LOAN500145,Home,4556000.0,300,6.5,30762.44,39.49,5.0,0,Good,Owned,South,Active,Non-Defaulted,0,Good,High Income,High DTI
CUST100146,Male,31,Post Graduate,Salaried,Married,0,469000.0,688.0,0,LOAN500146,Home,1883000.0,120,6.69,21563.57,55.17,2.8,0,Good,Rented,West,Active,Non-Defaulted,0,Good,Lower-Middle Income,Very High DTI
CUST100147,Female,44,Post Graduate,Business,Married,3,540900.0,664.0,2,LOAN500147,Personal,399000.0,12,11.79,35411.48,75.0,10.3,1,Fair,Owned,West,Active,Non-Defaulted,0,Fair,Lower-Middle Income,Very High DTI
CUST100148,Male,40,Graduate,Business,Single,3,1203600.0,661.0,0,LOAN500148,Auto,1577000.0,60,8.36,32248.27,32.15,6.9,1,Fair,Owned,East,Active,Non-Defaulted,0,Fair,High Income,Moderate DTI
CUST100149,Male,42,Post Graduate,Self-Employed,Married,4,1011800.0,647.0,0,LOAN500149,Home,4004000.0,300,9.27,34344.8,40.73,7.3,0,Fair,Owned,South,Active,Non-Defaulted,0,Fair,High Income,High DTI
CUST100150,Male,43,High School,Business,Single,2,1222700.0,745.0,2,LOAN500150,Personal,345000.0,60,10.39,7396.61,10.88,20.1,0,Excellent,Rented,East,Active,Non-Defaulted,0,Very Good,High Income,Low DTI
CUST100151,Female,45,High School,Salaried,Single,3,362900.0,645.0,2,LOAN500151,Home,4306000.0,240,8.15,36420.12,75.0,12.4,0,Fair,Rented,South,Closed,Non-Defaulted,0,Fair,Low Income,Very High DTI
CUST100152,Male,50,Post Graduate,Business,Married,3,649700.0,749.0,1,LOAN500152,Personal,85000.0,60,10.86,1842.18,14.06,17.8,0,Excellent,Mortgaged,South,Active,Non-Defaulted,0,Very Good,Lower-Middle Income,Low DTI
CUST100153,Male,43,Graduate,Salaried,Single,3,1013100.0,691.0,0,LOAN500153,Home,4019000.0,300,7.42,29491.24,34.93,16.7,2,Fair,Rented,West,Defaulted,Defaulted,1,Good,High Income,Moderate DTI
CUST100154,Male,35,Post Graduate,Salaried,Married,2,696200.0,654.0,1,LOAN500154,Personal,205000.0,36,12.23,6831.48,20.64,4.2,0,Fair,Mortgaged,North,Active,Non-Defaulted,0,Fair,Lower-Middle Income,Moderate DTI
CUST100155,Female,45,Graduate,Salaried,Married,1,407600.0,733.0,1,LOAN500155,Personal,265000.0,24,10.77,12322.8,42.57,10.2,0,Good,Family,North,Closed,Non-Defaulted,0,Good,Lower-Middle Income,High DTI
CUST100156,Male,59,High School,Salaried,Married,3,850400.0,639.0,0,LOAN500156,Education,791000.0,84,9.85,13070.31,18.44,30.8,0,Fair,Owned,South,Closed,Non-Defaulted,0,Fair,Upper-Middle Income,Low DTI
CUST100157,Female,37,Post Graduate,Salaried,Married,1,484300.0,735.0,0,LOAN500157,Business,1459000.0,60,8.67,30053.3,74.47,13.8,0,Good,Rented,East,Active,Non-Defaulted,0,Good,Lower-Middle Income,Very High DTI
CUST100158,Female,27,Graduate,Salaried,Single,1,1615100.0,705.0,1,LOAN500158,Personal,440000.0,36,12.77,14776.64,15.09,3.4,0,Good,Owned,West,Active,Non-Defaulted,0,Good,High Income,Low DTI
CUST100159,Male,50,High School,Salaried,Single,1,1432700.0,648.0,3,LOAN500159,Home,2951000.0,180,7.13,26739.36,29.75,14.8,1,Fair,Mortgaged,West,Active,Non-Defaulted,0,Fair,High Income,Moderate DTI
CUST100160,Female,37,Post Graduate,Salaried,Married,2,912100.0,727.0,0,LOAN500160,Personal,299000.0,24,12.27,14112.7,18.57,12.6,0,Good,Owned,West,Active,Non-Defaulted,0,Good,Upper-Middle Income,Low DTI
CUST100161,Male,21,Graduate,Self-Employed,Married,1,1249200.0,728.0,0,LOAN500161,Home,1289000.0,120,6.94,14926.55,14.34,0.4,1,Good,Rented,East,Closed,Non-Defaulted,0,Good,High Income,Low DTI
CUST100162,Female,47,Graduate,Salaried,Married,0,704100.0,771.0,2,LOAN500162,Home,3958000.0,240,6.5,29509.78,55.61,8.8,0,Excellent,Rented,West,Active,Non-Defaulted,0,Very Good,Upper-Middle Income,Very High DTI
CUST100163,Female,32,Graduate,Salaried,Single,3,985500.0,758.0,2,LOAN500163,Personal,350000.0,24,10.61,16249.44,25.56,5.0,0,Excellent,Rented,South,Active,Non-Defaulted,0,Very Good,Upper-Middle Income,Moderate DTI
CUST100164,Male,37,Post Graduate,Self-Employed,Married,1,1321200.0,724.0,3,LOAN500164,Auto,985000.0,60,8.55,20232.53,27.64,8.5,0,Good,Rented,South,Active,Non-Defaulted,0,Good,High Income,Moderate DTI
CUST100165,Male,42,Post Graduate,Business,Married,2,914100.0,611.0,0,LOAN500165,Personal,534000.0,60,14.42,12541.83,16.46,6.2,0,Fair,Rented,East,Active,Non-Defaulted,0,Fair,Upper-Middle Income,Low DTI
CUST100166,Female,40,Post Graduate,Self-Employed,Married,0,575100.0,850.0,0,LOAN500166,Personal,732000.0,48,7.08,17555.83,36.63,11.2,0,Excellent,Rented,North,Active,Non-Defaulted,0,Excellent,Lower-Middle Income,High DTI
CUST100167,Male,46,High School,Salaried,Married,0,301100.0,592.0,1,LOAN500167,Education,1091000.0,60,10.7,23558.08,75.0,19.0,1,Poor,Owned,South,Defaulted,Defaulted,1,Fair,Low Income,Very High DTI
CUST100168,Male,33,Post Graduate,Self-Employed,Single,0,624600.0,756.0,1,LOAN500168,Auto,225000.0,60,8.57,4623.81,19.37,7.6,0,Excellent,Mortgaged,South,Active,Non-Defaulted,0,Very Good,Lower-Middle Income,Low DTI
CUST100169,Male,44,Post Graduate,Salaried,Single,2,1013300.0,720.0,1,LOAN500169,Home,4274000.0,120,7.49,50710.83,62.48,7.1,0,Good,Owned,East,Closed,Non-Defaulted,0,Good,High Income,Very High DTI
CUST100170,Female,35,Post Graduate,Salaried,Married,0,1074600.0,608.0,1,LOAN500170,Home,4952000.0,300,9.24,42373.86,51.62,8.0,0,Fair,Mortgaged,East,Active,Non-Defaulted,0,Fair,High Income,Very High DTI
CUST100171,Female,46,Graduate,Salaried,Divorced,3,869400.0,681.0,0,LOAN500171,Home,2626000.0,180,8.92,26509.81,36.59,18.5,0,Good,Rented,West,Active,Non-Defaulted,0,Good,Upper-Middle Income,High DTI
CUST100172,Male,45,Post Graduate,Business,Single,0,626600.0,684.0,1,LOAN500172,Home,4863000.0,300,7.21,35024.87,75.0,7.2,0,Good,Rented,East,Active,Non-Defaulted,0,Good,Lower-Middle Income,Very High DTI
CUST100173,Male,28,Post Graduate,Salaried,Married,0,264200.0,781.0,1,LOAN500173,Home,2963000.0,300,6.5,20006.39,75.0,2.3,0,Excellent,Rented,Central,Defaulted,Defaulted,1,Very Good,Low Income,Very High DTI
CUST100174,Male,50,High School,Salaried,Single,0,538100.0,640.0,1,LOAN500174,Home,2568000.0,300,7.81,19498.11,47.0,14.7,1,Fair,Mortgaged,South,Closed,Non-Defaulted,0,Fair,Lower-Middle Income,High DTI
CUST100175,Female,32,Graduate,Salaried,Single,0,589700.0,672.0,1,LOAN500175,Home,1991000.0,240,9.62,18715.03,41.69,4.5,0,Fair,Rented,East,Closed,Non-Defaulted,0,Good,Lower-Middle Income,High DTI
CUST100176,Male,47,Post Graduate,Business,Single,2,699200.0,526.0,1,LOAN500176,Auto,1235000.0,60,11.63,27241.54,50.25,23.2,0,Poor,Mortgaged,North,Active,Non-Defaulted,0,Poor,Lower-Middle Income,Very High DTI
CUST100177,Female,42,High School,Self-Employed,Single,3,874700.0,811.0,0,LOAN500177,Auto,529000.0,36,6.5,16213.32,22.24,13.8,0,Excellent,Family,South,Closed,Non-Defaulted,0,Excellent,Upper-Middle Income,Moderate DTI
CUST100178,Male,58,Professional,Salaried,Married,2,1770300.0,615.0,0,LOAN500178,Home,972000.0,300,9.96,8805.18,5.97,16.6,0,Fair,Mortgaged,Central,Closed,Non-Defaulted,0,Fair,High Income,Low DTI
CUST100179,Female,36,Post Graduate,Salaried,Married,0,724200.0,713.0,1,LOAN500179,Home,623000.0,120,7.71,7463.58,18.03,11.3,0,Good,Rented,South,Closed,Non-Defaulted,0,Good,Upper-Middle Income,Low DTI
CUST100180,Male,34,Graduate,Salaried,Single,1,615100.0,683.0,0,LOAN500180,Home,1816000.0,120,7.55,21603.66,42.15,6.9,1,Good,Rented,South,Active,Non-Defaulted,0,Good,Lower-Middle Income,High DTI
CUST100181,Male,38,Graduate,Self-Employed,Single,1,574000.0,683.0,1,LOAN500181,Home,2281000.0,120,7.99,27662.77,68.3,6.0,1,Good,Family,East,Active,Non-Defaulted,0,Good,Lower-Middle Income,Very High DTI
CUST100182,Male,35,Graduate,Salaried,Married,4,724500.0,747.0,2,LOAN500182,Home,2984000.0,300,6.5,20148.18,51.33,6.1,0,Excellent,Mortgaged,North,Defaulted,Defaulted,1,Very Good,Upper-Middle Income,Very High DTI
CUST100183,Female,47,Professional,Business,Single,0,546000.0,807.0,1,LOAN500183,Business,1020000.0,24,7.91,46089.98,75.0,18.0,0,Excellent,Mortgaged,East,Active,Non-Defaulted,0,Excellent,Lower-Middle Income,Very High DTI
CUST100184,Female,21,Graduate,Salaried,Married,2,723000.0,708.0,0,LOAN500184,Auto,1774000.0,72,7.99,31095.31,51.61,0.3,0,Good,Mortgaged,South,Active,Non-Defaulted,0,Good,Upper-Middle Income,Very High DTI
CUST100185,Male,26,Post Graduate,Self-Employed,Single,1,807000.0,736.0,4,LOAN500185,Business,1017000.0,36,10.65,33126.96,75.0,2.6,2,Fair,Mortgaged,South,Closed,Non-Defaulted,0,Good,Upper-Middle Income,Very High DTI
CUST100186,Female,26,Graduate,Salaried,Married,1,754800.0,713.0,0,LOAN500186,Auto,878000.0,72,7.42,15146.73,24.08,2.3,1,Good,Rented,West,Active,Non-Defaulted,0,Good,Upper-Middle Income,Moderate DTI
CUST100187,Female,48,High School,Salaried,Single,1,850100.0,761.0,0,LOAN500187,Business,489000.0,12,9.08,42781.92,60.39,10.7,0,Excellent,Family,West,Active,Non-Defaulted,0,Very Good,Upper-Middle Income,Very High DTI
CUST100188,Female,57,High School,Salaried,Single,0,840500.0,658.0,1,LOAN500188,Auto,580000.0,48,10.4,14821.97,24.22,25.7,0,Fair,Owned,South,Active,Non-Defaulted,0,Fair,Upper-Middle Income,Moderate DTI
CUST100189,Male,37,Graduate,Salaried,Single,2,291600.0,765.0,2,LOAN500189,Business,335000.0,60,11.55,7375.94,74.63,13.4,1,Good,Rented,East,Active,Non-Defaulted,0,Very Good,Low Income,Very High DTI
CUST100190,Male,36,Professional,Salaried,Single,0,926500.0,768.0,0,LOAN500190,Personal,470000.0,48,9.01,11698.2,15.15,11.4,0,Excellent,Rented,West,Closed,Non-Defaulted,0,Very Good,Upper-Middle Income,Low DTI
CUST100191,Male,39,Graduate,Business,Married,2,588800.0,766.0,1,LOAN500191,Personal,613000.0,60,10.05,13039.52,29.84,12.7,1,Good,Owned,West,Active,Non-Defaulted,0,Very Good,Lower-Middle Income,Moderate DTI
CUST100192,Female,51,Graduate,Salaried,Married,0,403300.0,644.0,1,LOAN500192,Auto,473000.0,36,7.7,14756.73,61.39,26.2,0,Fair,Mortgaged,North,Active,Non-Defaulted,0,Fair,Lower-Middle Income,Very High DTI
CUST100193,Female,28,Graduate,Self-Employed,Single,4,382500.0,678.0,0,LOAN500193,Business,1230000.0,24,10.58,57088.09,75.0,2.3,0,Fair,Rented,South,Active,Non-Defaulted,0,Good,Low Income,Very High DTI
CUST100194,Female,41,Graduate,Business,Single,0,1000500.0,707.0,0,LOAN500194,Home,575000.0,120,6.68,6581.79,7.89,7.5,0,Good,Family,South,Closed,Non-Defaulted,0,Good,High Income,Low DTI
CUST100195,Male,49,Graduate,Self-Employed,Married,3,584100.0,594.0,2,LOAN500195,Personal,680000.0,48,14.26,18670.81,62.16,15.1,0,Poor,Mortgaged,North,Closed,Non-Defaulted,0,Fair,Lower-Middle Income,Very High DTI
CUST100196,Male,44,Post Graduate,Self-Employed,Married,3,289900.0,802.0,1,LOAN500196,Home,4010000.0,300,6.5,27075.81,75.0,11.8,1,Good,Owned,North,Active,Non-Defaulted,0,Excellent,Low Income,Very High DTI
CUST100197,Female,40,Graduate,Self-Employed,Divorced,4,817600.0,689.0,0,LOAN500197,Auto,254000.0,60,7.09,5040.3,7.4,10.4,0,Good,Owned,North,Active,Non-Defaulted,0,Good,Upper-Middle Income,Low DTI
CUST100198,Female,49,Graduate,Salaried,Married,1,342000.0,710.0,0,LOAN500198,Home,2142000.0,120,8.44,26489.05,75.0,11.1,0,Good,Rented,West,Defaulted,Defaulted,1,Good,Low Income,Very High DTI
CUST100199,Female,21,High School,Business,Married,2,868900.0,650.0,1,LOAN500199,Auto,1726000.0,72,8.47,30660.01,45.95,0.3,0,Fair,Owned,East,Closed,Non-Defaulted,0,Fair,Upper-Middle Income,High DTI
CUST100200,Female,45,Professional,Salaried,Married,1,765300.0,597.0,2,LOAN500200,Business,1298000.0,12,12.25,115477.59,75.0,14.5,0,Poor,Owned,South,Defaulted,Defaulted,1,Fair,Upper-Middle Income,Very High DTI
CUST100201,Female,31,Graduate,Self-Employed,Married,0,994300.0,648.0,1,LOAN500201,Business,1673000.0,24,11.43,78309.33,75.0,9.4,0,Fair,Rented,East,Active,Non-Defaulted,0,Fair,Upper-Middle Income,Very High DTI
CUST100202,Male,21,High School,Self-Employed,Married,1,1528700.0,705.0,1,LOAN500202,Personal,316000.0,36,10.22,10229.1,9.23,0.5,0,Good,Rented,West,Active,Non-Defaulted,0,Good,High Income,Low DTI
CUST100203,Male,44,Graduate,Salaried,Single,0,354500.0,737.0,0,LOAN500203,Home,3183000.0,240,6.5,23731.59,75.0,6.7,0,Good,Rented,South,Closed,Non-Defaulted,0,Good,Low Income,Very High DTI
CUST100204,Female,53,Graduate,Salaried,Single,4,665500.0,701.0,0,LOAN500204,Home,4902000.0,300,8.21,38518.89,69.46,23.4,0,Good,Owned,South,Closed,Non-Defaulted,0,Good,Lower-Middle Income,Very High DTI
CUST100205,Female,36,Graduate,Salaried,Single,0,597700.0,714.0,0,LOAN500205,Home,4989000.0,180,7.53,46333.74,75.0,7.0,1,Good,Owned,North,Active,Non-Defaulted,0,Good,Lower-Middle Income,Very High DTI
CUST100206,Male,48,Graduate,Business,Married,2,1000600.0,666.0,2,LOAN500206,Personal,631000.0,12,11.7,55975.07,72.83,11.5,0,Fair,Rented,East,Active,Non-Defaulted,0,Fair,High Income,Very High DTI
CUST100207,Male,56,Post Graduate,Business,Married,2,901100.0,725.0,1,LOAN500207,Education,666000.0,60,8.31,13603.1,25.16,16.6,0,Good,Rented,South,Active,Non-Defaulted,0,Good,Upper-Middle Income,Moderate DTI
CUST100208,Female,52,High School,Salaried,Married,1,576200.0,794.0,2,LOAN500208,Home,2725000.0,120,6.5,30941.82,75.0,23.1,1,Good,Rented,South,Active,Non-Defaulted,0,Very Good,Lower-Middle Income,Very High DTI
CUST100209,Male,56,Post Graduate,Self-Employed,Single,2,526000.0,739.0,2,LOAN500209,Business,1199000.0,84,9.88,19830.56,60.15,28.2,0,Good,Family,South,Active,Non-Defaulted,0,Good,Lower-Middle Income,Very High DTI
CUST100210,Male,46,Graduate,Business,Married,0,475400.0,747.0,2,LOAN500210,Business,2960000.0,12,10.62,261085.34,75.0,16.4,0,Excellent,Rented,East,Closed,Non-Defaulted,0,Very Good,Lower-Middle Income,Very High DTI
CUST100211,Male,39,Graduate,Salaried,Married,2,1096600.0,711.0,0,LOAN500211,Personal,581000.0,48,10.88,14982.41,16.4,8.7,0,Good,Rented,East,Closed,Non-Defaulted,0,Good,High Income,Low DTI
CUST100212,Female,21,Graduate,Salaried,Single,1,850800.0,585.0,0,LOAN500212,Business,1457000.0,24,12.71,69070.14,75.0,0.5,0,Poor,Mortgaged,South,Defaulted,Defaulted,1,Fair,Upper-Middle Income,Very High DTI
CUST100213,Female,35,Graduate,Self-Employed,Married,4,1009800.0,617.0,4,LOAN500213,Auto,170000.0,48,10.41,4345.19,22.52,5.0,0,Fair,Rented,North,Active,Non-Defaulted,0,Fair,High Income,Moderate DTI
CUST100214,Male,29,Post Graduate,Business,Married,2,700000.0,722.0,2,LOAN500214,Home,2842000.0,120,7.44,33646.11,67.98,7.7,1,Good,Rented,East,Active,Non-Defaulted,0,Good,Lower-Middle Income,Very High DTI
CUST100215,Female,62,Graduate,Business,Married,4,592800.0,689.0,2,LOAN500215,Home,4928000.0,180,8.75,49252.83,75.0,27.9,0,Good,Mortgaged,Central,Defaulted,Defaulted,1,Good,Lower-Middle Income,Very High DTI
CUST100216,Male,36,Graduate,Salaried,Married,0,406700.0,721.0,0,LOAN500216,Home,2854000.0,180,6.71,25192.07,74.33,4.3,1,Good,Rented,West,Active,Non-Defaulted,0,Good,Lower-Middle Income,Very High DTI
CUST100217,Male,39,Graduate,Salaried,Married,1,810800.0,807.0,1,LOAN500217,Home,1321000.0,120,6.5,14999.69,29.95,12.9,0,Excellent,Owned,Central,Active,Non-Defaulted,0,Excellent,Upper-Middle Income,Moderate DTI
CUST100218,Female,44,Professional,Salaried,Married,0,414300.0,741.0,2,LOAN500218,Auto,186000.0,36,7.1,5751.65,29.72,13.0,0,Excellent,Rented,North,Active,Non-Defaulted,0,Very Good,Lower-Middle Income,Moderate DTI
CUST100219,Female,38,Graduate,Salaried,Married,0,1657600.0,778.0,0,LOAN500219,Personal,316000.0,60,10.34,6767.05,5.0,15.9,0,Excellent,Owned,South,Closed,Non-Defaulted,0,Very Good,High Income,Low DTI
CUST100220,Female,57,Professional,Salaried,Married,0,364300.0,697.0,1,LOAN500220,Auto,1665000.0,24,8.15,75417.4,75.0,28.9,0,Good,Mortgaged,East,Closed,Non-Defaulted,0,Good,Low Income,Very High DTI
CUST100221,Female,31,Graduate,Self-Employed,Single,2,741200.0,633.0,1,LOAN500221,Personal,797000.0,60,14.59,18789.48,33.6,4.0,1,Fair,Rented,South,Active,Non-Defaulted,0,Fair,Upper-Middle Income,Moderate DTI
CUST100222,Female,40,High School,Salaried,Married,0,1447900.0,686.0,0,LOAN500222,Personal,759000.0,12,11.36,67209.2,55.7,14.4,0,Good,Owned,North,Active,Non-Defaulted,0,Good,High Income,Very High DTI
CUST100223,Male,30,High School,Business,Single,1,1083200.0,634.0,0,LOAN500223,Auto,1354000.0,24,8.43,61503.64,68.14,5.7,1,Fair,Mortgaged,South,Closed,Non-Defaulted,0,Fair,High Income,Very High DTI
CUST100224,Male,23,Graduate,Salaried,Married,3,742500.0,799.0,0,LOAN500224,Auto,1071000.0,48,6.74,25517.43,41.24,1.1,0,Excellent,Owned,South,Closed,Non-Defaulted,0,Very Good,Upper-Middle Income,High DTI
CUST100225,Male,31,High School,Self-Employed,Married,2,408300.0,745.0,0,LOAN500225,Home,3158000.0,120,7.83,38032.17,75.0,7.7,0,Excellent,Rented,South,Active,Non-Defaulted,0,Very Good,Lower-Middle Income,Very High DTI
CUST100226,Male,38,High School,Salaried,Married,1,351600.0,726.0,1,LOAN500226,Personal,454000.0,36,9.82,14610.97,60.92,10.9,3,Fair,Rented,Central,Active,Non-Defaulted,0,Good,Low Income,Very High DTI
CUST100227,Female,33,Professional,Salaried,Married,1,987700.0,777.0,0,LOAN500227,Business,2180000.0,60,7.97,44171.25,53.67,3.5,0,Excellent,Family,South,Active,Non-Defaulted,0,Very Good,Upper-Middle Income,Very High DTI
CUST100228,Male,30,Post Graduate,Salaried,Single,1,1406300.0,549.0,0,LOAN500228,Auto,841000.0,24,10.73,39091.85,33.36,6.7,0,Poor,Rented,North,Active,Non-Defaulted,0,Poor,High Income,Moderate DTI
CUST100229,Female,23,Post Graduate,Unemployed,Married,0,221100.0,731.0,3,LOAN500229,Personal,552000.0,60,9.9,11701.23,75.0,2.0,0,Good,Rented,North,Closed,Non-Defaulted,0,Good,Low Income,Very High DTI
CUST100230,Female,37,High School,Business,Single,2,470300.0,598.0,1,LOAN500230,Home,1047000.0,180,7.59,9759.44,28.95,5.8,1,Poor,Owned,West,Active,Non-Defaulted,0,Fair,Lower-Middle Income,Moderate DTI
CUST100231,Female,21,High School,Salaried,Single,1,209700.0,689.0,1,LOAN500231,Home,1696000.0,180,6.5,14773.98,75.0,0.5,0,Good,Mortgaged,West,Active,Non-Defaulted,0,Good,Low Income,Very High DTI
CUST100232,Male,46,High School,Salaried,Married,3,426200.0,668.0,2,LOAN500232,Personal,677000.0,36,11.91,22457.0,75.0,16.4,1,Fair,Mortgaged,North,Defaulted,Defaulted,1,Fair,Lower-Middle Income,Very High DTI
CUST100233,Female,39,Post Graduate,Business,Single,2,769400.0,736.0,3,LOAN500233,Auto,1641000.0,60,8.27,33486.01,67.32,6.5,1,Good,Rented,South,Active,Non-Defaulted,0,Good,Upper-Middle Income,Very High DTI
CUST100234,Male,22,Professional,Salaried,Married,2,1470500.0,706.0,0,LOAN500234,Education,855000.0,60,8.09,17373.17,14.18,1.6,0,Good,Rented,West,Active,Non-Defaulted,0,Good,High Income,Low DTI
CUST100235,Male,35,Graduate,Salaried,Married,1,942800.0,784.0,1,LOAN500235,Auto,202000.0,48,6.62,4801.61,9.77,4.0,0,Excellent,Owned,South,Closed,Non-Defaulted,0,Very Good,Upper-Middle Income,Low DTI
CUST100236,Female,30,High School,Self-Employed,Divorced,0,752500.0,648.0,1,LOAN500236,Personal,745000.0,48,12.22,19699.28,34.48,3.2,0,Fair,Owned,Central,Active,Non-Defaulted,0,Fair,Upper-Middle Income,Moderate DTI
CUST100237,Male,42,Graduate,Unemployed,Married,2,225300.0,740.0,0,LOAN500237,Education,1083000.0,60,7.07,21480.48,75.0,7.2,0,Excellent,Mortgaged,East,Active,Non-Defaulted,0,Very Good,Low Income,Very High DTI
CUST100238,Male,53,Graduate,Salaried,Single,1,515900.0,701.0,2,LOAN500238,Home,2363000.0,240,7.94,19676.93,58.99,19.6,0,Good,Owned,North,Active,Non-Defaulted,0,Good,Lower-Middle Income,Very High DTI
CUST100239,Female,21,Graduate,Salaried,Single,0,1340100.0,576.0,4,LOAN500239,Business,1875000.0,84,12.64,33744.03,48.84,0.7,0,Poor,Rented,Central,Closed,Non-Defaulted,0,Poor,High Income,High DTI
CUST100240,Male,39,Graduate,Business,Married,0,894700.0,626.0,3,LOAN500240,Personal,372000.0,60,12.96,8456.53,19.82,9.7,0,Fair,Rented,South,Closed,Non-Defaulted,0,Fair,Upper-Middle Income,Low DTI
CUST100241,Female,36,Post Graduate,Salaried,Married,0,248800.0,680.0,0,LOAN500241,Home,2594000.0,300,8.14,20262.08,75.0,7.0,0,Good,Rented,South,Defaulted,Defaulted,1,Good,Low Income,Very High DTI
CUST100242,Female,45,High School,Salaried,Married,2,494000.0,768.0,0,LOAN500242,Auto,1613000.0,72,9.4,29396.44,71.41,19.4,1,Good,Owned,South,Active,Non-Defaulted,0,Very Good,Lower-Middle Income,Very High DTI
CUST100243,Female,40,High School,Self-Employed,Married,0,430500.0,722.0,3,LOAN500243,Personal,171000.0,48,9.68,4310.77,57.81,5.9,0,Good,Family,West,Active,Non-Defaulted,0,Good,Lower-Middle Income,Very High DTI
CUST100244,Male,30,Professional,Business,Single,1,625100.0,608.0,1,LOAN500244,Education,245000.0,84,9.66,4024.38,14.31,4.3,0,Fair,Owned,North,Active,Non-Defaulted,0,Fair,Lower-Middle Income,Low DTI
CUST100245,Male,34,High School,Salaried,Married,1,894200.0,680.0,0,LOAN500245,Auto,155000.0,48,10.24,3949.09,5.3,3.9,0,Good,Mortgaged,South,Active,Non-Defaulted,0,Good,Upper-Middle Income,Low DTI
CUST100246,Female,29,High School,Unemployed,Married,2,259300.0,831.0,2,LOAN500246,Personal,286000.0,60,9.39,5991.17,75.0,2.3,0,Excellent,Rented,North,Closed,Non-Defaulted,0,Excellent,Low Income,Very High DTI
CUST100247,Male,50,High School,Self-Employed,Single,3,626500.0,698.0,0,LOAN500247,Auto,393000.0,48,8.31,9651.57,18.49,14.4,0,Good,Owned,West,Defaulted,Defaulted,1,Good,Lower-Middle Income,Low DTI
CUST100248,Female,38,High School,Salaried,Single,3,1282100.0,667.0,0,LOAN500248,Home,1490000.0,120,7.22,17469.58,16.35,6.8,3,Fair,Owned,South,Closed,Non-Defaulted,0,Fair,High Income,Low DTI
CUST100249,Female,59,Graduate,Unemployed,Single,1,195400.0,724.0,2,LOAN500249,Personal,58000.0,12,10.44,5111.0,75.0,16.6,0,Good,Owned,South,Active,Non-Defaulted,0,Good,Low Income,Very High DTI
CUST100250,Female,37,Post Graduate,Salaried,Single,0,1670000.0,743.0,0,LOAN500250,Business,836000.0,48,9.21,20887.36,15.01,13.3,0,Excellent,Rented,East,Active,Non-Defaulted,0,Very Good,High Income,Low DTI
CUST100251,Male,30,Graduate,Salaried,Married,1,494500.0,658.0,0,LOAN500251,Business,1132000.0,60,9.46,23751.99,57.64,3.6,0,Fair,Rented,West,Active,Non-Defaulted,0,Fair,Lower-Middle Income,Very High DTI
CUST100252,Male,21,Graduate,Salaried,Single,2,712400.0,725.0,0,LOAN500252,Personal,74000.0,48,11.62,1934.93,5.0,0.8,0,Good,Rented,West,Active,Non-Defaulted,0,Good,Upper-Middle Income,Low DTI
CUST100253,Female,21,Post Graduate,Salaried,Single,2,596300.0,667.0,1,LOAN500253,Home,3236000.0,300,6.5,21849.7,54.5,0.7,0,Fair,Rented,South,Active,Non-Defaulted,0,Fair,Lower-Middle Income,Very High DTI
CUST100254,Male,21,Graduate,Salaried,Single,2,724200.0,740.0,0,LOAN500254,Home,3060000.0,120,6.5,34745.68,57.57,0.5,0,Excellent,Mortgaged,West,Closed,Non-Defaulted,0,Very Good,Upper-Middle Income,Very High DTI
CUST100255,Male,41,Post Graduate,Salaried,Divorced,0,844900.0,702.0,1,LOAN500255,Education,236000.0,120,8.43,2917.23,9.2,12.7,0,Good,Owned,South,Active,Non-Defaulted,0,Good,Upper-Middle Income,Low DTI
CUST100256,Female,44,Post Graduate,Salaried,Married,2,840500.0,724.0,1,LOAN500256,Business,1866000.0,60,11.91,41423.32,61.91,12.9,0,Good,Owned,North,Active,Non-Defaulted,0,Good,Upper-Middle Income,Very High DTI
CUST100257,Female,21,High School,Business,Single,0,566000.0,637.0,2,LOAN500257,Home,4994000.0,240,8.13,42176.77,75.0,0.3,0,Fair,Rented,West,Overdue,Defaulted,1,Fair,Lower-Middle Income,Very High DTI
CUST100258,Female,48,Post Graduate,Self-Employed,Single,2,379200.0,633.0,0,LOAN500258,Education,1422000.0,84,10.42,23916.62,75.0,23.5,0,Fair,Owned,East,Closed,Non-Defaulted,0,Fair,Low Income,Very High DTI
CUST100259,Female,33,Graduate,Unemployed,Single,1,907800.0,756.0,2,LOAN500259,Home,512000.0,240,6.5,3817.33,11.28,8.1,0,Excellent,Family,East,Active,Non-Defaulted,0,Very Good,Upper-Middle Income,Low DTI
CUST100260,Male,40,Professional,Salaried,Married,2,541000.0,684.0,0,LOAN500260,Home,4079000.0,240,8.26,34781.37,75.0,16.4,0,Good,Owned,Central,Closed,Non-Defaulted,0,Good,Lower-Middle Income,Very High DTI
CUST100261,Female,56,Graduate,Salaried,Single,0,954700.0,710.0,1,LOAN500261,Business,1190000.0,48,12.97,31907.0,47.23,28.3,0,Good,Rented,East,Active,Non-Defaulted,0,Good,Upper-Middle Income,High DTI
CUST100262,Female,48,Professional,Salaried,Married,1,315500.0,669.0,1,LOAN500262,Home,786000.0,300,8.15,6144.78,32.01,8.5,1,Fair,Family,North,Active,Non-Defaulted,0,Fair,Low Income,Moderate DTI
CUST100263,Male,35,Post Graduate,Salaried,Married,2,596800.0,753.0,0,LOAN500263,Home,1832000.0,180,6.5,15958.69,32.09,5.8,1,Good,Mortgaged,Central,Active,Non-Defaulted,0,Very Good,Lower-Middle Income,Moderate DTI
CUST100264,Male,28,Graduate,Salaried,Married,0,642100.0,647.0,2,LOAN500264,Auto,681000.0,24,7.12,30527.19,69.69,2.8,0,Fair,Rented,South,Closed,Non-Defaulted,0,Fair,Lower-Middle Income,Very High DTI
CUST100265,Female,21,Graduate,Business,Single,2,1019500.0,681.0,0,LOAN500265,Personal,442000.0,24,12.14,20835.38,24.52,0.8,0,Good,Mortgaged,East,Active,Non-Defaulted,0,Good,High Income,Moderate DTI
CUST100266,Female,30,Professional,Business,Married,2,219900.0,745.0,0,LOAN500266,Home,3475000.0,240,6.5,25908.67,75.0,8.1,0,Excellent,Mortgaged,South,Active,Non-Defaulted,0,Very Good,Low Income,Very High DTI
CUST100267,Female,36,Post Graduate,Unemployed,Married,2,295700.0,772.0,1,LOAN500267,Business,2297000.0,36,8.15,72138.69,75.0,9.5,0,Excellent,Owned,South,Active,Non-Defaulted,0,Very Good,Low Income,Very High DTI
CUST100268,Female,27,High School,Salaried,Single,1,393000.0,653.0,1,LOAN500268,Auto,556000.0,72,9.98,10294.76,40.02,2.2,1,Fair,Rented,West,Active,Non-Defaulted,0,Fair,Low Income,High DTI
CUST100269,Male,37,Post Graduate,Business,Married,1,949400.0,827.0,0,LOAN500269,Education,550000.0,36,6.5,16856.95,21.31,5.7,0,Excellent,Owned,South,Active,Non-Defaulted,0,Excellent,Upper-Middle Income,Moderate DTI
CUST100270,Male,39,Graduate,Salaried,Single,2,415000.0,712.0,0,LOAN500270,Personal,281000.0,60,10.79,6080.23,17.58,14.8,1,Good,Owned,East,Active,Non-Defaulted,0,Good,Lower-Middle Income,Low DTI
CUST100271,Female,36,High School,Salaried,Single,1,452700.0,617.0,0,LOAN500271,Home,2132000.0,120,9.34,27401.14,72.63,13.7,0,Fair,Family,West,Active,Non-Defaulted,0,Fair,Lower-Middle Income,Very High DTI
CUST100272,Female,31,Graduate,Business,Single,2,712500.0,716.0,1,LOAN500272,Business,2999000.0,48,9.21,74929.65,75.0,4.2,0,Good,Mortgaged,South,Active,Non-Defaulted,0,Good,Upper-Middle Income,Very High DTI
CUST100273,Female,40,High School,Self-Employed,Married,1,392200.0,663.0,1,LOAN500273,Home,4001000.0,120,6.5,45430.55,75.0,5.1,0,Fair,Mortgaged,East,Active,Non-Defaulted,0,Fair,Low Income,Very High DTI
CUST100274,Female,43,Post Graduate,Salaried,Married,0,543200.0,720.0,0,LOAN500274,Personal,781000.0,12,11.2,69098.96,75.0,10.7,3,Fair,Family,West,Overdue,Defaulted,1,Good,Lower-Middle Income,Very High DTI
CUST100275,Male,26,Graduate,Salaried,Divorced,0,384900.0,687.0,0,LOAN500275,Home,3619000.0,180,8.09,34773.34,75.0,1.6,0,Good,Mortgaged,West,Closed,Non-Defaulted,0,Good,Low Income,Very High DTI
CUST100276,Male,54,Post Graduate,Salaried,Single,0,283100.0,695.0,1,LOAN500276,Home,2328000.0,300,6.61,15879.21,75.0,26.8,0,Good,Mortgaged,East,Active,Non-Defaulted,0,Good,Low Income,Very High DTI
CUST100277,Female,37,High School,Self-Employed,Divorced,1,1059500.0,626.0,2,LOAN500277,Personal,342000.0,36,11.8,11326.65,25.12,9.7,0,Fair,Rented,South,Closed,Non-Defaulted,0,Fair,High Income,Moderate DTI
CUST100278,Female,38,Graduate,Salaried,Single,2,366400.0,759.0,2,LOAN500278,Business,1568000.0,24,8.04,70945.0,75.0,12.0,1,Good,Mortgaged,South,Active,Non-Defaulted,0,Very Good,Low Income,Very High DTI
CUST100279,Female,46,Graduate,Unemployed,Married,2,250600.0,609.0,2,LOAN500279,Business,1367000.0,60,12.55,30789.46,75.0,13.5,0,Fair,Owned,South,Defaulted,Defaulted,1,Fair,Low Income,Very High DTI
CUST100280,Female,41,High School,Salaried,Single,0,979600.0,693.0,0,LOAN500280,Auto,1517000.0,48,11.7,39725.34,48.66,10.0,0,Fair,Mortgaged,South,Closed,Non-Defaulted,0,Good,Upper-Middle Income,High DTI
CUST100281,Female,48,High School,Salaried,Single,4,508100.0,716.0,3,LOAN500281,Education,751000.0,84,9.54,12289.72,68.75,11.0,0,Good,Rented,West,Active,Non-Defaulted,0,Good,Lower-Middle Income,Very High DTI
CUST100282,Male,41,High School,Salaried,Married,1,459300.0,802.0,1,LOAN500282,Education,514000.0,60,6.97,10170.54,39.16,15.8,1,Good,Owned,North,Active,Non-Defaulted,0,Excellent,Lower-Middle Income,High DTI
CUST100283,Male,31,Graduate,Salaried,Single,3,760800.0,665.0,4,LOAN500283,Auto,1429000.0,48,9.55,35935.09,70.52,7.7,0,Fair,Mortgaged,Central,Closed,Non-Defaulted,0,Fair,Upper-Middle Income,Very High DTI
CUST100284,Male,42,Graduate,Salaried,Married,2,1167200.0,739.0,0,LOAN500284,Personal,691000.0,60,9.57,14535.94,14.94,10.7,0,Good,Mortgaged,West,Active,Non-Defaulted,0,Good,High Income,Low DTI
CUST100285,Female,25,Graduate,Self-Employed,Married,2,370800.0,765.0,1,LOAN500285,Personal,365000.0,48,10.3,9310.02,35.37,2.3,0,Excellent,Owned,South,Active,Non-Defaulted,0,Very Good,Low Income,High DTI
CUST100286,Male,39,Graduate,Business,Married,0,756000.0,747.0,1,LOAN500286,Personal,551000.0,48,9.17,13756.18,29.28,4.8,0,Excellent,Rented,North,Closed,Non-Defaulted,0,Very Good,Upper-Middle Income,Moderate DTI
CUST100287,Male,38,Post Graduate,Business,Married,0,353700.0,668.0,1,LOAN500287,Personal,94000.0,60,11.55,2069.67,23.31,5.2,0,Fair,Owned,West,Active,Non-Defaulted,0,Fair,Low Income,Moderate DTI
CUST100288,Male,36,Professional,Business,Married,0,672800.0,614.0,2,LOAN500288,Personal,447000.0,12,13.72,40075.98,75.0,10.5,0,Fair,Rented,West,Active,Non-Defaulted,0,Fair,Lower-Middle Income,Very High DTI
CUST100289,Male,37,Graduate,Business,Single,2,825900.0,535.0,2,LOAN500289,Home,702000.0,180,10.88,7926.09,18.13,9.9,0,Poor,Mortgaged,Central,Active,Non-Defaulted,0,Poor,Upper-Middle Income,Low DTI
CUST100290,Female,21,Graduate,Salaried,Married,1,452800.0,672.0,4,LOAN500290,Personal,72000.0,48,12.17,1902.05,50.91,0.5,0,Fair,Owned,South,Active,Non-Defaulted,0,Good,Lower-Middle Income,Very High DTI
CUST100291,Male,32,High School,Business,Married,2,652500.0,772.0,1,LOAN500291,Personal,510000.0,24,10.22,23585.73,47.61,9.5,0,Excellent,Owned,North,Active,Non-Defaulted,0,Very Good,Lower-Middle Income,High DTI
CUST100292,Male,39,Professional,Salaried,Single,1,347200.0,611.0,1,LOAN500292,Home,1865000.0,240,7.97,15564.8,73.7,11.0,0,Fair,Owned,Central,Active,Non-Defaulted,0,Fair,Low Income,Very High DTI
CUST100293,Female,40,High School,Salaried,Single,3,708200.0,739.0,0,LOAN500293,Personal,607000.0,36,10.54,19740.43,33.45,10.0,2,Fair,Owned,South,Defaulted,Defaulted,1,Good,Upper-Middle Income,Moderate DTI
CUST100294,Male,27,Graduate,Salaried,Married,0,1132900.0,623.0,4,LOAN500294,Education,1355000.0,36,11.07,44405.89,55.21,2.5,0,Fair,Rented,West,Closed,Non-Defaulted,0,Fair,High Income,Very High DTI
CUST100295,Male,52,Graduate,Salaried,Married,0,403100.0,697.0,1,LOAN500295,Personal,155000.0,60,10.91,3363.12,16.98,25.1,0,Good,Rented,North,Active,Non-Defaulted,0,Good,Lower-Middle Income,Low DTI
CUST100296,Male,28,Graduate,Salaried,Married,1,506200.0,740.0,2,LOAN500296,Education,1114000.0,36,7.98,34898.43,75.0,5.0,0,Excellent,Owned,West,Closed,Non-Defaulted,0,Very Good,Lower-Middle Income,Very High DTI
CUST100297,Female,49,High School,Unemployed,Single,1,347500.0,644.0,1,LOAN500297,Business,1641000.0,84,10.74,27874.09,75.0,9.0,0,Fair,Rented,North,Overdue,Defaulted,1,Fair,Low Income,Very High DTI
CUST100298,Male,43,Post Graduate,Salaried,Married,1,1221200.0,702.0,1,LOAN500298,Auto,335000.0,60,7.88,6773.37,11.39,15.5,0,Good,Family,West,Active,Non-Defaulted,0,Good,High Income,Low DTI
CUST100299,Female,31,High School,Salaried,Single,2,333300.0,661.0,3,LOAN500299,Auto,1225000.0,36,8.13,38460.56,75.0,5.8,2,Fair,Owned,East,Closed,Non-Defaulted,0,Fair,Low Income,Very High DTI
CUST100300,Male,58,Graduate,Salaried,Married,0,629400.0,739.0,0,LOAN500300,Business,1907000.0,36,9.52,61104.67,75.0,9.1,0,Good,Mortgaged,Central,Active,Non-Defaulted,0,Good,Lower-Middle Income,Very High DTI
CUST100301,Male,25,High School,Salaried,Married,1,781900.0,706.0,0,LOAN500301,Personal,437000.0,24,10.67,20300.74,31.16,4.2,0,Good,Rented,North,Active,Non-Defaulted,0,Good,Upper-Middle Income,Moderate DTI
CUST100302,Male,48,High School,Salaried,Single,3,649900.0,694.0,0,LOAN500302,Business,2794000.0,48,8.83,69303.49,75.0,17.9,0,Good,Owned,South,Active,Non-Defaulted,0,Good,Lower-Middle Income,Very High DTI
CUST100303,Male,49,Professional,Salaried,Married,0,207900.0,799.0,2,LOAN500303,Education,830000.0,84,9.72,13659.2,75.0,21.0,0,Excellent,Rented,North,Active,Non-Defaulted,0,Very Good,Low Income,Very High DTI
CUST100304,Female,31,High School,Salaried,Divorced,4,868100.0,736.0,0,LOAN500304,Auto,1784000.0,36,6.51,54685.94,75.0,3.2,0,Good,Family,Central,Active,Non-Defaulted,0,Good,Upper-Middle Income,Very High DTI
CUST100305,Female,53,Post Graduate,Salaried,Married,4,1415200.0,642.0,0,LOAN500305,Home,2792000.0,240,8.01,23370.79,19.82,20.3,1,Fair,Owned,East,Active,Non-Defaulted,0,Fair,High Income,Low DTI
CUST100306,Female,35,Graduate,Business,Married,0,859300.0,684.0,0,LOAN500306,Home,1021000.0,180,7.45,9435.81,13.18,11.1,0,Good,Rented,East,Closed,Non-Defaulted,0,Good,Upper-Middle Income,Low DTI
CUST100307,Male,41,High School,Self-Employed,Married,1,396200.0,685.0,1,LOAN500307,Auto,926000.0,72,7.94,16208.67,55.77,12.0,0,Good,Mortgaged,North,Active,Non-Defaulted,0,Good,Low Income,Very High DTI
CUST100308,Male,41,Professional,Salaried,Married,1,533500.0,696.0,1,LOAN500308,Auto,451000.0,36,8.18,14170.18,42.52,13.4,1,Good,Owned,East,Active,Non-Defaulted,0,Good,Lower-Middle Income,High DTI
CUST100309,Female,37,Graduate,Salaried,Single,2,1596100.0,850.0,0,LOAN500309,Auto,1135000.0,36,6.5,34786.62,26.15,14.2,0,Excellent,Mortgaged,South,Active,Non-Defaulted,0,Excellent,High Income,Moderate DTI
CUST100310,Male,47,Post Graduate,Salaried,Single,2,1056300.0,716.0,3,LOAN500310,Personal,570000.0,24,11.54,26709.6,39.97,10.2,0,Good,Owned,South,Active,Non-Defaulted,0,Good,High Income,High DTI
CUST100311,Male,47,High School,Self-Employed,Single,2,883800.0,547.0,3,LOAN500311,Home,2608000.0,180,9.83,27755.09,47.05,8.5,0,Poor,Rented,West,Defaulted,Defaulted,1,Poor,Upper-Middle Income,High DTI
CUST100312,Male,21,Post Graduate,Salaried,Married,2,809800.0,652.0,0,LOAN500312,Home,940000.0,120,8.68,11745.34,17.4,0.7,1,Fair,Owned,North,Closed,Non-Defaulted,0,Fair,Upper-Middle Income,Low DTI
CUST100313,Male,52,High School,Salaried,Married,0,496900.0,555.0,2,LOAN500313,Personal,401000.0,36,15.18,13936.17,59.56,25.1,0,Poor,Rented,East,Defaulted,Defaulted,1,Poor,Lower-Middle Income,Very High DTI
CUST100314,Female,21,Graduate,Business,Married,3,737900.0,667.0,1,LOAN500314,Personal,111000.0,36,11.41,3655.59,14.77,0.8,1,Fair,Mortgaged,West,Active,Non-Defaulted,0,Fair,Upper-Middle Income,Low DTI
CUST100315,Female,49,Post Graduate,Salaried,Married,2,657400.0,551.0,0,LOAN500315,Personal,562000.0,24,14.56,27132.16,49.53,9.1,0,Poor,Mortgaged,Central,Closed,Non-Defaulted,0,Poor,Lower-Middle Income,High DTI
CUST100316,Female,50,Professional,Salaried,Married,2,888500.0,629.0,0,LOAN500316,Home,4057000.0,180,9.91,43373.63,58.58,23.7,0,Fair,Owned,West,Active,Non-Defaulted,0,Fair,Upper-Middle Income,Very High DTI
CUST100317,Male,26,Professional,Salaried,Married,3,1408200.0,584.0,1,LOAN500317,Home,4831000.0,180,9.06,49171.8,46.57,4.2,0,Poor,Mortgaged,South,Active,Non-Defaulted,0,Fair,High Income,High DTI
CUST100318,Male,33,Post Graduate,Business,Married,2,1389800.0,717.0,1,LOAN500318,Personal,162000.0,60,11.49,3561.99,6.26,4.0,0,Good,Owned,East,Active,Non-Defaulted,0,Good,High Income,Low DTI
CUST100319,Male,26,Post Graduate,Business,Married,0,411100.0,690.0,0,LOAN500319,Business,1691000.0,60,9.91,35853.91,75.0,4.5,0,Good,Rented,North,Closed,Non-Defaulted,0,Good,Lower-Middle Income,Very High DTI
CUST100320,Male,36,High School,Self-Employed,Married,1,723800.0,711.0,2,LOAN500320,Education,895000.0,36,9.9,28837.13,58.86,5.9,0,Good,Owned,North,Overdue,Defaulted,1,Good,Upper-Middle Income,Very High DTI
CUST100321,Male,35,Graduate,Salaried,Single,1,972100.0,683.0,1,LOAN500321,Auto,1672000.0,48,8.01,40826.26,54.28,6.1,0,Good,Rented,East,Active,Non-Defaulted,0,Good,Upper-Middle Income,Very High DTI
CUST100322,Female,47,Graduate,Salaried,Divorced,0,918600.0,592.0,1,LOAN500322,Personal,520000.0,48,13.75,14144.64,23.53,13.7,0,Poor,Owned,Central,Active,Non-Defaulted,0,Fair,Upper-Middle Income,Moderate DTI
CUST100323,Female,52,Graduate,Unemployed,Single,4,201800.0,726.0,0,LOAN500323,Auto,390000.0,36,8.73,12352.95,73.46,14.5,1,Good,Rented,North,Active,Non-Defaulted,0,Good,Low Income,Very High DTI
CUST100324,Male,53,Graduate,Unemployed,Single,0,1105700.0,825.0,1,LOAN500324,Home,2464000.0,240,6.5,18370.92,23.84,15.1,1,Good,Rented,North,Closed,Non-Defaulted,0,Excellent,High Income,Moderate DTI
CUST100325,Female,32,Graduate,Salaried,Married,2,369700.0,719.0,0,LOAN500325,Business,2033000.0,60,9.19,42389.45,75.0,4.3,0,Good,Mortgaged,East,Active,Non-Defaulted,0,Good,Low Income,Very High DTI
CUST100326,Female,36,High School,Business,Single,1,483100.0,660.0,1,LOAN500326,Auto,1305000.0,48,8.21,31987.66,75.0,7.1,1,Fair,Rented,South,Active,Non-Defaulted,0,Fair,Lower-Middle Income,Very High DTI
CUST100327,Female,21,Post Graduate,Salaried,Married,0,763500.0,590.0,2,LOAN500327,Auto,1574000.0,48,11.26,40879.88,75.0,0.3,0,Poor,Mortgaged,East,Defaulted,Defaulted,1,Fair,Upper-Middle Income,Very High DTI
CUST100328,Female,29,High School,Salaried,Single,3,1885300.0,626.0,2,LOAN500328,Education,353000.0,84,9.06,5690.2,7.25,5.0,0,Fair,Rented,South,Closed,Non-Defaulted,0,Fair,High Income,Low DTI
CUST100329,Male,49,Graduate,Self-Employed,Married,3,435100.0,722.0,1,LOAN500329,Personal,764000.0,60,11.03,16622.64,59.33,21.7,0,Good,Rented,North,Active,Non-Defaulted,0,Good,Lower-Middle Income,Very High DTI
CUST100330,Male,56,Graduate,Salaried,Single,1,600700.0,765.0,2,LOAN500330,Personal,94000.0,48,10.66,2413.99,12.65,29.2,1,Good,Rented,East,Active,Non-Defaulted,0,Very Good,Lower-Middle Income,Low DTI
CUST100331,Male,24,Post Graduate,Business,Married,0,1362700.0,708.0,3,LOAN500331,Auto,1773000.0,24,8.23,80374.1,75.0,3.1,0,Good,Rented,Central,Active,Non-Defaulted,0,Good,High Income,Very High DTI
CUST100332,Female,31,Post Graduate,Salaried,Married,0,676700.0,746.0,1,LOAN500332,Personal,693000.0,24,11.55,32476.48,66.64,5.7,0,Excellent,Rented,West,Active,Non-Defaulted,0,Very Good,Lower-Middle Income,Very High DTI
CUST100333,Male,38,Graduate,Salaried,Married,1,581200.0,740.0,0,LOAN500333,Personal,545000.0,24,8.46,24763.37,51.13,13.0,0,Excellent,Rented,West,Closed,Non-Defaulted,0,Very Good,Lower-Middle Income,Very High DTI
CUST100334,Male,41,High School,Business,Married,0,1065900.0,725.0,1,LOAN500334,Auto,1363000.0,48,8.36,33505.62,42.58,9.2,0,Good,Owned,South,Closed,Non-Defaulted,0,Good,High Income,High DTI
CUST100335,Male,29,Graduate,Business,Divorced,1,926000.0,644.0,0,LOAN500335,Personal,105000.0,48,11.93,2761.45,5.0,2.6,0,Fair,Rented,Central,Active,Non-Defaulted,0,Fair,Upper-Middle Income,Low DTI
CUST100336,Male,43,High School,Salaried,Single,4,1119200.0,702.0,2,LOAN500336,Auto,218000.0,72,6.66,3681.19,12.21,15.9,0,Good,Mortgaged,South,Active,Non-Defaulted,0,Good,High Income,Low DTI
CUST100337,Female,33,Graduate,Salaried,Married,2,1268600.0,631.0,1,LOAN500337,Business,485000.0,12,10.36,42720.45,42.63,8.7,0,Fair,Rented,Central,Active,Non-Defaulted,0,Fair,High Income,High DTI
CUST100338,Female,38,Graduate,Self-Employed,Married,3,753200.0,691.0,1,LOAN500338,Home,893000.0,120,8.83,11230.15,22.58,13.9,1,Good,Rented,East,Active,Non-Defaulted,0,Good,Upper-Middle Income,Moderate DTI
CUST100339,Male,44,High School,Salaried,Married,2,785100.0,713.0,0,LOAN500339,Personal,461000.0,36,11.5,15201.94,23.24,15.6,0,Good,Rented,South,Active,Non-Defaulted,0,Good,Upper-Middle Income,Moderate DTI
CUST100340,Male,38,Graduate,Unemployed,Single,1,302500.0,808.0,1,LOAN500340,Personal,212000.0,36,9.96,6836.66,39.35,6.3,0,Excellent,Rented,South,Active,Non-Defaulted,0,Excellent,Low Income,High DTI
CUST100341,Male,33,Professional,Business,Married,3,1027500.0,598.0,3,LOAN500341,Personal,695000.0,60,13.89,16131.83,35.5,10.5,0,Poor,Rented,East,Closed,Non-Defaulted,0,Fair,High Income,High DTI
CUST100342,Male,37,Professional,Salaried,Married,1,700800.0,724.0,0,LOAN500342,Personal,384000.0,60,9.31,8029.11,13.75,11.2,0,Good,Owned,North,Closed,Non-Defaulted,0,Good,Upper-Middle Income,Low DTI
CUST100343,Male,37,Graduate,Salaried,Single,3,682300.0,794.0,1,LOAN500343,Personal,572000.0,60,9.65,12055.04,27.81,13.2,0,Excellent,Owned,Central,Closed,Non-Defaulted,0,Very Good,Lower-Middle Income,Moderate DTI
CUST100344,Male,34,High School,Salaried,Married,1,1212100.0,743.0,3,LOAN500344,Home,3438000.0,240,7.42,27528.36,42.18,10.5,0,Excellent,Rented,South,Active,Non-Defaulted,0,Very Good,High Income,High DTI
CUST100345,Male,35,High School,Business,Single,0,1682200.0,748.0,1,LOAN500345,Home,1939000.0,300,6.5,13092.27,11.43,6.7,0,Excellent,Mortgaged,South,Closed,Non-Defaulted,0,Very Good,High Income,Low DTI
CUST100346,Female,56,Graduate,Salaried,Married,3,331000.0,731.0,1,LOAN500346,Auto,551000.0,48,9.0,13711.66,63.57,10.7,0,Good,Rented,South,Active,Non-Defaulted,0,Good,Low Income,Very High DTI
CUST100347,Female,44,Professional,Salaried,Married,2,685800.0,781.0,1,LOAN500347,Business,1159000.0,36,8.13,36388.39,71.7,8.8,0,Excellent,Owned,North,Active,Non-Defaulted,0,Very Good,Lower-Middle Income,Very High DTI
CUST100348,Male,35,High School,Salaried,Married,3,660950.0,614.0,1,LOAN500348,Education,1215000.0,36,10.57,39530.58,75.0,4.7,0,Fair,Rented,West,Overdue,Defaulted,1,Fair,Lower-Middle Income,Very High DTI
CUST100349,Male,46,Post Graduate,Self-Employed,Married,3,559900.0,593.0,0,LOAN500349,Home,3138000.0,300,9.42,27242.3,58.39,10.6,1,Poor,Rented,East,Closed,Non-Defaulted,0,Fair,Lower-Middle Income,Very High DTI
CUST100350,Female,34,High School,Salaried,Single,0,828000.0,690.0,0,LOAN500350,Personal,240000.0,60,12.03,5342.31,7.74,7.7,0,Good,Mortgaged,West,Closed,Non-Defaulted,0,Good,Upper-Middle Income,Low DTI
CUST100351,Male,51,Professional,Salaried,Married,1,941100.0,539.0,1,LOAN500351,Auto,1499000.0,36,10.81,48940.57,68.08,26.0,0,Poor,Owned,North,Closed,Non-Defaulted,0,Poor,Upper-Middle Income,Very High DTI
CUST100352,Female,42,Graduate,Business,Married,1,769900.0,776.0,3,LOAN500352,Home,746000.0,120,6.74,8562.06,30.74,18.0,0,Excellent,Mortgaged,Central,Closed,Non-Defaulted,0,Very Good,Upper-Middle Income,Moderate DTI
CUST100353,Female,37,Post Graduate,Business,Single,2,324300.0,775.0,0,LOAN500353,Personal,574000.0,48,10.18,14607.79,54.05,12.2,0,Excellent,Owned,South,Active,Non-Defaulted,0,Very Good,Low Income,Very High DTI
CUST100354,Male,43,Graduate,Business,Married,2,511300.0,660.0,0,LOAN500354,Education,715000.0,120,7.98,8667.37,20.34,6.1,0,Fair,Owned,Central,Closed,Non-Defaulted,0,Fair,Lower-Middle Income,Moderate DTI
CUST100355,Male,21,Graduate,Salaried,Married,1,1049500.0,664.0,1,LOAN500355,Home,3791000.0,120,9.58,49220.81,62.53,0.5,0,Fair,Owned,North,Defaulted,Defaulted,1,Fair,High Income,Very High DTI
CUST100356,Female,26,High School,Salaried,Single,2,183200.0,685.0,2,LOAN500356,Personal,746000.0,60,10.41,16001.21,75.0,4.2,1,Good,Rented,West,Active,Non-Defaulted,0,Good,Low Income,Very High DTI
CUST100357,Male,25,High School,Self-Employed,Single,2,1149300.0,694.0,0,LOAN500357,Business,2300000.0,36,12.23,76645.82,75.0,1.7,0,Good,Rented,East,Closed,Non-Defaulted,0,Good,High Income,Very High DTI
CUST100358,Female,40,Professional,Salaried,Single,0,876500.0,699.0,3,LOAN500358,Business,1438000.0,24,10.06,66396.23,75.0,15.4,0,Good,Owned,South,Closed,Non-Defaulted,0,Good,Upper-Middle Income,Very High DTI
CUST100359,Female,57,Professional,Business,Married,3,1528300.0,729.0,0,LOAN500359,Home,1179000.0,240,6.5,8790.31,6.9,31.2,0,Good,Owned,North,Defaulted,Defaulted,1,Good,High Income,Low DTI
CUST100360,Female,63,Post Graduate,Self-Employed,Married,2,590900.0,678.0,3,LOAN500360,Home,4129000.0,240,7.9,34280.08,75.0,20.6,0,Fair,Rented,East,Closed,Non-Defaulted,0,Good,Lower-Middle Income,Very High DTI
CUST100361,Male,45,Graduate,Salaried,Married,4,253700.0,756.0,1,LOAN500361,Auto,910000.0,24,6.5,40537.09,75.0,17.7,0,Excellent,Rented,North,Active,Non-Defaulted,0,Very Good,Low Income,Very High DTI
CUST100362,Female,44,Post Graduate,Business,Married,1,998900.0,721.0,1,LOAN500362,Auto,274000.0,24,6.5,12205.67,19.25,8.3,0,Good,Owned,East,Closed,Non-Defaulted,0,Good,Upper-Middle Income,Low DTI
CUST100363,Male,21,High School,Unemployed,Married,0,503400.0,648.0,1,LOAN500363,Personal,589000.0,48,11.93,15490.39,41.78,0.7,0,Fair,Mortgaged,East,Closed,Non-Defaulted,0,Fair,Lower-Middle Income,High DTI
CUST100364,Male,32,Graduate,Salaried,Married,1,1063800.0,783.0,2,LOAN500364,Auto,632000.0,60,7.08,12538.23,20.36,3.2,0,Excellent,Owned,West,Active,Non-Defaulted,0,Very Good,High Income,Moderate DTI
CUST100365,Female,29,Graduate,Salaried,Single,0,496500.0,595.0,0,LOAN500365,Business,337000.0,24,13.63,16121.5,38.96,3.1,0,Poor,Owned,Central,Closed,Non-Defaulted,0,Fair,Lower-Middle Income,High DTI
CUST100366,Male,31,Graduate,Salaried,Married,4,711500.0,684.0,0,LOAN500366,Personal,727000.0,48,10.2,18508.5,31.22,7.8,0,Good,Rented,South,Closed,Non-Defaulted,0,Good,Upper-Middle Income,Moderate DTI
CUST100367,Female,36,Graduate,Salaried,Married,0,528500.0,758.0,1,LOAN500367,Business,1553000.0,84,9.74,25573.49,68.24,11.4,0,Excellent,Family,South,Closed,Non-Defaulted,0,Very Good,Lower-Middle Income,Very High DTI
CUST100368,Female,33,High School,Salaried,Married,2,460600.0,639.0,2,LOAN500368,Business,987000.0,12,11.19,87320.19,75.0,8.7,0,Fair,Rented,South,Defaulted,Defaulted,1,Fair,Lower-Middle Income,Very High DTI
CUST100369,Male,21,Graduate,Self-Employed,Married,1,1028200.0,712.0,2,LOAN500369,Personal,587000.0,24,10.92,27337.0,45.59,0.6,0,Good,Family,West,Active,Non-Defaulted,0,Good,High Income,High DTI
CUST100370,Male,46,Post Graduate,Unemployed,Married,1,153600.0,728.0,1,LOAN500370,Education,1340000.0,36,9.37,42842.77,75.0,17.9,0,Good,Mortgaged,Central,Active,Non-Defaulted,0,Good,Low Income,Very High DTI
CUST100371,Male,26,Graduate,Salaried,Married,0,444400.0,630.0,1,LOAN500371,Personal,50000.0,60,11.85,1108.44,16.14,4.5,0,Fair,Rented,Central,Closed,Non-Defaulted,0,Fair,Lower-Middle Income,Low DTI
CUST100372,Male,41,High School,Salaried,Single,2,401800.0,685.0,0,LOAN500372,Auto,1285000.0,72,8.64,22933.89,68.49,18.4,0,Good,Owned,Central,Closed,Non-Defaulted,0,Good,Lower-Middle Income,Very High DTI
CUST100373,Male,61,High School,Self-Employed,Married,2,317900.0,679.0,2,LOAN500373,Education,1174000.0,60,10.37,25158.3,75.0,33.9,0,Fair,Owned,Central,Overdue,Defaulted,1,Good,Low Income,Very High DTI
CUST100374,Female,28,High School,Salaried,Single,1,732200.0,651.0,2,LOAN500374,Personal,207000.0,36,13.01,6975.65,22.46,6.1,0,Fair,Rented,Central,Active,Non-Defaulted,0,Fair,Upper-Middle Income,Moderate DTI
CUST100375,Male,21,Graduate,Business,Married,3,1418900.0,850.0,1,LOAN500375,Auto,958000.0,60,6.5,18744.37,20.62,0.7,0,Excellent,Mortgaged,South,Active,Non-Defaulted,0,Excellent,High Income,Moderate DTI
CUST100376,Male,35,Graduate,Salaried,Single,1,624500.0,637.0,1,LOAN500376,Education,225000.0,84,9.42,3668.18,11.68,9.3,0,Fair,Mortgaged,Central,Active,Non-Defaulted,0,Fair,Lower-Middle Income,Low DTI
CUST100377,Female,50,Graduate,Salaried,Single,1,331300.0,760.0,3,LOAN500377,Home,3860000.0,180,6.5,33624.74,75.0,9.9,0,Excellent,Rented,West,Closed,Non-Defaulted,0,Very Good,Low Income,Very High DTI
CUST100378,Male,60,Post Graduate,Salaried,Single,1,1021400.0,663.0,2,LOAN500378,Personal,686000.0,48,12.58,18260.98,30.55,14.3,0,Fair,Mortgaged,North,Active,Non-Defaulted,0,Fair,High Income,Moderate DTI
CUST100379,Female,24,Graduate,Self-Employed,Married,0,1459900.0,614.0,1,LOAN500379,Personal,131000.0,12,12.4,11663.72,11.19,3.1,0,Fair,Rented,North,Active,Non-Defaulted,0,Fair,High Income,Low DTI
CUST100380,Male,43,Post Graduate,Salaried,Single,3,500500.0,697.0,1,LOAN500380,Auto,1497000.0,48,8.34,36785.53,75.0,17.8,0,Good,Owned,South,Closed,Non-Defaulted,0,Good,Lower-Middle Income,Very High DTI
CUST100381,Male,33,High School,Self-Employed,Married,1,516600.0,735.0,1,LOAN500381,Business,2360000.0,48,10.82,60789.34,75.0,8.4,0,Good,Rented,West,Active,Non-Defaulted,0,Good,Lower-Middle Income,Very High DTI
CUST100382,Female,37,Graduate,Salaried,Married,0,874200.0,754.0,1,LOAN500382,Education,586000.0,36,7.59,18252.48,28.86,9.1,2,Fair,Mortgaged,East,Closed,Non-Defaulted,0,Very Good,Upper-Middle Income,Moderate DTI
CUST100383,Female,67,Post Graduate,Salaried,Single,1,1486600.0,799.0,1,LOAN500383,Home,3606000.0,240,6.79,27504.55,25.38,12.5,1,Good,Rented,South,Active,Non-Defaulted,0,Very Good,High Income,Moderate DTI
CUST100384,Female,21,High School,Salaried,Single,2,531800.0,850.0,0,LOAN500384,Home,500000.0,120,6.5,5677.4,12.81,0.5,0,Excellent,Owned,West,Active,Non-Defaulted,0,Excellent,Lower-Middle Income,Low DTI
CUST100385,Female,41,High School,Unemployed,Married,1,144000.0,708.0,1,LOAN500385,Personal,749000.0,12,10.56,66044.24,75.0,11.0,0,Good,Rented,North,Defaulted,Defaulted,1,Good,Low Income,Very High DTI
CUST100386,Female,43,Post Graduate,Business,Married,2,1100100.0,644.0,1,LOAN500386,Personal,463000.0,24,10.74,21523.58,25.55,13.0,0,Fair,Rented,West,Active,Non-Defaulted,0,Fair,High Income,Moderate DTI
CUST100387,Male,50,Graduate,Salaried,Married,0,1001600.0,722.0,1,LOAN500387,Home,3292000.0,300,6.82,22890.53,33.55,25.6,0,Good,Owned,West,Active,Non-Defaulted,0,Good,High Income,Moderate DTI
CUST100388,Male,39,Post Graduate,Salaried,Married,1,684500.0,671.0,0,LOAN500388,Home,3491000.0,240,8.37,30009.09,52.61,6.1,0,Fair,Owned,Central,Closed,Non-Defaulted,0,Good,Lower-Middle Income,Very High DTI
CUST100389,Female,41,High School,Salaried,Single,3,522100.0,755.0,2,LOAN500389,Home,3026000.0,240,6.5,22561.04,75.0,12.3,0,Excellent,Owned,North,Active,Non-Defaulted,0,Very Good,Lower-Middle Income,Very High DTI
CUST100390,Female,34,Post Graduate,Salaried,Single,0,1100000.0,599.0,1,LOAN500390,Business,2599000.0,12,11.54,230359.09,75.0,6.8,0,Poor,Rented,Central,Active,Non-Defaulted,0,Fair,High Income,Very High DTI
CUST100391,Female,41,Graduate,Salaried,Single,3,879400.0,850.0,0,LOAN500391,Auto,1156000.0,72,6.5,19432.28,26.52,18.8,0,Excellent,Rented,South,Closed,Non-Defaulted,0,Excellent,Upper-Middle Income,Moderate DTI
CUST100392,Male,34,High School,Business,Married,0,561900.0,750.0,1,LOAN500392,Auto,1648000.0,72,8.98,29689.73,66.65,11.3,0,Excellent,Owned,South,Active,Non-Defaulted,0,Very Good,Lower-Middle Income,Very High DTI
CUST100393,Male,45,Graduate,Business,Divorced,3,831900.0,572.0,3,LOAN500393,Personal,487000.0,60,13.38,11175.71,40.36,13.4,2,Poor,Rented,South,Overdue,Defaulted,1,Poor,Upper-Middle Income,High DTI
CUST100394,Female,34,Graduate,Salaried,Married,1,356700.0,640.0,2,LOAN500394,Business,679000.0,36,10.83,22174.97,75.0,12.6,0,Fair,Rented,East,Active,Non-Defaulted,0,Fair,Low Income,Very High DTI
CUST100395,Male,42,Graduate,Salaried,Single,2,948600.0,747.0,0,LOAN500395,Education,1379000.0,84,9.62,22623.19,28.62,12.9,0,Excellent,Owned,Central,Active,Non-Defaulted,0,Very Good,Upper-Middle Income,Moderate DTI
CUST100396,Female,38,High School,Business,Single,0,716400.0,772.0,3,LOAN500396,Business,2109000.0,60,8.55,43320.21,75.0,6.5,0,Excellent,Mortgaged,East,Active,Non-Defaulted,0,Very Good,Upper-Middle Income,Very High DTI
CUST100397,Female,50,High School,Business,Single,0,659200.0,601.0,0,LOAN500397,Home,3647000.0,180,7.97,34789.5,63.33,18.3,0,Fair,Rented,Central,Overdue,Defaulted,1,Fair,Lower-Middle Income,Very High DTI
CUST100398,Male,37,Graduate,Salaried,Married,0,671800.0,740.0,3,LOAN500398,Home,4935000.0,180,6.5,42989.15,75.0,6.7,0,Excellent,Rented,South,Active,Non-Defaulted,0,Very Good,Lower-Middle Income,Very High DTI
CUST100399,Female,21,High School,Salaried,Single,0,695800.0,554.0,0,LOAN500399,Home,838000.0,240,8.87,7469.78,12.88,0.7,3,Poor,Owned,South,Active,Non-Defaulted,0,Poor,Lower-Middle Income,Low DTI
CUST100400,Female,52,Professional,Salaried,Divorced,1,1048700.0,684.0,0,LOAN500400,Personal,371000.0,48,10.32,9466.64,10.83,27.5,0,Good,Owned,East,Active,Non-Defaulted,0,Good,High Income,Low DTI
CUST100401,Male,28,High School,Salaried,Married,1,906400.0,768.0,1,LOAN500401,Auto,545000.0,48,6.5,12924.65,24.84,6.1,2,Fair,Owned,South,Closed,Non-Defaulted,0,Very Good,Upper-Middle Income,Moderate DTI
CUST100402,Female,31,Graduate,Salaried,Married,2,633100.0,651.0,1,LOAN500402,Business,1965000.0,48,13.5,53204.97,75.0,4.7,0,Fair,Rented,Central,Closed,Non-Defaulted,0,Fair,Lower-Middle Income,Very High DTI
CUST100403,Male,31,High School,Salaried,Married,2,984700.0,585.0,1,LOAN500403,Personal,655000.0,36,12.02,21761.63,31.91,4.9,0,Poor,Rented,West,Active,Non-Defaulted,0,Fair,Upper-Middle Income,Moderate DTI
CUST100404,Female,53,Graduate,Self-Employed,Married,2,787900.0,700.0,2,LOAN500404,Personal,775000.0,60,9.61,16318.13,30.3,9.7,0,Good,Owned,East,Active,Non-Defaulted,0,Good,Upper-Middle Income,Moderate DTI
CUST100405,Male,21,Professional,Salaried,Married,2,556100.0,648.0,2,LOAN500405,Auto,900000.0,60,9.41,18862.12,53.48,0.4,0,Fair,Mortgaged,West,Closed,Non-Defaulted,0,Fair,Lower-Middle Income,Very High DTI
CUST100406,Female,68,High School,Salaried,Married,1,642800.0,734.0,1,LOAN500406,Personal,640000.0,24,10.41,29654.01,61.28,14.9,0,Good,Mortgaged,South,Active,Non-Defaulted,0,Good,Lower-Middle Income,Very High DTI
CUST100407,Male,50,Professional,Salaried,Married,1,635600.0,628.0,1,LOAN500407,Auto,1663000.0,48,10.16,42305.87,75.0,17.2,0,Fair,Rented,North,Closed,Non-Defaulted,0,Fair,Lower-Middle Income,Very High DTI
CUST100408,Male,40,High School,Business,Married,1,1035500.0,636.0,0,LOAN500408,Auto,1277000.0,48,8.8,31657.06,36.69,14.2,1,Fair,Owned,East,Active,Non-Defaulted,0,Fair,High Income,High DTI
CUST100409,Female,37,Post Graduate,Business,Married,3,681300.0,549.0,0,LOAN500409,Home,1592000.0,120,8.95,20123.73,35.44,12.6,0,Poor,Rented,East,Active,Non-Defaulted,0,Poor,Lower-Middle Income,High DTI
CUST100410,Male,41,Graduate,Salaried,Divorced,0,565900.0,702.0,1,LOAN500410,Education,951000.0,120,10.54,12853.63,34.6,6.1,0,Good,Rented,Central,Active,Non-Defaulted,0,Good,Lower-Middle Income,Moderate DTI
CUST100411,Male,44,Post Graduate,Salaried,Married,0,1756000.0,679.0,0,LOAN500411,Home,4865000.0,180,6.5,42379.37,28.96,11.3,0,Fair,Rented,North,Active,Non-Defaulted,0,Good,High Income,Moderate DTI
CUST100412,Female,45,Graduate,Unemployed,Married,2,428600.0,607.0,2,LOAN500412,Education,1483000.0,36,10.93,48502.37,75.0,10.9,0,Fair,Rented,East,Closed,Non-Defaulted,0,Fair,Lower-Middle Income,Very High DTI
CUST100413,Female,44,Graduate,Salaried,Married,0,473700.0,704.0,1,LOAN500413,Education,999000.0,84,9.52,16337.87,51.63,7.6,0,Good,Owned,North,Active,Non-Defaulted,0,Good,Lower-Middle Income,Very High DTI
CUST100414,Female,39,High School,Salaried,Single,3,897700.0,762.0,0,LOAN500414,Education,1342000.0,120,8.61,16717.93,22.35,9.2,0,Excellent,Rented,North,Closed,Non-Defaulted,0,Very Good,Upper-Middle Income,Moderate DTI
CUST100415,Female,36,High School,Salaried,Single,3,722400.0,675.0,1,LOAN500415,Personal,200000.0,36,11.25,6571.45,14.44,7.1,0,Fair,Rented,East,Active,Non-Defaulted,0,Good,Upper-Middle Income,Low DTI
CUST100416,Male,36,Professional,Salaried,Married,0,823600.0,709.0,0,LOAN500416,Personal,235000.0,36,9.69,7548.63,11.0,10.6,0,Good,Rented,South,Active,Non-Defaulted,0,Good,Upper-Middle Income,Low DTI
CUST100417,Male,36,Graduate,Salaried,Married,0,729000.0,709.0,1,LOAN500417,Personal,765000.0,36,12.44,25570.01,51.23,13.2,1,Good,Owned,West,Active,Non-Defaulted,0,Good,Upper-Middle Income,Very High DTI
CUST100418,Male,50,Graduate,Business,Married,1,1438200.0,606.0,2,LOAN500418,Home,1109000.0,240,8.35,9519.13,15.7,16.4,0,Fair,Owned,East,Closed,Non-Defaulted,0,Fair,High Income,Low DTI
CUST100419,Female,45,Post Graduate,Self-Employed,Married,2,767300.0,834.0,1,LOAN500419,Business,735000.0,12,9.32,64385.96,75.0,18.4,0,Excellent,Rented,South,Active,Non-Defaulted,0,Excellent,Upper-Middle Income,Very High DTI
CUST100420,Female,21,Graduate,Salaried,Married,1,662500.0,657.0,0,LOAN500420,Home,2392000.0,240,8.24,20366.4,36.89,0.3,0,Fair,Family,East,Active,Non-Defaulted,0,Fair,Lower-Middle Income,High DTI
CUST100421,Female,45,Professional,Business,Married,2,1339900.0,736.0,2,LOAN500421,Education,925000.0,84,7.77,14311.48,23.04,20.8,0,Good,Rented,North,Active,Non-Defaulted,0,Good,High Income,Moderate DTI
CUST100422,Female,40,Post Graduate,Salaried,Single,2,763400.0,744.0,0,LOAN500422,Home,3217000.0,180,6.7,28378.43,44.61,7.0,1,Good,Rented,Central,Active,Non-Defaulted,0,Very Good,Upper-Middle Income,High DTI
CUST100423,Male,38,Graduate,Salaried,Married,1,723500.0,680.0,2,LOAN500423,Home,1814000.0,180,8.61,17980.33,37.57,6.7,0,Good,Rented,North,Closed,Non-Defaulted,0,Good,Upper-Middle Income,High DTI
CUST100424,Male,34,Post Graduate,Self-Employed,Married,0,755700.0,732.0,1,LOAN500424,Business,2778000.0,48,9.71,70070.99,75.0,4.5,0,Good,Mortgaged,North,Defaulted,Defaulted,1,Good,Upper-Middle Income,Very High DTI
CUST100425,Male,50,High School,Self-Employed,Single,2,621400.0,707.0,1,LOAN500425,Home,4618000.0,240,6.5,34430.57,73.39,13.5,0,Good,Rented,East,Active,Non-Defaulted,0,Good,Lower-Middle Income,Very High DTI
CUST100426,Male,48,Graduate,Salaried,Married,0,685500.0,591.0,2,LOAN500426,Education,649000.0,84,9.07,10464.88,30.14,17.1,0,Poor,Rented,Central,Defaulted,Defaulted,1,Fair,Lower-Middle Income,Moderate DTI
CUST100427,Male,29,Graduate,Salaried,Married,3,515000.0,667.0,2,LOAN500427,Personal,376000.0,36,11.27,12357.89,41.4,8.0,0,Fair,Rented,Central,Active,Non-Defaulted,0,Fair,Lower-Middle Income,High DTI
CUST100428,Female,42,High School,Self-Employed,Single,1,453200.0,693.0,0,LOAN500428,Business,2167000.0,48,11.96,57022.87,75.0,16.8,0,Fair,Family,South,Closed,Non-Defaulted,0,Good,Lower-Middle Income,Very High DTI
CUST100429,Male,27,Post Graduate,Self-Employed,Single,2,402500.0,658.0,0,LOAN500429,Auto,1244000.0,48,7.95,30340.49,75.0,3.5,0,Fair,Mortgaged,North,Active,Non-Defaulted,0,Fair,Lower-Middle Income,Very High DTI
CUST100430,Male,23,Professional,Self-Employed,Divorced,3,333200.0,599.0,2,LOAN500430,Education,635000.0,120,11.4,8891.52,55.89,1.9,0,Poor,Owned,East,Active,Non-Defaulted,0,Fair,Low Income,Very High DTI
CUST100431,Male,31,Graduate,Salaried,Married,3,447400.0,769.0,0,LOAN500431,Personal,361000.0,36,9.89,11629.82,31.19,7.2,0,Excellent,Family,West,Closed,Non-Defaulted,0,Very Good,Lower-Middle Income,Moderate DTI
CUST100432,Female,47,Graduate,Salaried,Single,1,627700.0,802.0,1,LOAN500432,Home,2066000.0,120,6.5,23459.01,51.56,21.2,0,Excellent,Owned,South,Active,Non-Defaulted,0,Excellent,Lower-Middle Income,Very High DTI
CUST100433,Female,48,Professional,Salaried,Single,0,717100.0,758.0,2,LOAN500433,Business,859000.0,12,6.82,74255.21,75.0,20.4,0,Excellent,Rented,South,Closed,Non-Defaulted,0,Very Good,Upper-Middle Income,Very High DTI
CUST100434,Male,44,Graduate,Salaried,Married,2,599200.0,779.0,1,LOAN500434,Business,1483000.0,48,7.36,35760.5,75.0,14.9,0,Excellent,Rented,North,Closed,Non-Defaulted,0,Very Good,Lower-Middle Income,Very High DTI
CUST100435,Male,46,Graduate,Unemployed,Married,1,120000.0,666.0,2,LOAN500435,Personal,565000.0,60,11.25,12355.03,75.0,17.8,0,Fair,Mortgaged,North,Defaulted,Defaulted,1,Fair,Low Income,Very High DTI
CUST100436,Female,44,Graduate,Salaried,Married,0,1453300.0,645.0,2,LOAN500436,Personal,606000.0,24,13.96,29084.36,27.23,17.6,0,Fair,Rented,East,Active,Non-Defaulted,0,Fair,High Income,Moderate DTI
CUST100437,Male,31,Professional,Salaried,Single,3,1149700.0,635.0,2,LOAN500437,Home,4005000.0,180,7.52,37172.38,50.92,3.7,0,Fair,Mortgaged,North,Active,Non-Defaulted,0,Fair,High Income,Very High DTI
CUST100438,Female,43,Graduate,Self-Employed,Married,0,805100.0,735.0,2,LOAN500438,Personal,331000.0,12,10.34,29152.53,48.56,8.7,0,Good,Rented,South,Active,Non-Defaulted,0,Good,Upper-Middle Income,High DTI
CUST100439,Female,47,Post Graduate,Salaried,Married,0,1705100.0,706.0,1,LOAN500439,Auto,1412000.0,36,10.24,45720.54,34.5,18.8,0,Good,Owned,South,Active,Non-Defaulted,0,Good,High Income,Moderate DTI
CUST100440,Male,46,Post Graduate,Salaried,Single,0,426900.0,685.0,1,LOAN500440,Personal,55000.0,12,11.8,4881.54,20.0,20.9,0,Good,Rented,South,Closed,Non-Defaulted,0,Good,Lower-Middle Income,Low DTI
CUST100441,Male,51,Graduate,Business,Married,2,2010600.0,781.0,1,LOAN500441,Home,2647000.0,180,6.5,23058.21,16.51,16.0,1,Good,Rented,North,Closed,Non-Defaulted,0,Very Good,High Income,Low DTI
CUST100442,Female,46,Graduate,Business,Married,2,511200.0,718.0,2,LOAN500442,Auto,1460000.0,36,7.23,45234.25,75.0,23.1,0,Good,Mortgaged,East,Defaulted,Defaulted,1,Good,Lower-Middle Income,Very High DTI
CUST100443,Male,42,Post Graduate,Self-Employed,Married,1,728900.0,631.0,2,LOAN500443,Home,3335000.0,240,9.52,31130.14,64.29,8.6,0,Fair,Rented,Central,Defaulted,Defaulted,1,Fair,Upper-Middle Income,Very High DTI
CUST100444,Male,50,Graduate,Salaried,Married,1,370300.0,642.0,0,LOAN500444,Auto,932000.0,72,10.58,17539.92,56.84,15.6,0,Fair,Family,North,Active,Non-Defaulted,0,Fair,Low Income,Very High DTI
CUST100445,Female,38,Post Graduate,Self-Employed,Single,1,654600.0,738.0,1,LOAN500445,Business,2005000.0,24,10.02,92539.09,75.0,8.9,1,Good,Rented,East,Active,Non-Defaulted,0,Good,Lower-Middle Income,Very High DTI
CUST100446,Female,28,Professional,Self-Employed,Married,2,782400.0,763.0,3,LOAN500446,Personal,730000.0,12,9.88,64137.86,75.0,6.8,0,Excellent,Family,West,Active,Non-Defaulted,0,Very Good,Upper-Middle Income,Very High DTI
CUST100447,Female,36,Graduate,Salaried,Married,0,633700.0,729.0,1,LOAN500447,Auto,1085000.0,48,8.24,26610.42,54.08,7.0,1,Good,Mortgaged,South,Active,Non-Defaulted,0,Good,Lower-Middle Income,Very High DTI
CUST100448,Female,30,Post Graduate,Salaried,Married,3,961400.0,823.0,0,LOAN500448,Personal,650000.0,36,7.26,20147.47,25.15,5.6,0,Excellent,Rented,North,Closed,Non-Defaulted,0,Excellent,Upper-Middle Income,Moderate DTI
CUST100449,Male,31,Post Graduate,Business,Single,0,852000.0,804.0,1,LOAN500449,Home,4913000.0,240,6.5,36630.01,58.34,4.1,2,Fair,Owned,North,Overdue,Defaulted,1,Excellent,Upper-Middle Income,Very High DTI
CUST100450,Male,36,Post Graduate,Salaried,Married,4,531100.0,721.0,4,LOAN500450,Personal,579000.0,12,9.87,50868.3,75.0,9.4,1,Good,Family,East,Overdue,Defaulted,1,Good,Lower-Middle Income,Very High DTI
CUST100451,Female,29,Graduate,Self-Employed,Single,0,495200.0,631.0,2,LOAN500451,Personal,480000.0,12,12.06,42660.89,75.0,7.3,0,Fair,Owned,East,Active,Non-Defaulted,0,Fair,Lower-Middle Income,Very High DTI
CUST100452,Female,35,High School,Salaried,Married,2,1007300.0,598.0,2,LOAN500452,Home,669000.0,240,10.25,6567.19,21.87,6.7,0,Poor,Mortgaged,South,Active,Non-Defaulted,0,Fair,High Income,Moderate DTI
CUST100453,Male,21,Graduate,Salaried,Single,0,498700.0,663.0,0,LOAN500453,Home,2185000.0,180,8.86,21980.12,52.89,0.8,0,Fair,Owned,West,Closed,Non-Defaulted,0,Fair,Lower-Middle Income,Very High DTI
CUST100454,Female,40,Post Graduate,Salaried,Married,0,1059100.0,743.0,2,LOAN500454,Business,1783000.0,24,7.8,80477.72,75.0,16.8,1,Good,Mortgaged,West,Closed,Non-Defaulted,0,Very Good,High Income,Very High DTI
CUST100455,Male,38,Graduate,Business,Single,3,1461200.0,818.0,1,LOAN500455,Auto,1465000.0,48,6.5,34742.41,32.94,5.4,1,Good,Family,South,Active,Non-Defaulted,0,Excellent,High Income,Moderate DTI
CUST100456,Male,29,Post Graduate,Salaried,Single,3,306400.0,719.0,3,LOAN500456,Business,1427000.0,48,10.5,36536.02,75.0,6.7,0,Good,Mortgaged,West,Active,Non-Defaulted,0,Good,Low Income,Very High DTI
CUST100457,Male,45,Graduate,Salaried,Married,1,1175600.0,772.0,0,LOAN500457,Auto,1734000.0,24,6.5,77243.2,75.0,10.4,0,Excellent,Family,South,Active,Non-Defaulted,0,Very Good,High Income,Very High DTI
CUST100458,Male,48,Graduate,Self-Employed,Married,2,1747600.0,673.0,0,LOAN500458,Personal,254000.0,48,13.01,6815.44,5.0,10.2,1,Fair,Mortgaged,West,Active,Non-Defaulted,0,Good,High Income,Low DTI
CUST100459,Male,21,High School,Self-Employed,Married,2,733600.0,734.0,1,LOAN500459,Home,3851000.0,300,6.61,26267.55,52.77,0.6,0,Good,Rented,North,Active,Non-Defaulted,0,Good,Upper-Middle Income,Very High DTI
CUST100460,Male,30,Post Graduate,Unemployed,Married,3,364000.0,748.0,0,LOAN500460,Home,2386000.0,120,7.65,28509.39,75.0,7.1,1,Good,Rented,West,Overdue,Defaulted,1,Very Good,Low Income,Very High DTI
CUST100461,Male,30,Graduate,Salaried,Single,1,1122700.0,551.0,2,LOAN500461,Home,2687000.0,300,9.04,22622.85,33.06,5.1,1,Poor,Mortgaged,South,Closed,Non-Defaulted,0,Poor,High Income,Moderate DTI
CUST100462,Female,28,High School,Salaried,Married,1,598000.0,661.0,3,LOAN500462,Auto,1474000.0,48,8.25,36157.87,75.0,2.2,1,Fair,Mortgaged,East,Active,Non-Defaulted,0,Fair,Lower-Middle Income,Very High DTI
CUST100463,Female,47,Graduate,Unemployed,Married,1,298000.0,756.0,2,LOAN500463,Home,1833000.0,180,7.13,16609.03,75.0,22.7,0,Excellent,Mortgaged,North,Active,Non-Defaulted,0,Very Good,Low Income,Very High DTI
CUST100464,Female,36,Post Graduate,Self-Employed,Single,1,345900.0,709.0,3,LOAN500464,Home,936000.0,120,6.64,10694.89,75.0,11.6,0,Good,Owned,West,Closed,Non-Defaulted,0,Good,Low Income,Very High DTI
CUST100465,Female,35,Graduate,Salaried,Married,3,729500.0,606.0,1,LOAN500465,Personal,440000.0,48,11.55,11489.91,23.98,6.4,0,Fair,Owned,North,Active,Non-Defaulted,0,Fair,Upper-Middle Income,Moderate DTI
CUST100466,Male,21,High School,Salaried,Married,0,866800.0,520.0,2,LOAN500466,Personal,447000.0,36,14.9,15473.52,32.84,0.6,1,Poor,Owned,North,Active,Non-Defaulted,0,Poor,Upper-Middle Income,Moderate DTI
CUST100467,Male,45,Professional,Business,Married,0,1040900.0,664.0,2,LOAN500467,Personal,648000.0,60,10.16,13819.16,25.19,6.7,0,Fair,Mortgaged,North,Active,Non-Defaulted,0,Fair,High Income,Moderate DTI
CUST100468,Female,24,Post Graduate,Salaried,Married,2,1138200.0,685.0,2,LOAN500468,Personal,776000.0,48,12.81,20745.03,30.18,1.9,0,Good,Rented,North,Active,Non-Defaulted,0,Good,High Income,Moderate DTI
CUST100469,Male,39,Professional,Self-Employed,Married,2,448100.0,628.0,1,LOAN500469,Education,177000.0,84,10.38,2973.28,13.47,11.2,0,Fair,Mortgaged,West,Active,Non-Defaulted,0,Fair,Lower-Middle Income,Low DTI
CUST100470,Female,41,Graduate,Salaried,Single,0,528500.0,700.0,1,LOAN500470,Personal,494000.0,48,10.21,12579.0,36.47,12.3,0,Good,Rented,Central,Active,Non-Defaulted,0,Good,Lower-Middle Income,High DTI
CUST100471,Male,53,Graduate,Salaried,Single,1,1695300.0,725.0,2,LOAN500471,Auto,1274000.0,48,8.9,31643.08,29.69,12.7,0,Good,Family,West,Active,Non-Defaulted,0,Good,High Income,Moderate DTI
CUST100472,Female,24,Post Graduate,Self-Employed,Married,4,604700.0,737.0,0,LOAN500472,Home,4936000.0,300,7.6,36798.28,73.02,3.0,0,Good,Mortgaged,Central,Closed,Non-Defaulted,0,Good,Lower-Middle Income,Very High DTI
CUST100473,Male,21,Graduate,Salaried,Single,0,751300.0,525.0,2,LOAN500473,Personal,757000.0,24,14.25,36435.22,69.37,0.4,0,Poor,Mortgaged,North,Defaulted,Defaulted,1,Poor,Upper-Middle Income,Very High DTI
CUST100474,Female,40,Post Graduate,Salaried,Single,2,660900.0,598.0,3,LOAN500474,Education,1097000.0,60,13.01,24965.74,65.61,12.5,0,Poor,Owned,North,Closed,Non-Defaulted,0,Fair,Lower-Middle Income,Very High DTI
CUST100475,Male,58,Graduate,Salaried,Married,2,460100.0,669.0,1,LOAN500475,Auto,1011000.0,24,11.01,47125.22,75.0,16.2,1,Fair,Mortgaged,East,Closed,Non-Defaulted,0,Fair,Lower-Middle Income,Very High DTI
CUST100476,Female,52,Graduate,Salaried,Married,1,1487800.0,730.0,2,LOAN500476,Personal,171000.0,60,10.88,3707.73,10.17,16.8,0,Good,Rented,Central,Active,Non-Defaulted,0,Good,High Income,Low DTI
CUST100477,Male,40,High School,Self-Employed,Single,3,504600.0,724.0,2,LOAN500477,Business,1276000.0,48,10.83,32873.64,75.0,7.7,0,Good,Owned,West,Active,Non-Defaulted,0,Good,Lower-Middle Income,Very High DTI
CUST100478,Female,33,High School,Business,Married,2,473000.0,723.0,1,LOAN500478,Personal,489000.0,48,11.99,12874.84,46.35,8.6,0,Good,Owned,South,Active,Non-Defaulted,0,Good,Lower-Middle Income,High DTI
CUST100479,Female,47,High School,Self-Employed,Married,1,523500.0,663.0,1,LOAN500479,Personal,594000.0,36,10.63,19342.88,56.36,14.2,0,Fair,Mortgaged,North,Closed,Non-Defaulted,0,Fair,Lower-Middle Income,Very High DTI
CUST100480,Male,27,High School,Salaried,Single,2,261100.0,667.0,3,LOAN500480,Education,990000.0,36,9.78,31842.36,75.0,1.8,0,Fair,Rented,North,Defaulted,Defaulted,1,Fair,Low Income,Very High DTI
CUST100481,Female,43,Professional,Salaried,Married,2,499300.0,639.0,1,LOAN500481,Auto,1328000.0,60,8.62,27322.82,74.31,6.2,0,Fair,Rented,South,Defaulted,Defaulted,1,Fair,Lower-Middle Income,Very High DTI
CUST100482,Female,44,Graduate,Salaried,Married,2,428800.0,744.0,0,LOAN500482,Personal,372000.0,60,9.49,7810.87,21.86,13.3,0,Excellent,Family,West,Closed,Non-Defaulted,0,Very Good,Lower-Middle Income,Moderate DTI
CUST100483,Male,50,Graduate,Business,Married,3,1092800.0,626.0,2,LOAN500483,Personal,596000.0,60,12.55,13423.93,22.77,11.1,0,Fair,Family,North,Closed,Non-Defaulted,0,Fair,High Income,Moderate DTI
CUST100484,Female,68,Post Graduate,Business,Married,1,588100.0,750.0,1,LOAN500484,Education,301000.0,60,8.2,6132.05,22.34,30.3,0,Excellent,Owned,Central,Closed,Non-Defaulted,0,Very Good,Lower-Middle Income,Moderate DTI
CUST100485,Female,42,Graduate,Business,Single,1,1244200.0,705.0,2,LOAN500485,Home,1232000.0,300,6.5,8318.55,18.56,11.3,1,Good,Owned,Central,Active,Non-Defaulted,0,Good,High Income,Low DTI
CUST100486,Female,32,High School,Salaried,Married,0,1335500.0,687.0,0,LOAN500486,Personal,172000.0,48,11.68,4502.44,5.0,8.1,0,Good,Mortgaged,Central,Active,Non-Defaulted,0,Good,High Income,Low DTI
CUST100487,Male,38,Post Graduate,Salaried,Married,0,993000.0,644.0,0,LOAN500487,Home,4509000.0,300,7.86,34384.05,41.55,15.6,0,Fair,Rented,Central,Defaulted,Defaulted,1,Fair,Upper-Middle Income,High DTI
CUST100488,Male,21,Graduate,Salaried,Divorced,0,615500.0,595.0,3,LOAN500488,Business,413000.0,12,13.49,36983.05,75.0,0.6,0,Poor,Mortgaged,North,Active,Non-Defaulted,0,Fair,Lower-Middle Income,Very High DTI
CUST100489,Female,30,Post Graduate,Salaried,Married,3,730300.0,645.0,0,LOAN500489,Personal,651000.0,60,13.25,14895.7,24.48,7.6,1,Fair,Owned,Central,Active,Non-Defaulted,0,Fair,Upper-Middle Income,Moderate DTI
CUST100490,Female,33,Post Graduate,Salaried,Married,2,328200.0,667.0,2,LOAN500490,Education,427000.0,84,8.64,6792.28,39.15,9.6,0,Fair,Owned,South,Active,Non-Defaulted,0,Fair,Low Income,High DTI
CUST100491,Male,32,Professional,Unemployed,Single,2,256000.0,524.0,2,LOAN500491,Auto,923000.0,36,12.68,30957.44,75.0,10.2,3,Poor,Owned,Central,Defaulted,Defaulted,1,Poor,Low Income,Very High DTI
CUST100492,Female,40,Graduate,Salaried,Single,2,451600.0,676.0,2,LOAN500492,Home,4622000.0,240,8.07,38861.86,75.0,7.8,0,Fair,Rented,North,Active,Non-Defaulted,0,Good,Lower-Middle Income,Very High DTI
CUST100493,Male,29,Graduate,Salaried,Married,3,952500.0,755.0,0,LOAN500493,Auto,1117000.0,24,6.99,50005.91,63.0,7.1,0,Excellent,Family,South,Closed,Non-Defaulted,0,Very Good,Upper-Middle Income,Very High DTI
CUST100494,Male,50,Graduate,Salaried,Married,1,2346500.0,730.0,1,LOAN500494,Business,788000.0,24,9.15,36053.83,20.29,25.2,0,Good,Owned,North,Active,Non-Defaulted,0,Good,High Income,Moderate DTI
CUST100495,Male,38,High School,Business,Single,3,1032800.0,655.0,3,LOAN500495,Personal,263000.0,36,10.76,8580.42,16.68,9.1,0,Fair,Owned,North,Closed,Non-Defaulted,0,Fair,High Income,Low DTI
CUST100496,Male,38,Post Graduate,Self-Employed,Married,1,249900.0,693.0,1,LOAN500496,Personal,740000.0,12,10.01,65061.2,75.0,8.2,0,Good,Owned,Central,Active,Non-Defaulted,0,Good,Low Income,Very High DTI
CUST100497,Female,34,High School,Self-Employed,Single,3,546500.0,651.0,1,LOAN500497,Business,1396000.0,24,9.25,63936.15,75.0,12.2,0,Fair,Rented,West,Active,Non-Defaulted,0,Fair,Lower-Middle Income,Very High DTI
CUST100498,Male,40,Graduate,Business,Divorced,2,861700.0,700.0,1,LOAN500498,Auto,1119000.0,48,8.22,27433.76,44.92,13.2,0,Good,Family,East,Active,Non-Defaulted,0,Good,Upper-Middle Income,High DTI
CUST100499,Female,47,Post Graduate,Salaried,Single,0,711700.0,798.0,0,LOAN500499,Home,2570000.0,180,6.5,22387.46,37.75,13.4,0,Excellent,Owned,East,Closed,Non-Defaulted,0,Very Good,Upper-Middle Income,High DTI
CUST100500,Female,28,Graduate,Self-Employed,Married,2,457700.0,758.0,3,LOAN500500,Auto,774000.0,24,6.5,34478.8,75.0,6.1,1,Good,Mortgaged,West,Active,Non-Defaulted,0,Very Good,Lower-Middle Income,Very High DTI
CUST100501,Female,31,Graduate,Salaried,Married,1,767800.0,726.0,2,LOAN500501,Auto,518000.0,48,8.39,12740.94,33.93,4.9,0,Good,Mortgaged,South,Closed,Non-Defaulted,0,Good,Upper-Middle Income,Moderate DTI
CUST100502,Male,35,Graduate,Salaried,Married,0,375900.0,655.0,4,LOAN500502,Education,1061000.0,36,11.2,34836.36,75.0,5.5,0,Fair,Mortgaged,West,Active,Non-Defaulted,0,Fair,Low Income,Very High DTI
CUST100503,Male,23,Post Graduate,Business,Married,2,516200.0,742.0,1,LOAN500503,Business,2211000.0,48,8.3,54288.87,75.0,1.8,0,Excellent,Rented,East,Defaulted,Defaulted,1,Very Good,Lower-Middle Income,Very High DTI
CUST100504,Female,29,Graduate,Self-Employed,Married,1,886200.0,572.0,2,LOAN500504,Home,1737000.0,300,10.01,15796.38,37.51,5.6,0,Poor,Mortgaged,East,Active,Non-Defaulted,0,Poor,Upper-Middle Income,High DTI
CUST100505,Female,33,Post Graduate,Salaried,Married,0,419200.0,672.0,0,LOAN500505,Personal,642000.0,24,11.29,30008.74,75.0,10.2,0,Fair,Family,Central,Closed,Non-Defaulted,0,Good,Lower-Middle Income,Very High DTI
CUST100506,Male,48,High School,Salaried,Married,4,883700.0,731.0,1,LOAN500506,Auto,1560000.0,72,7.13,26693.94,41.46,15.3,0,Good,Owned,East,Active,Non-Defaulted,0,Good,Upper-Middle Income,High DTI
CUST100507,Female,41,Post Graduate,Salaried,Single,2,353700.0,742.0,1,LOAN500507,Home,4643000.0,180,6.5,40445.51,75.0,16.4,0,Excellent,Rented,South,Closed,Non-Defaulted,0,Very Good,Low Income,Very High DTI
CUST100508,Female,40,Post Graduate,Salaried,Married,3,1592200.0,737.0,3,LOAN500508,Auto,416000.0,72,6.88,7068.44,15.66,9.0,0,Good,Mortgaged,Central,Active,Non-Defaulted,0,Good,High Income,Low DTI
CUST100509,Female,47,High School,Salaried,Married,2,470600.0,711.0,2,LOAN500509,Home,1868000.0,240,6.82,14281.45,57.61,16.8,0,Good,Mortgaged,Central,Active,Non-Defaulted,0,Good,Lower-Middle Income,Very High DTI
CUST100510,Female,36,Graduate,Salaried,Married,1,613000.0,676.0,3,LOAN500510,Personal,695000.0,36,11.6,22951.39,70.37,6.2,0,Fair,Rented,Central,Closed,Non-Defaulted,0,Good,Lower-Middle Income,Very High DTI
CUST100511,Female,42,High School,Salaried,Single,1,799900.0,728.0,2,LOAN500511,Home,1393000.0,120,7.76,16724.8,34.22,11.0,0,Good,Family,East,Active,Non-Defaulted,0,Good,Upper-Middle Income,Moderate DTI
CUST100512,Male,37,Post Graduate,Business,Married,2,619400.0,623.0,2,LOAN500512,Auto,156000.0,60,10.96,3388.71,19.85,13.7,0,Fair,Rented,South,Active,Non-Defaulted,0,Fair,Lower-Middle Income,Low DTI
CUST100513,Female,41,Graduate,Salaried,Single,4,731100.0,631.0,0,LOAN500513,Education,1319000.0,36,9.54,42276.13,69.39,8.2,2,Fair,Rented,South,Closed,Non-Defaulted,0,Fair,Upper-Middle Income,Very High DTI
CUST100514,Female,32,Graduate,Salaried,Single,0,899600.0,694.0,2,LOAN500514,Home,1969000.0,300,6.94,13841.21,32.54,9.3,0,Good,Rented,North,Closed,Non-Defaulted,0,Good,Upper-Middle Income,Moderate DTI
CUST100515,Male,21,High School,Salaried,Single,3,1082300.0,702.0,1,LOAN500515,Personal,361000.0,48,11.87,9483.49,15.98,0.4,0,Good,Mortgaged,West,Active,Non-Defaulted,0,Good,High Income,Low DTI
CUST100516,Male,37,High School,Business,Single,3,1188000.0,562.0,1,LOAN500516,Home,2509000.0,240,9.4,23223.57,25.51,4.6,0,Poor,Rented,South,Active,Non-Defaulted,0,Poor,High Income,Moderate DTI
CUST100517,Male,54,High School,Salaried,Single,2,628500.0,722.0,0,LOAN500517,Education,1288000.0,60,9.22,26874.49,51.31,10.9,0,Good,Rented,East,Active,Non-Defaulted,0,Good,Lower-Middle Income,Very High DTI
CUST100518,Female,48,Graduate,Salaried,Married,3,636100.0,744.0,1,LOAN500518,Home,2021000.0,240,7.21,15924.55,33.1,20.6,0,Excellent,Rented,Central,Closed,Non-Defaulted,0,Very Good,Lower-Middle Income,Moderate DTI
CUST100519,Female,49,Graduate,Salaried,Single,1,2107700.0,685.0,0,LOAN500519,Auto,1622000.0,48,9.49,40741.98,23.2,12.2,0,Good,Rented,Central,Closed,Non-Defaulted,0,Good,High Income,Moderate DTI
CUST100520,Male,52,Post Graduate,Self-Employed,Married,4,1025500.0,850.0,1,LOAN500520,Home,3276000.0,120,6.5,37198.32,46.46,21.6,2,Fair,Rented,North,Active,Non-Defaulted,0,Excellent,High Income,High DTI
CUST100521,Female,39,Graduate,Salaried,Single,2,438500.0,642.0,1,LOAN500521,Personal,445000.0,60,10.98,9670.94,40.41,13.4,0,Fair,Rented,South,Active,Non-Defaulted,0,Fair,Lower-Middle Income,High DTI
CUST100522,Male,40,Graduate,Business,Married,0,660950.0,665.0,3,LOAN500522,Education,556000.0,84,9.36,9047.44,36.27,9.5,0,Fair,Mortgaged,West,Closed,Non-Defaulted,0,Fair,Lower-Middle Income,High DTI
CUST100523,Female,31,Professional,Unemployed,Married,3,232400.0,662.0,2,LOAN500523,Personal,233000.0,36,11.28,7659.05,73.24,6.1,0,Fair,Rented,East,Defaulted,Defaulted,1,Fair,Low Income,Very High DTI
CUST100524,Female,35,Post Graduate,Business,Single,1,761400.0,685.0,1,LOAN500524,Home,3308000.0,240,8.15,27979.05,50.45,7.7,1,Good,Rented,West,Closed,Non-Defaulted,0,Good,Upper-Middle Income,Very High DTI
CUST100525,Female,45,Professional,Self-Employed,Married,1,360300.0,667.0,1,LOAN500525,Personal,385000.0,48,13.22,10370.67,50.12,21.6,0,Fair,Owned,Central,Active,Non-Defaulted,0,Fair,Low Income,Very High DTI
CUST100526,Male,51,Graduate,Salaried,Married,2,560100.0,592.0,0,LOAN500526,Personal,733000.0,24,14.6,35401.57,75.0,14.2,0,Poor,Rented,South,Defaulted,Defaulted,1,Fair,Lower-Middle Income,Very High DTI
CUST100527,Male,36,Graduate,Salaried,Married,0,1628300.0,652.0,1,LOAN500527,Home,2712000.0,300,8.85,22481.09,20.7,5.9,0,Fair,Owned,South,Active,Non-Defaulted,0,Fair,High Income,Moderate DTI
CUST100528,Male,33,High School,Unemployed,Single,1,360500.0,683.0,0,LOAN500528,Home,2803000.0,180,6.5,24417.14,75.0,6.3,0,Good,Owned,South,Active,Non-Defaulted,0,Good,Low Income,Very High DTI
CUST100529,Male,38,Post Graduate,Salaried,Divorced,3,206400.0,776.0,4,LOAN500529,Auto,838000.0,72,8.24,14791.25,75.0,12.3,1,Good,Rented,West,Closed,Non-Defaulted,0,Very Good,Low Income,Very High DTI
CUST100530,Female,45,High School,Salaried,Married,0,1223900.0,844.0,1,LOAN500530,Auto,1452000.0,24,6.5,64681.16,65.11,17.6,1,Good,Family,South,Active,Non-Defaulted,0,Excellent,High Income,Very High DTI
CUST100531,Female,22,Graduate,Self-Employed,Married,1,1096600.0,783.0,0,LOAN500531,Auto,851000.0,24,6.5,37908.86,41.48,1.7,0,Excellent,Owned,West,Active,Non-Defaulted,0,Very Good,High Income,High DTI
CUST100532,Female,21,Graduate,Salaried,Married,0,574400.0,636.0,1,LOAN500532,Home,1712000.0,300,9.11,14496.22,40.1,0.8,0,Fair,Rented,Central,Closed,Non-Defaulted,0,Fair,Lower-Middle Income,High DTI
CUST100533,Female,32,Graduate,Self-Employed,Married,1,917100.0,641.0,1,LOAN500533,Auto,1572000.0,24,9.04,71845.27,75.0,5.2,1,Fair,Mortgaged,South,Defaulted,Defaulted,1,Fair,Upper-Middle Income,Very High DTI
CUST100534,Female,25,Graduate,Self-Employed,Married,2,430300.0,679.0,1,LOAN500534,Auto,1135000.0,48,6.63,26984.58,75.0,2.7,0,Fair,Rented,Central,Active,Non-Defaulted,0,Good,Lower-Middle Income,Very High DTI
CUST100535,Female,32,High School,Salaried,Married,2,544600.0,815.0,0,LOAN500535,Home,3162000.0,180,6.5,27544.41,60.69,8.8,0,Excellent,Rented,East,Active,Non-Defaulted,0,Excellent,Lower-Middle Income,Very High DTI
CUST100536,Female,36,Graduate,Business,Married,4,1668100.0,678.0,3,LOAN500536,Auto,1158000.0,72,8.53,20604.48,27.76,13.5,0,Fair,Rented,Central,Active,Non-Defaulted,0,Good,High Income,Moderate DTI
CUST100537,Female,33,Graduate,Salaried,Single,2,599000.0,597.0,0,LOAN500537,Business,2213000.0,84,11.95,39006.35,75.0,6.1,0,Poor,Rented,North,Active,Non-Defaulted,0,Fair,Lower-Middle Income,Very High DTI
CUST100538,Male,54,Professional,Salaried,Married,0,278200.0,655.0,0,LOAN500538,Personal,285000.0,12,10.85,25168.84,75.0,18.3,2,Fair,Rented,South,Defaulted,Defaulted,1,Fair,Low Income,Very High DTI
CUST100539,Male,42,Post Graduate,Salaried,Married,3,662100.0,743.0,0,LOAN500539,Business,295000.0,60,10.18,6294.04,11.41,18.4,0,Excellent,Owned,South,Active,Non-Defaulted,0,Very Good,Lower-Middle Income,Low DTI
CUST100540,Male,41,Professional,Self-Employed,Single,2,625900.0,738.0,1,LOAN500540,Personal,658000.0,12,10.94,58136.72,75.0,10.1,0,Good,Mortgaged,South,Active,Non-Defaulted,0,Good,Lower-Middle Income,Very High DTI
CUST100541,Female,45,Post Graduate,Business,Single,2,1444200.0,676.0,0,LOAN500541,Personal,147000.0,24,10.1,6790.09,5.64,14.1,0,Fair,Owned,North,Active,Non-Defaulted,0,Good,High Income,Low DTI
CUST100542,Female,25,Graduate,Salaried,Single,2,687200.0,738.0,0,LOAN500542,Personal,591000.0,24,13.05,28111.1,49.09,4.2,0,Good,Rented,Central,Closed,Non-Defaulted,0,Good,Lower-Middle Income,High DTI
CUST100543,Male,49,High School,Self-Employed,Divorced,3,530900.0,531.0,1,LOAN500543,Auto,286000.0,72,10.03,5302.72,22.99,22.4,0,Poor,Owned,South,Active,Non-Defaulted,0,Poor,Lower-Middle Income,Moderate DTI
CUST100544,Female,37,Graduate,Salaried,Single,2,1127100.0,697.0,1,LOAN500544,Personal,331000.0,24,10.7,15381.13,18.22,6.9,0,Good,Owned,Central,Active,Non-Defaulted,0,Good,High Income,Low DTI
CUST100545,Female,45,Graduate,Business,Married,1,861000.0,750.0,0,LOAN500545,Business,376000.0,24,9.68,17295.01,24.1,11.5,0,Excellent,Rented,East,Active,Non-Defaulted,0,Very Good,Upper-Middle Income,Moderate DTI
CUST100546,Male,26,Graduate,Salaried,Single,2,476200.0,632.0,0,LOAN500546,Education,831000.0,84,9.67,13654.3,34.41,2.9,0,Fair,Rented,North,Active,Non-Defaulted,0,Fair,Lower-Middle Income,Moderate DTI
CUST100547,Male,21,Graduate,Self-Employed,Married,0,1131600.0,631.0,1,LOAN500547,Auto,1228000.0,24,10.9,57177.43,66.76,0.8,0,Fair,Rented,East,Active,Non-Defaulted,0,Fair,High Income,Very High DTI
CUST100548,Female,47,Graduate,Salaried,Married,1,749000.0,559.0,0,LOAN500548,Home,1271000.0,180,9.46,13241.44,21.21,24.3,0,Poor,Owned,Central,Closed,Non-Defaulted,0,Poor,Upper-Middle Income,Moderate DTI
CUST100549,Male,42,Graduate,Salaried,Divorced,1,660950.0,801.0,1,LOAN500549,Business,1241000.0,60,7.46,24843.51,53.91,16.6,0,Excellent,Mortgaged,East,Active,Non-Defaulted,0,Excellent,Lower-Middle Income,Very High DTI
CUST100550,Female,28,Graduate,Salaried,Married,0,743300.0,640.0,0,LOAN500550,Education,1402000.0,84,10.59,23704.49,38.27,4.5,2,Fair,Owned,North,Active,Non-Defaulted,0,Fair,Upper-Middle Income,High DTI
CUST100551,Male,28,High School,Business,Married,0,486000.0,707.0,0,LOAN500551,Home,2491000.0,240,6.5,18572.23,45.86,2.1,0,Good,Owned,Central,Closed,Non-Defaulted,0,Good,Lower-Middle Income,High DTI
CUST100552,Female,50,Post Graduate,Salaried,Married,0,529800.0,732.0,1,LOAN500552,Auto,1474000.0,36,8.16,46298.68,75.0,21.1,2,Fair,Owned,South,Closed,Non-Defaulted,0,Good,Lower-Middle Income,Very High DTI
CUST100553,Female,25,High School,Business,Single,2,813900.0,796.0,0,LOAN500553,Auto,1680000.0,72,7.76,29259.36,43.14,2.5,0,Excellent,Mortgaged,West,Closed,Non-Defaulted,0,Very Good,Upper-Middle Income,High DTI
CUST100554,Female,56,High School,Salaried,Single,3,621600.0,679.0,0,LOAN500554,Auto,1758000.0,24,6.5,78312.31,75.0,23.8,2,Fair,Owned,East,Overdue,Defaulted,1,Good,Lower-Middle Income,Very High DTI
CUST100555,Female,28,Graduate,Salaried,Married,4,1257100.0,652.0,1,LOAN500555,Home,4542000.0,300,7.56,33742.44,36.46,5.2,0,Fair,Rented,South,Active,Non-Defaulted,0,Fair,High Income,High DTI
CUST100556,Male,45,Graduate,Salaried,Divorced,1,757600.0,702.0,3,LOAN500556,Home,1928000.0,240,6.5,14374.65,38.25,14.1,0,Good,Mortgaged,South,Active,Non-Defaulted,0,Good,Upper-Middle Income,High DTI
CUST100557,Male,34,Graduate,Business,Married,2,1224700.0,780.0,2,LOAN500557,Personal,772000.0,24,9.67,35506.41,38.93,12.1,0,Excellent,Owned,Central,Active,Non-Defaulted,0,Very Good,High Income,High DTI
CUST100558,Male,45,Graduate,Salaried,Single,3,685600.0,678.0,2,LOAN500558,Home,4156000.0,120,9.74,54325.23,75.0,6.6,0,Fair,Rented,Central,Defaulted,Defaulted,1,Good,Lower-Middle Income,Very High DTI
CUST100559,Female,32,Graduate,Business,Single,0,1349000.0,623.0,2,LOAN500559,Auto,1531000.0,72,9.82,28224.28,34.08,8.6,0,Fair,Rented,East,Closed,Non-Defaulted,0,Fair,High Income,Moderate DTI
CUST100560,Female,36,Graduate,Business,Single,2,983300.0,582.0,4,LOAN500560,Business,242000.0,48,12.11,6385.87,29.96,8.3,0,Poor,Rented,South,Closed,Non-Defaulted,0,Fair,Upper-Middle Income,Moderate DTI
CUST100561,Female,38,Professional,Unemployed,Married,2,274800.0,605.0,2,LOAN500561,Business,2872000.0,84,9.09,46339.12,75.0,12.9,0,Fair,Mortgaged,North,Defaulted,Defaulted,1,Fair,Low Income,Very High DTI
CUST100562,Male,27,Professional,Salaried,Married,0,678200.0,751.0,1,LOAN500562,Auto,1434000.0,72,6.5,24105.44,52.44,4.8,0,Excellent,Family,North,Active,Non-Defaulted,0,Very Good,Lower-Middle Income,Very High DTI
CUST100563,Male,46,Graduate,Self-Employed,Married,3,411100.0,668.0,1,LOAN500563,Auto,1417000.0,60,8.64,29167.63,75.0,6.7,0,Fair,Family,East,Closed,Non-Defaulted,0,Fair,Lower-Middle Income,Very High DTI
CUST100564,Male,32,Graduate,Self-Employed,Married,3,829100.0,647.0,0,LOAN500564,Personal,111000.0,12,12.15,9870.01,14.29,5.2,0,Fair,Rented,South,Active,Non-Defaulted,0,Fair,Upper-Middle Income,Low DTI
CUST100565,Male,35,Post Graduate,Salaried,Married,0,669500.0,640.0,1,LOAN500565,Auto,534000.0,24,9.62,24547.84,54.02,5.6,0,Fair,Mortgaged,North,Closed,Non-Defaulted,0,Fair,Lower-Middle Income,Very High DTI
CUST100566,Female,27,High School,Self-Employed,Married,0,510800.0,696.0,4,LOAN500566,Personal,772000.0,36,11.94,25619.33,75.0,2.5,0,Good,Owned,South,Overdue,Defaulted,1,Good,Lower-Middle Income,Very High DTI
CUST100567,Male,21,Graduate,Salaried,Single,0,1160800.0,673.0,1,LOAN500567,Personal,426000.0,48,10.68,10944.11,15.24,0.7,1,Fair,Rented,West,Closed,Non-Defaulted,0,Good,High Income,Low DTI
CUST100568,Male,36,Graduate,Salaried,Married,1,374500.0,671.0,2,LOAN500568,Auto,806000.0,72,8.76,14432.76,75.0,6.5,0,Fair,Rented,Central,Closed,Non-Defaulted,0,Good,Low Income,Very High DTI
CUST100569,Female,65,Professional,Salaried,Single,1,557200.0,784.0,1,LOAN500569,Home,4280000.0,240,6.5,31910.53,75.0,25.1,2,Fair,Family,East,Active,Non-Defaulted,0,Very Good,Lower-Middle Income,Very High DTI
CUST100570,Male,47,High School,Salaried,Single,1,1117700.0,798.0,1,LOAN500570,Personal,116000.0,36,8.4,3656.46,8.66,11.1,0,Excellent,Rented,West,Closed,Non-Defaulted,0,Very Good,High Income,Low DTI
CUST100571,Male,38,Graduate,Salaried,Married,0,794100.0,577.0,1,LOAN500571,Education,684000.0,120,10.24,9130.26,17.82,11.3,2,Poor,Family,South,Active,Non-Defaulted,0,Poor,Upper-Middle Income,Low DTI
CUST100572,Female,35,Post Graduate,Salaried,Married,3,667000.0,713.0,1,LOAN500572,Home,2191000.0,180,7.41,20198.95,42.56,10.8,0,Good,Rented,East,Active,Non-Defaulted,0,Good,Lower-Middle Income,High DTI
CUST100573,Male,38,Graduate,Self-Employed,Married,1,733200.0,636.0,1,LOAN500573,Personal,312000.0,12,9.69,27384.79,48.82,8.4,0,Fair,Family,West,Active,Non-Defaulted,0,Fair,Upper-Middle Income,High DTI
CUST100574,Female,44,High School,Salaried,Married,0,743900.0,673.0,2,LOAN500574,Personal,281000.0,60,9.73,5933.16,14.96,15.4,0,Fair,Mortgaged,West,Active,Non-Defaulted,0,Good,Upper-Middle Income,Low DTI
CUST100575,Female,25,Professional,Salaried,Married,1,329600.0,712.0,2,LOAN500575,Personal,208000.0,48,14.05,5689.13,50.92,3.9,0,Good,Owned,South,Active,Non-Defaulted,0,Good,Low Income,Very High DTI
CUST100576,Female,50,Graduate,Salaried,Married,1,577200.0,675.0,3,LOAN500576,Personal,180000.0,12,10.89,15899.46,66.67,9.3,0,Fair,Rented,East,Defaulted,Defaulted,1,Good,Lower-Middle Income,Very High DTI
CUST100577,Male,46,Graduate,Self-Employed,Married,1,1412200.0,706.0,0,LOAN500577,Education,997000.0,84,10.26,16685.63,14.18,18.5,0,Good,Rented,Central,Active,Non-Defaulted,0,Good,High Income,Low DTI
CUST100578,Female,46,High School,Self-Employed,Married,1,473700.0,737.0,3,LOAN500578,Home,4637000.0,180,6.5,40393.25,75.0,12.0,0,Good,Owned,East,Closed,Non-Defaulted,0,Good,Lower-Middle Income,Very High DTI
CUST100579,Male,43,Graduate,Salaried,Married,0,585800.0,711.0,1,LOAN500579,Education,812000.0,84,8.14,12712.72,33.36,7.6,0,Good,Rented,East,Active,Non-Defaulted,0,Good,Lower-Middle Income,Moderate DTI
CUST100580,Male,38,Graduate,Self-Employed,Single,3,501200.0,645.0,0,LOAN500580,Personal,273000.0,36,12.75,9165.61,21.94,10.9,0,Fair,Rented,West,Active,Non-Defaulted,0,Fair,Lower-Middle Income,Moderate DTI
CUST100581,Male,45,High School,Salaried,Single,4,654600.0,646.0,2,LOAN500581,Home,1216000.0,300,8.15,9506.44,25.75,9.9,0,Fair,Owned,North,Active,Non-Defaulted,0,Fair,Lower-Middle Income,Moderate DTI
CUST100582,Female,45,High School,Self-Employed,Married,1,491300.0,589.0,0,LOAN500582,Auto,1520000.0,36,10.02,49060.4,75.0,19.6,0,Poor,Mortgaged,East,Active,Non-Defaulted,0,Fair,Lower-Middle Income,Very High DTI
CUST100583,Male,34,Post Graduate,Salaried,Single,1,862100.0,630.0,0,LOAN500583,Auto,1753000.0,24,9.42,80423.59,75.0,3.9,0,Fair,Family,Central,Active,Non-Defaulted,0,Fair,Upper-Middle Income,Very High DTI
CUST100584,Male,32,High School,Salaried,Married,2,750300.0,827.0,1,LOAN500584,Auto,726000.0,60,6.5,14205.02,31.01,3.8,0,Excellent,Mortgaged,South,Closed,Non-Defaulted,0,Excellent,Upper-Middle Income,Moderate DTI
CUST100585,Female,39,High School,Self-Employed,Single,2,942300.0,635.0,2,LOAN500585,Business,1015000.0,60,10.68,21906.92,32.12,11.2,0,Fair,Rented,South,Active,Non-Defaulted,0,Fair,Upper-Middle Income,Moderate DTI
CUST100586,Male,55,Graduate,Salaried,Single,1,412100.0,606.0,0,LOAN500586,Personal,501000.0,24,12.31,23656.4,68.89,22.1,0,Fair,Owned,East,Active,Non-Defaulted,0,Fair,Lower-Middle Income,Very High DTI
CUST100587,Male,24,Post Graduate,Self-Employed,Married,3,552000.0,712.0,1,LOAN500587,Home,3989000.0,240,6.5,29740.91,74.41,9.1,2,Fair,Rented,South,Overdue,Defaulted,1,Good,Lower-Middle Income,Very High DTI
CUST100588,Male,22,High School,Self-Employed,Divorced,2,583300.0,682.0,1,LOAN500588,Business,1475000.0,60,9.32,30848.16,67.76,0.8,0,Good,Family,East,Active,Non-Defaulted,0,Good,Lower-Middle Income,Very High DTI
CUST100589,Male,40,Graduate,Salaried,Single,1,849400.0,693.0,2,LOAN500589,Personal,523000.0,12,13.38,46806.23,73.36,15.9,0,Fair,Mortgaged,North,Active,Non-Defaulted,0,Good,Upper-Middle Income,Very High DTI
CUST100590,Male,39,High School,Salaried,Married,2,466400.0,789.0,3,LOAN500590,Personal,587000.0,12,8.59,51222.48,75.0,16.5,0,Excellent,Mortgaged,East,Closed,Non-Defaulted,0,Very Good,Lower-Middle Income,Very High DTI
CUST100591,Male,40,High School,Salaried,Married,4,1059200.0,728.0,1,LOAN500591,Personal,770000.0,12,11.59,68265.97,75.0,11.5,1,Good,Rented,East,Closed,Non-Defaulted,0,Good,High Income,Very High DTI
CUST100592,Female,41,High School,Business,Single,2,1436000.0,653.0,0,LOAN500592,Auto,422000.0,60,8.69,8696.67,7.27,15.6,0,Fair,Family,South,Active,Non-Defaulted,0,Fair,High Income,Low DTI
CUST100593,Male,36,Post Graduate,Self-Employed,Married,0,404400.0,660.0,0,LOAN500593,Personal,798000.0,24,12.36,37698.93,75.0,9.5,0,Fair,Owned,South,Active,Non-Defaulted,0,Fair,Lower-Middle Income,Very High DTI
CUST100594,Male,54,High School,Salaried,Married,1,539200.0,655.0,1,LOAN500594,Personal,344000.0,60,11.91,7636.45,24.34,10.0,0,Fair,Mortgaged,South,Active,Non-Defaulted,0,Fair,Lower-Middle Income,Moderate DTI
CUST100595,Female,21,High School,Salaried,Married,1,528700.0,751.0,2,LOAN500595,Home,3754000.0,240,6.5,27988.82,75.0,0.5,0,Excellent,Owned,South,Active,Non-Defaulted,0,Very Good,Lower-Middle Income,Very High DTI
CUST100596,Male,29,Graduate,Self-Employed,Married,1,2299700.0,668.0,0,LOAN500596,Auto,1094000.0,24,8.8,49878.78,26.03,2.8,0,Fair,Mortgaged,East,Closed,Non-Defaulted,0,Fair,High Income,Moderate DTI
CUST100597,Female,37,Post Graduate,Business,Single,2,661000.0,564.0,0,LOAN500597,Personal,415000.0,60,14.15,9688.63,17.59,15.2,0,Poor,Rented,South,Active,Non-Defaulted,0,Poor,Lower-Middle Income,Low DTI
CUST100598,Male,21,Graduate,Salaried,Single,3,1526900.0,687.0,2,LOAN500598,Personal,574000.0,60,10.38,12303.4,18.01,0.4,0,Good,Family,West,Active,Non-Defaulted,0,Good,High Income,Low DTI
CUST100599,Male,36,Graduate,Salaried,Married,2,371600.0,582.0,1,LOAN500599,Auto,803000.0,60,12.65,18127.17,75.0,10.6,1,Poor,Mortgaged,West,Defaulted,Defaulted,1,Fair,Low Income,Very High DTI
CUST100600,Male,56,High School,Business,Married,4,505300.0,843.0,2,LOAN500600,Business,553000.0,24,8.44,25121.81,75.0,15.7,0,Excellent,Rented,South,Closed,Non-Defaulted,0,Excellent,Lower-Middle Income,Very High DTI
CUST100601,Male,38,Graduate,Salaried,Married,1,490900.0,622.0,2,LOAN500601,Auto,957000.0,60,10.42,20531.76,65.88,12.1,0,Fair,Rented,North,Closed,Non-Defaulted,0,Fair,Lower-Middle Income,Very High DTI
CUST100602,Male,41,Graduate,Salaried,Married,3,454800.0,693.0,2,LOAN500602,Education,831000.0,120,10.21,11078.59,46.93,8.1,0,Fair,Mortgaged,North,Overdue,Defaulted,1,Good,Lower-Middle Income,High DTI
CUST100603,Male,24,Graduate,Unemployed,Single,2,240100.0,708.0,1,LOAN500603,Home,1409000.0,300,6.5,9513.67,62.95,3.0,0,Good,Rented,East,Active,Non-Defaulted,0,Good,Low Income,Very High DTI
CUST100604,Male,31,Graduate,Self-Employed,Married,1,462600.0,670.0,1,LOAN500604,Personal,752000.0,60,12.34,16857.31,54.67,3.5,0,Fair,Rented,South,Defaulted,Defaulted,1,Good,Lower-Middle Income,Very High DTI
CUST100605,Male,34,Graduate,Salaried,Single,2,460600.0,670.0,4,LOAN500605,Home,1524000.0,180,9.92,16302.48,75.0,11.6,0,Fair,Mortgaged,North,Closed,Non-Defaulted,0,Good,Lower-Middle Income,Very High DTI
CUST100606,Male,35,High School,Salaried,Single,0,1190100.0,720.0,1,LOAN500606,Education,673000.0,60,9.3,14068.57,19.42,11.9,1,Good,Owned,South,Active,Non-Defaulted,0,Good,High Income,Low DTI
CUST100607,Male,52,Graduate,Salaried,Single,2,1228100.0,797.0,0,LOAN500607,Home,1197000.0,300,6.5,8082.23,7.9,22.1,0,Excellent,Mortgaged,Central,Closed,Non-Defaulted,0,Very Good,High Income,Low DTI
CUST100608,Male,44,High School,Salaried,Married,1,1076500.0,744.0,0,LOAN500608,Education,850000.0,60,6.99,16827.01,18.76,7.1,0,Excellent,Mortgaged,West,Closed,Non-Defaulted,0,Very Good,High Income,Low DTI
CUST100609,Male,26,Post Graduate,Business,Single,1,1044900.0,793.0,2,LOAN500609,Business,1061000.0,12,7.31,91956.57,75.0,2.3,0,Excellent,Owned,Central,Closed,Non-Defaulted,0,Very Good,High Income,Very High DTI
CUST100610,Female,41,Professional,Salaried,Married,2,713600.0,617.0,3,LOAN500610,Personal,417000.0,24,11.26,19485.84,61.24,17.0,0,Fair,Family,North,Closed,Non-Defaulted,0,Fair,Upper-Middle Income,Very High DTI
CUST100611,Male,43,Professional,Self-Employed,Divorced,2,512000.0,712.0,0,LOAN500611,Personal,218000.0,60,10.48,4683.51,10.98,7.6,0,Good,Mortgaged,North,Closed,Non-Defaulted,0,Good,Lower-Middle Income,Low DTI
CUST100612,Female,51,Post Graduate,Business,Married,0,514200.0,701.0,0,LOAN500612,Personal,90000.0,12,10.01,7912.85,18.47,10.9,1,Good,Rented,North,Closed,Non-Defaulted,0,Good,Lower-Middle Income,Low DTI
CUST100613,Female,55,Graduate,Salaried,Married,0,812400.0,715.0,3,LOAN500613,Home,4007000.0,240,6.68,30301.25,62.0,21.1,1,Good,Owned,Central,Active,Non-Defaulted,0,Good,Upper-Middle Income,Very High DTI
CUST100614,Male,27,Post Graduate,Salaried,Married,1,388500.0,786.0,3,LOAN500614,Personal,531000.0,48,9.76,13406.41,62.95,3.0,0,Excellent,Family,South,Closed,Non-Defaulted,0,Very Good,Low Income,Very High DTI
CUST100615,Female,29,Graduate,Salaried,Single,2,423600.0,675.0,0,LOAN500615,Business,1154000.0,24,8.93,52683.14,75.0,3.5,0,Fair,Rented,South,Defaulted,Defaulted,1,Good,Lower-Middle Income,Very High DTI
CUST100616,Female,24,Graduate,Business,Married,3,1413100.0,662.0,1,LOAN500616,Personal,86000.0,36,11.02,2816.34,5.52,2.5,1,Fair,Rented,South,Closed,Non-Defaulted,0,Fair,High Income,Low DTI
CUST100617,Male,35,Graduate,Business,Married,3,2023200.0,727.0,1,LOAN500617,Home,4395000.0,180,6.5,38285.17,24.02,7.4,0,Good,Mortgaged,West,Closed,Non-Defaulted,0,Good,High Income,Moderate DTI
CUST100618,Male,43,Graduate,Salaried,Divorced,1,824300.0,566.0,0,LOAN500618,Personal,177000.0,48,12.9,4739.69,6.9,7.9,0,Poor,Mortgaged,South,Closed,Non-Defaulted,0,Poor,Upper-Middle Income,Low DTI
CUST100619,Female,49,Post Graduate,Self-Employed,Married,2,1105500.0,673.0,2,LOAN500619,Business,2806000.0,60,10.7,60590.27,75.0,17.3,0,Fair,Rented,East,Closed,Non-Defaulted,0,Good,High Income,Very High DTI
CUST100620,Female,37,Graduate,Self-Employed,Married,1,577600.0,681.0,0,LOAN500620,Auto,940000.0,72,8.67,16790.46,34.88,8.5,0,Good,Rented,Central,Active,Non-Defaulted,0,Good,Lower-Middle Income,Moderate DTI
CUST100621,Male,34,Graduate,Business,Married,2,427500.0,626.0,0,LOAN500621,Business,1153000.0,48,11.11,29861.52,75.0,10.2,0,Fair,Rented,South,Active,Non-Defaulted,0,Fair,Lower-Middle Income,Very High DTI
CUST100622,Male,40,Professional,Salaried,Married,0,915600.0,764.0,0,LOAN500622,Business,2277000.0,36,8.38,71752.74,75.0,6.3,0,Excellent,Owned,East,Active,Non-Defaulted,0,Very Good,Upper-Middle Income,Very High DTI
CUST100623,Male,29,High School,Salaried,Married,1,897000.0,616.0,0,LOAN500623,Home,4446000.0,300,8.59,36070.45,48.25,5.9,0,Fair,Family,East,Active,Non-Defaulted,0,Fair,Upper-Middle Income,High DTI
CUST100624,Male,61,Graduate,Business,Married,2,840900.0,680.0,0,LOAN500624,Personal,328000.0,12,12.9,29280.68,41.78,21.9,0,Good,Family,West,Active,Non-Defaulted,0,Good,Upper-Middle Income,High DTI
CUST100625,Female,21,Professional,Salaried,Married,0,607500.0,711.0,0,LOAN500625,Personal,356000.0,12,9.45,31207.06,61.64,0.5,0,Good,Rented,South,Active,Non-Defaulted,0,Good,Lower-Middle Income,Very High DTI
CUST100626,Male,40,Graduate,Salaried,Divorced,2,1083100.0,785.0,2,LOAN500626,Personal,375000.0,24,10.7,17425.75,26.07,8.0,0,Excellent,Owned,North,Active,Non-Defaulted,0,Very Good,High Income,Moderate DTI
CUST100627,Male,60,Graduate,Salaried,Married,3,425200.0,689.0,0,LOAN500627,Auto,1672000.0,60,6.76,32918.61,75.0,10.8,0,Good,Rented,West,Active,Non-Defaulted,0,Good,Lower-Middle Income,Very High DTI
CUST100628,Female,38,Graduate,Salaried,Married,1,470800.0,756.0,3,LOAN500628,Personal,569000.0,48,10.45,14554.59,50.37,14.4,0,Excellent,Rented,South,Active,Non-Defaulted,0,Very Good,Lower-Middle Income,Very High DTI
CUST100629,Male,36,Graduate,Salaried,Married,1,420700.0,739.0,1,LOAN500629,Personal,236000.0,12,11.45,20907.64,72.07,7.4,0,Good,Rented,Central,Closed,Non-Defaulted,0,Good,Lower-Middle Income,Very High DTI
CUST100630,Male,34,Post Graduate,Unemployed,Divorced,3,284400.0,699.0,1,LOAN500630,Auto,455000.0,48,6.89,10872.34,64.59,9.7,0,Good,Rented,East,Active,Non-Defaulted,0,Good,Low Income,Very High DTI
CUST100631,Female,36,Graduate,Salaried,Single,2,404900.0,614.0,0,LOAN500631,Auto,530000.0,60,10.1,11287.03,33.45,13.9,0,Fair,Owned,East,Active,Non-Defaulted,0,Fair,Lower-Middle Income,Moderate DTI
CUST100632,Female,53,Graduate,Salaried,Married,1,491400.0,590.0,0,LOAN500632,Auto,585000.0,72,9.13,10582.72,25.84,20.4,0,Poor,Rented,North,Closed,Non-Defaulted,0,Fair,Lower-Middle Income,Moderate DTI
CUST100633,Male,21,High School,Self-Employed,Married,1,463200.0,697.0,1,LOAN500633,Home,1536000.0,120,8.32,18896.65,62.17,0.5,0,Good,Mortgaged,West,Active,Non-Defaulted,0,Good,Lower-Middle Income,Very High DTI
CUST100634,Male,55,High School,Salaried,Single,2,602200.0,652.0,1,LOAN500634,Education,1022000.0,84,8.16,16010.7,36.96,14.9,0,Fair,Family,West,Active,Non-Defaulted,0,Fair,Lower-Middle Income,High DTI
CUST100635,Male,22,Professional,Salaried,Married,2,334200.0,754.0,2,LOAN500635,Home,1022000.0,300,6.5,6900.62,51.25,1.7,0,Excellent,Owned,East,Active,Non-Defaulted,0,Very Good,Low Income,Very High DTI
CUST100636,Male,35,Graduate,Self-Employed,Married,0,677800.0,742.0,2,LOAN500636,Personal,341000.0,36,10.48,11080.12,32.23,10.4,0,Excellent,Owned,South,Closed,Non-Defaulted,0,Very Good,Lower-Middle Income,Moderate DTI
CUST100637,Male,33,Graduate,Business,Married,1,1478600.0,677.0,1,LOAN500637,Education,975000.0,36,10.03,31474.24,28.03,8.9,0,Fair,Rented,Central,Active,Non-Defaulted,0,Good,High Income,Moderate DTI
CUST100638,Male,44,High School,Self-Employed,Single,3,693700.0,609.0,1,LOAN500638,Business,1014000.0,36,11.93,33645.42,67.16,12.6,0,Fair,Owned,South,Closed,Non-Defaulted,0,Fair,Lower-Middle Income,Very High DTI
CUST100639,Male,21,Post Graduate,Self-Employed,Married,2,1362100.0,726.0,3,LOAN500639,Personal,99000.0,12,11.13,8755.79,12.98,0.8,0,Good,Rented,North,Active,Non-Defaulted,0,Good,High Income,Low DTI
CUST100640,Male,43,Professional,Salaried,Married,4,1294800.0,619.0,1,LOAN500640,Home,868000.0,180,8.01,8300.07,10.81,16.4,0,Fair,Mortgaged,Central,Active,Non-Defaulted,0,Fair,High Income,Low DTI
CUST100641,Male,60,Graduate,Unemployed,Married,2,396500.0,637.0,4,LOAN500641,Home,1067000.0,180,7.14,9674.21,70.76,17.4,0,Fair,Rented,West,Defaulted,Defaulted,1,Fair,Low Income,Very High DTI
CUST100642,Male,23,High School,Salaried,Single,4,707400.0,621.0,2,LOAN500642,Personal,677000.0,12,13.99,60782.69,75.0,1.9,1,Fair,Rented,South,Active,Non-Defaulted,0,Fair,Upper-Middle Income,Very High DTI
CUST100643,Male,40,Graduate,Self-Employed,Divorced,0,657100.0,680.0,0,LOAN500643,Education,1021000.0,60,9.76,21572.86,39.4,10.6,0,Good,Mortgaged,Central,Closed,Non-Defaulted,0,Good,Lower-Middle Income,High DTI
CUST100644,Male,31,Post Graduate,Salaried,Married,2,984700.0,772.0,0,LOAN500644,Personal,98000.0,60,9.32,2049.57,5.0,2.8,0,Excellent,Family,North,Active,Non-Defaulted,0,Very Good,Upper-Middle Income,Low DTI
CUST100645,Male,43,Graduate,Business,Married,0,673200.0,690.0,1,LOAN500645,Education,647000.0,60,7.43,12943.04,26.57,17.8,0,Good,Owned,North,Closed,Non-Defaulted,0,Good,Lower-Middle Income,Moderate DTI
CUST100646,Female,38,Post Graduate,Self-Employed,Married,2,263300.0,659.0,2,LOAN500646,Auto,610000.0,36,10.16,19728.84,75.0,5.9,1,Fair,Mortgaged,West,Overdue,Defaulted,1,Fair,Low Income,Very High DTI
CUST100647,Female,31,Graduate,Self-Employed,Married,1,823100.0,693.0,1,LOAN500647,Auto,1104000.0,60,11.57,24318.65,38.78,6.4,0,Poor,Mortgaged,North,Active,Non-Defaulted,0,Good,Upper-Middle Income,High DTI
CUST100648,Female,43,Post Graduate,Salaried,Married,1,396600.0,729.0,2,LOAN500648,Personal,442000.0,24,10.36,20469.58,73.05,10.8,0,Good,Rented,Central,Active,Non-Defaulted,0,Good,Low Income,Very High DTI
CUST100649,Female,58,Graduate,Salaried,Married,3,430100.0,635.0,0,LOAN500649,Personal,411000.0,48,11.61,10744.67,29.98,17.9,0,Fair,Mortgaged,West,Closed,Non-Defaulted,0,Fair,Lower-Middle Income,Moderate DTI
CUST100650,Male,36,High School,Self-Employed,Married,3,650100.0,698.0,0,LOAN500650,Personal,286000.0,24,10.88,13313.91,24.58,9.0,1,Good,Owned,South,Active,Non-Defaulted,0,Good,Lower-Middle Income,Moderate DTI
CUST100651,Male,46,Graduate,Self-Employed,Married,0,621000.0,665.0,0,LOAN500651,Personal,153000.0,48,11.52,3993.11,7.72,23.3,0,Fair,Family,Central,Active,Non-Defaulted,0,Fair,Lower-Middle Income,Low DTI
CUST100652,Male,24,High School,Salaried,Married,2,346500.0,749.0,1,LOAN500652,Home,3841000.0,120,6.99,44577.47,75.0,2.1,1,Good,Mortgaged,North,Closed,Non-Defaulted,0,Very Good,Low Income,Very High DTI
CUST100653,Female,27,Professional,Unemployed,Single,1,295600.0,679.0,1,LOAN500653,Education,1332000.0,36,8.14,41826.12,75.0,2.6,0,Fair,Mortgaged,East,Active,Non-Defaulted,0,Good,Low Income,Very High DTI
CUST100654,Female,43,Post Graduate,Business,Married,1,1291900.0,686.0,0,LOAN500654,Home,4749000.0,300,6.77,32871.39,30.53,14.9,1,Good,Mortgaged,Central,Active,Non-Defaulted,0,Good,High Income,Moderate DTI
CUST100655,Male,54,Post Graduate,Salaried,Single,3,397100.0,724.0,1,LOAN500655,Education,182000.0,60,8.28,3714.74,16.13,13.7,1,Good,Owned,Central,Active,Non-Defaulted,0,Good,Low Income,Low DTI
CUST100656,Male,42,Graduate,Business,Single,1,1496500.0,837.0,0,LOAN500656,Home,3830000.0,240,6.5,28555.45,22.9,7.0,1,Good,Owned,South,Closed,Non-Defaulted,0,Excellent,High Income,Moderate DTI
CUST100657,Male,35,High School,Salaried,Married,4,322800.0,752.0,0,LOAN500657,Education,1117000.0,84,8.83,17875.28,66.45,4.2,0,Excellent,Owned,North,Active,Non-Defaulted,0,Very Good,Low Income,Very High DTI
CUST100658,Male,38,Post Graduate,Salaried,Married,0,1885700.0,684.0,2,LOAN500658,Business,2852000.0,36,10.8,93100.93,65.14,4.8,1,Good,Owned,South,Closed,Non-Defaulted,0,Good,High Income,Very High DTI
CUST100659,Female,24,Graduate,Salaried,Married,2,560200.0,690.0,1,LOAN500659,Personal,240000.0,60,13.03,5464.42,22.73,2.1,2,Fair,Owned,East,Active,Non-Defaulted,0,Good,Lower-Middle Income,Moderate DTI
CUST100660,Female,45,High School,Self-Employed,Married,2,697100.0,653.0,1,LOAN500660,Education,1139000.0,36,8.75,36087.51,66.87,13.2,0,Fair,Mortgaged,East,Active,Non-Defaulted,0,Fair,Lower-Middle Income,Very High DTI
CUST100661,Male,48,Graduate,Self-Employed,Married,0,262100.0,624.0,2,LOAN500661,Auto,240000.0,24,11.03,11189.22,75.0,10.4,0,Fair,Rented,North,Closed,Non-Defaulted,0,Fair,Low Income,Very High DTI
CUST100662,Female,33,High School,Salaried,Married,1,662400.0,651.0,2,LOAN500662,Education,984000.0,120,8.83,12374.55,41.42,9.9,0,Fair,Rented,South,Active,Non-Defaulted,0,Fair,Lower-Middle Income,High DTI
CUST100663,Female,33,Graduate,Self-Employed,Married,3,725300.0,636.0,0,LOAN500663,Auto,729000.0,48,8.96,18127.35,29.99,9.1,0,Fair,Owned,West,Defaulted,Defaulted,1,Fair,Upper-Middle Income,Moderate DTI
CUST100664,Male,41,Graduate,Self-Employed,Married,2,623700.0,736.0,1,LOAN500664,Home,3960000.0,300,6.84,27585.57,64.55,17.7,0,Good,Family,South,Overdue,Defaulted,1,Good,Lower-Middle Income,Very High DTI
CUST100665,Male,33,High School,Self-Employed,Divorced,1,496100.0,615.0,2,LOAN500665,Personal,697000.0,48,13.81,18980.19,53.62,8.2,0,Fair,Rented,North,Closed,Non-Defaulted,0,Fair,Lower-Middle Income,Very High DTI
CUST100666,Male,37,Professional,Salaried,Married,1,433300.0,783.0,2,LOAN500666,Personal,324000.0,24,9.21,14833.09,54.8,4.6,0,Excellent,Family,Central,Active,Non-Defaulted,0,Very Good,Lower-Middle Income,Very High DTI
CUST100667,Male,61,High School,Business,Married,0,1398000.0,743.0,2,LOAN500667,Home,2865000.0,240,6.72,21733.36,27.26,35.9,0,Excellent,Mortgaged,South,Closed,Non-Defaulted,0,Very Good,High Income,Moderate DTI
CUST100668,Male,35,High School,Salaried,Single,0,692700.0,691.0,0,LOAN500668,Business,529000.0,60,10.05,11252.71,19.49,6.8,0,Good,Rented,West,Active,Non-Defaulted,0,Good,Lower-Middle Income,Low DTI
CUST100669,Male,34,High School,Salaried,Single,1,1429800.0,690.0,0,LOAN500669,Auto,838000.0,48,6.5,19873.13,16.68,7.6,0,Good,Owned,North,Active,Non-Defaulted,0,Good,High Income,Low DTI
CUST100670,Male,31,Post Graduate,Salaried,Single,0,530100.0,651.0,1,LOAN500670,Home,2124000.0,300,7.94,16309.04,49.03,4.8,1,Fair,Rented,South,Active,Non-Defaulted,0,Fair,Lower-Middle Income,High DTI
CUST100671,Male,46,Graduate,Salaried,Single,3,553900.0,709.0,2,LOAN500671,Education,356000.0,120,7.5,4225.78,34.36,18.8,0,Good,Owned,East,Closed,Non-Defaulted,0,Good,Lower-Middle Income,Moderate DTI
CUST100672,Female,36,Graduate,Business,Married,2,1201800.0,766.0,0,LOAN500672,Education,1352000.0,36,8.98,42980.65,42.92,9.1,0,Excellent,Mortgaged,East,Closed,Non-Defaulted,0,Very Good,High Income,High DTI
CUST100673,Male,31,High School,Salaried,Single,4,313200.0,641.0,0,LOAN500673,Personal,161000.0,24,13.44,7687.55,29.45,3.7,0,Fair,Mortgaged,East,Closed,Non-Defaulted,0,Fair,Low Income,Moderate DTI
CUST100674,Male,53,High School,Self-Employed,Single,2,363000.0,583.0,2,LOAN500674,Personal,527000.0,48,12.37,13973.86,68.36,10.5,0,Poor,Rented,South,Active,Non-Defaulted,0,Fair,Low Income,Very High DTI
CUST100675,Male,54,Graduate,Salaried,Single,4,1155800.0,739.0,0,LOAN500675,Personal,718000.0,12,9.41,62926.76,65.33,24.5,0,Good,Rented,East,Active,Non-Defaulted,0,Good,High Income,Very High DTI
CUST100676,Female,31,Post Graduate,Salaried,Single,2,388900.0,713.0,0,LOAN500676,Business,2754000.0,36,9.34,88012.91,75.0,4.4,0,Good,Owned,East,Active,Non-Defaulted,0,Good,Low Income,Very High DTI
CUST100677,Male,21,Post Graduate,Unemployed,Single,2,120000.0,612.0,0,LOAN500677,Education,1211000.0,120,11.02,16695.24,75.0,0.3,0,Fair,Mortgaged,South,Defaulted,Defaulted,1,Fair,Low Income,Very High DTI
CUST100678,Male,49,High School,Self-Employed,Married,4,1593800.0,639.0,0,LOAN500678,Personal,182000.0,12,12.73,16232.7,12.22,16.7,0,Fair,Family,Central,Closed,Non-Defaulted,0,Fair,High Income,Low DTI
CUST100679,Female,30,Graduate,Salaried,Married,2,349600.0,630.0,1,LOAN500679,Personal,663000.0,24,15.77,32389.73,75.0,7.7,0,Fair,Rented,Central,Active,Non-Defaulted,0,Fair,Low Income,Very High DTI
CUST100680,Female,47,Professional,Salaried,Single,0,745600.0,639.0,1,LOAN500680,Education,487000.0,120,9.69,6352.43,15.65,11.6,2,Fair,Rented,Central,Closed,Non-Defaulted,0,Fair,Upper-Middle Income,Low DTI
CUST100681,Female,21,Graduate,Salaried,Married,2,705500.0,667.0,0,LOAN500681,Business,2783000.0,60,10.89,60356.61,75.0,0.4,0,Fair,Rented,West,Active,Non-Defaulted,0,Fair,Upper-Middle Income,Very High DTI
CUST100682,Male,48,Post Graduate,Salaried,Married,3,177100.0,671.0,0,LOAN500682,Education,1093000.0,60,11.35,23955.69,75.0,22.2,0,Fair,Owned,North,Active,Non-Defaulted,0,Good,Low Income,Very High DTI
CUST100683,Male,25,High School,Business,Single,2,714700.0,644.0,0,LOAN500683,Auto,1446000.0,48,9.49,36321.15,60.98,1.7,2,Fair,Owned,East,Overdue,Defaulted,1,Fair,Upper-Middle Income,Very High DTI
CUST100684,Female,46,Professional,Self-Employed,Married,2,806100.0,637.0,1,LOAN500684,Personal,114000.0,48,11.15,2954.7,8.33,16.9,1,Fair,Owned,West,Active,Non-Defaulted,0,Fair,Upper-Middle Income,Low DTI
CUST100685,Female,38,Post Graduate,Salaried,Married,2,809000.0,674.0,0,LOAN500685,Home,3122000.0,300,7.91,23910.26,35.47,15.7,1,Fair,Mortgaged,North,Active,Non-Defaulted,0,Good,Upper-Middle Income,High DTI
CUST100686,Female,28,Professional,Business,Married,4,1253600.0,702.0,1,LOAN500686,Personal,666000.0,12,11.77,59101.66,59.46,6.4,1,Good,Rented,East,Closed,Non-Defaulted,0,Good,High Income,Very High DTI
CUST100687,Female,34,Post Graduate,Self-Employed,Married,0,539700.0,668.0,0,LOAN500687,Education,1306000.0,120,9.13,16635.88,36.99,4.1,0,Fair,Mortgaged,South,Active,Non-Defaulted,0,Fair,Lower-Middle Income,High DTI
CUST100688,Male,46,Graduate,Salaried,Single,2,960800.0,771.0,0,LOAN500688,Home,629000.0,120,6.62,7180.63,8.97,11.9,1,Good,Owned,South,Active,Non-Defaulted,0,Very Good,Upper-Middle Income,Low DTI
CUST100689,Female,39,Professional,Salaried,Divorced,1,490200.0,726.0,0,LOAN500689,Education,1415000.0,120,9.14,18032.01,44.14,6.5,1,Good,Mortgaged,South,Active,Non-Defaulted,0,Good,Lower-Middle Income,High DTI
CUST100690,Male,44,Graduate,Self-Employed,Married,2,330300.0,579.0,0,LOAN500690,Home,695000.0,300,8.82,5746.99,20.88,20.8,0,Poor,Owned,Central,Active,Non-Defaulted,0,Poor,Low Income,Moderate DTI
CUST100691,Male,60,Graduate,Salaried,Married,2,366100.0,727.0,1,LOAN500691,Education,960000.0,120,9.97,12670.53,47.71,35.6,0,Good,Rented,West,Active,Non-Defaulted,0,Good,Low Income,High DTI
CUST100692,Male,21,Post Graduate,Salaried,Single,0,338300.0,732.0,1,LOAN500692,Home,3620000.0,120,6.5,41104.37,75.0,0.4,0,Good,Owned,South,Active,Non-Defaulted,0,Good,Low Income,Very High DTI
CUST100693,Male,56,Post Graduate,Salaried,Married,0,1108100.0,660.0,2,LOAN500693,Home,983000.0,300,8.26,7757.03,15.4,24.7,0,Fair,Mortgaged,East,Active,Non-Defaulted,0,Fair,High Income,Low DTI
CUST100694,Male,39,Professional,Salaried,Married,2,329900.0,585.0,0,LOAN500694,Auto,229000.0,72,9.67,4204.41,15.29,15.1,0,Poor,Rented,South,Active,Non-Defaulted,0,Fair,Low Income,Low DTI
CUST100695,Male,28,High School,Business,Married,0,926700.0,691.0,0,LOAN500695,Personal,639000.0,36,9.57,20489.97,26.53,3.2,0,Good,Owned,East,Closed,Non-Defaulted,0,Good,Upper-Middle Income,Moderate DTI
CUST100696,Female,23,Post Graduate,Salaried,Single,0,600700.0,689.0,0,LOAN500696,Business,1277000.0,12,10.76,112720.47,75.0,1.1,0,Good,Owned,Central,Defaulted,Defaulted,1,Good,Lower-Middle Income,Very High DTI
CUST100697,Male,36,Post Graduate,Salaried,Married,3,649700.0,611.0,2,LOAN500697,Auto,327000.0,72,11.73,6347.09,29.25,4.1,0,Fair,Rented,East,Active,Non-Defaulted,0,Fair,Lower-Middle Income,Moderate DTI
CUST100698,Female,48,High School,Self-Employed,Divorced,1,1250800.0,588.0,0,LOAN500698,Home,3932000.0,120,9.06,49936.68,47.91,14.5,0,Poor,Owned,West,Closed,Non-Defaulted,0,Fair,High Income,High DTI
CUST100699,Male,37,Graduate,Business,Married,1,658300.0,684.0,1,LOAN500699,Education,1289000.0,120,7.69,15428.78,37.42,14.2,0,Good,Rented,South,Closed,Non-Defaulted,0,Good,Lower-Middle Income,High DTI
CUST100700,Male,55,Graduate,Unemployed,Married,4,366100.0,674.0,0,LOAN500700,Education,922000.0,60,9.59,19404.29,63.6,29.3,0,Fair,Rented,East,Active,Non-Defaulted,0,Good,Low Income,Very High DTI
CUST100701,Male,22,Graduate,Salaried,Divorced,0,694900.0,661.0,0,LOAN500701,Home,1226000.0,180,6.98,11005.93,19.01,0.7,0,Fair,Mortgaged,West,Active,Non-Defaulted,0,Fair,Lower-Middle Income,Low DTI
CUST100702,Male,38,Professional,Salaried,Married,1,634500.0,684.0,3,LOAN500702,Business,243000.0,36,11.54,8017.79,40.79,6.9,0,Good,Mortgaged,West,Active,Non-Defaulted,0,Good,Lower-Middle Income,High DTI
CUST100703,Male,24,Graduate,Salaried,Married,2,2058500.0,613.0,1,LOAN500703,Personal,576000.0,48,12.44,15293.02,10.82,2.1,0,Fair,Family,West,Closed,Non-Defaulted,0,Fair,High Income,Low DTI
CUST100704,Male,42,Post Graduate,Salaried,Married,2,341700.0,660.0,2,LOAN500704,Personal,463000.0,24,10.05,21375.79,75.0,16.7,0,Fair,Mortgaged,Central,Active,Non-Defaulted,0,Fair,Low Income,Very High DTI
CUST100705,Male,48,Professional,Business,Married,3,1508500.0,693.0,1,LOAN500705,Auto,1224000.0,24,8.22,55481.1,48.63,18.1,0,Good,Family,West,Active,Non-Defaulted,0,Good,High Income,High DTI
CUST100706,Female,33,Graduate,Salaried,Single,3,935300.0,666.0,1,LOAN500706,Home,4159000.0,300,7.92,31879.74,44.9,7.6,0,Fair,Owned,West,Active,Non-Defaulted,0,Fair,Upper-Middle Income,High DTI
CUST100707,Male,21,Post Graduate,Salaried,Married,2,542200.0,573.0,0,LOAN500707,Home,2454000.0,240,9.09,22221.52,49.18,0.6,0,Poor,Rented,West,Active,Non-Defaulted,0,Poor,Lower-Middle Income,High DTI
CUST100708,Female,40,Graduate,Salaried,Married,0,1491900.0,657.0,1,LOAN500708,Home,1060000.0,300,6.84,7384.02,8.46,6.3,0,Fair,Rented,South,Closed,Non-Defaulted,0,Fair,High Income,Low DTI
CUST100709,Male,43,Post Graduate,Salaried,Married,0,281100.0,615.0,0,LOAN500709,Home,4730000.0,180,10.42,52051.03,75.0,12.9,0,Fair,Rented,South,Closed,Non-Defaulted,0,Fair,Low Income,Very High DTI
CUST100710,Female,42,High School,Business,Married,1,632500.0,709.0,1,LOAN500710,Education,863000.0,36,8.29,27158.89,58.24,19.7,0,Good,Owned,East,Active,Non-Defaulted,0,Good,Lower-Middle Income,Very High DTI
CUST100711,Female,52,Professional,Salaried,Married,0,382100.0,712.0,1,LOAN500711,Auto,1165000.0,36,8.88,36981.66,75.0,9.8,1,Good,Owned,South,Defaulted,Defaulted,1,Good,Low Income,Very High DTI
CUST100712,Female,26,High School,Salaried,Divorced,2,831800.0,574.0,2,LOAN500712,Business,2814000.0,24,12.0,132464.75,75.0,3.5,0,Poor,Owned,West,Active,Non-Defaulted,0,Poor,Upper-Middle Income,Very High DTI
CUST100713,Male,45,Graduate,Salaried,Single,2,400000.0,743.0,1,LOAN500713,Education,1404000.0,60,8.81,29015.43,75.0,11.1,0,Excellent,Family,North,Closed,Non-Defaulted,0,Very Good,Low Income,Very High DTI
CUST100714,Male,51,Post Graduate,Salaried,Married,0,840200.0,612.0,1,LOAN500714,Personal,479000.0,24,12.74,22714.08,39.86,18.6,0,Fair,Mortgaged,South,Active,Non-Defaulted,0,Fair,Upper-Middle Income,High DTI
CUST100715,Male,21,Graduate,Salaried,Single,3,624100.0,799.0,0,LOAN500715,Personal,273000.0,60,9.35,5713.52,10.99,0.6,0,Excellent,Family,Central,Active,Non-Defaulted,0,Very Good,Lower-Middle Income,Low DTI
CUST100716,Female,42,Graduate,Self-Employed,Single,0,516400.0,687.0,1,LOAN500716,Home,4987000.0,180,6.51,43469.54,75.0,13.8,1,Good,Owned,North,Closed,Non-Defaulted,0,Good,Lower-Middle Income,Very High DTI
CUST100717,Female,32,Graduate,Self-Employed,Married,1,783300.0,603.0,0,LOAN500717,Education,1053000.0,84,11.17,18124.19,27.77,9.6,0,Fair,Owned,South,Closed,Non-Defaulted,0,Fair,Upper-Middle Income,Moderate DTI
CUST100718,Female,37,Post Graduate,Self-Employed,Married,2,571400.0,610.0,2,LOAN500718,Personal,356000.0,36,14.13,12189.73,49.3,8.6,1,Fair,Owned,South,Defaulted,Defaulted,1,Fair,Lower-Middle Income,High DTI
CUST100719,Male,42,High School,Business,Married,1,481800.0,693.0,3,LOAN500719,Personal,470000.0,24,9.81,21646.92,75.0,12.9,0,Good,Rented,West,Closed,Non-Defaulted,0,Good,Lower-Middle Income,Very High DTI
CUST100720,Female,33,High School,Business,Single,1,3117500.0,663.0,0,LOAN500720,Business,1364000.0,36,10.03,44031.66,16.95,3.3,1,Fair,Rented,East,Active,Non-Defaulted,0,Fair,High Income,Low DTI
CUST100721,Female,31,Graduate,Unemployed,Single,0,216100.0,683.0,0,LOAN500721,Auto,1616000.0,24,11.45,75656.33,75.0,8.4,0,Good,Mortgaged,Central,Active,Non-Defaulted,0,Good,Low Income,Very High DTI
CUST100722,Male,38,Graduate,Salaried,Married,1,235400.0,803.0,1,LOAN500722,Personal,412000.0,12,8.24,35884.97,75.0,7.5,1,Good,Family,South,Defaulted,Defaulted,1,Excellent,Low Income,Very High DTI
CUST100723,Male,26,High School,Salaried,Married,2,455600.0,641.0,2,LOAN500723,Personal,668000.0,36,11.61,22062.94,75.0,4.7,0,Fair,Owned,Central,Active,Non-Defaulted,0,Fair,Lower-Middle Income,Very High DTI
CUST100724,Female,26,Graduate,Salaried,Single,3,371500.0,694.0,1,LOAN500724,Education,1276000.0,60,10.39,27356.74,75.0,2.5,0,Good,Rented,South,Defaulted,Defaulted,1,Good,Low Income,Very High DTI
CUST100725,Female,45,Graduate,Business,Married,1,1207900.0,789.0,0,LOAN500725,Business,2508000.0,48,10.01,63621.4,63.21,6.4,1,Good,Rented,South,Active,Non-Defaulted,0,Very Good,High Income,Very High DTI
CUST100726,Female,25,High School,Unemployed,Married,1,318600.0,709.0,4,LOAN500726,Personal,592000.0,24,8.51,26912.47,75.0,1.8,0,Good,Owned,East,Closed,Non-Defaulted,0,Good,Low Income,Very High DTI
CUST100727,Male,45,Graduate,Business,Married,2,983900.0,578.0,2,LOAN500727,Home,4347000.0,120,10.06,57590.45,74.89,22.3,0,Poor,Owned,North,Active,Non-Defaulted,0,Poor,Upper-Middle Income,Very High DTI
CUST100728,Female,43,Post Graduate,Salaried,Married,4,571400.0,725.0,0,LOAN500728,Education,642000.0,120,8.25,7874.3,16.54,10.5,1,Good,Mortgaged,South,Active,Non-Defaulted,0,Good,Lower-Middle Income,Low DTI
CUST100729,Male,21,High School,Unemployed,Married,0,238700.0,609.0,3,LOAN500729,Education,261000.0,120,10.39,3505.75,75.0,0.3,0,Fair,Owned,South,Active,Non-Defaulted,0,Fair,Low Income,Very High DTI
CUST100730,Male,31,Graduate,Salaried,Married,1,571200.0,788.0,1,LOAN500730,Education,1279000.0,60,8.48,26228.32,63.07,3.6,0,Excellent,Family,North,Closed,Non-Defaulted,0,Very Good,Lower-Middle Income,Very High DTI
CUST100731,Male,51,Graduate,Salaried,Married,2,656400.0,632.0,1,LOAN500731,Home,2742000.0,120,7.98,33239.06,67.26,14.0,0,Fair,Family,Central,Closed,Non-Defaulted,0,Fair,Lower-Middle Income,Very High DTI
CUST100732,Female,27,Graduate,Salaried,Single,2,1019100.0,850.0,1,LOAN500732,Business,557000.0,36,6.99,17196.0,25.11,1.9,0,Excellent,Rented,South,Closed,Non-Defaulted,0,Excellent,High Income,Moderate DTI
CUST100733,Female,33,Post Graduate,Salaried,Married,0,802000.0,793.0,2,LOAN500733,Home,1019000.0,120,6.5,11570.54,33.79,7.6,0,Excellent,Rented,Central,Active,Non-Defaulted,0,Very Good,Upper-Middle Income,Moderate DTI
CUST100734,Male,43,Graduate,Salaried,Married,2,867700.0,634.0,1,LOAN500734,Personal,169000.0,36,11.94,5608.38,10.39,8.9,0,Fair,Owned,Central,Active,Non-Defaulted,0,Fair,Upper-Middle Income,Low DTI
CUST100735,Male,47,Graduate,Salaried,Married,0,867400.0,691.0,0,LOAN500735,Auto,1389000.0,72,8.71,24838.02,34.36,15.9,0,Good,Owned,North,Closed,Non-Defaulted,0,Good,Upper-Middle Income,Moderate DTI
CUST100736,Female,35,High School,Salaried,Married,1,1043500.0,743.0,3,LOAN500736,Home,3699000.0,300,7.65,27697.21,51.41,5.1,0,Excellent,Rented,East,Active,Non-Defaulted,0,Very Good,High Income,Very High DTI
CUST100737,Male,31,Post Graduate,Self-Employed,Single,1,746400.0,745.0,0,LOAN500737,Education,385000.0,36,8.52,12157.07,19.55,5.8,0,Excellent,Rented,East,Closed,Non-Defaulted,0,Very Good,Upper-Middle Income,Low DTI
CUST100738,Female,54,Graduate,Business,Single,3,965200.0,721.0,2,LOAN500738,Personal,685000.0,24,10.71,31834.22,52.68,21.7,0,Good,Rented,West,Active,Non-Defaulted,0,Good,Upper-Middle Income,Very High DTI
CUST100739,Male,57,High School,Self-Employed,Married,1,1150100.0,778.0,1,LOAN500739,Education,494000.0,84,8.04,7709.44,12.89,10.7,0,Excellent,Rented,Central,Active,Non-Defaulted,0,Very Good,High Income,Low DTI
CUST100740,Male,49,Graduate,Salaried,Married,1,496000.0,681.0,0,LOAN500740,Personal,645000.0,12,12.22,57373.87,75.0,14.8,0,Good,Mortgaged,East,Active,Non-Defaulted,0,Good,Lower-Middle Income,Very High DTI
CUST100741,Male,39,Professional,Business,Single,0,538800.0,664.0,0,LOAN500741,Auto,957000.0,72,9.43,17455.38,38.88,8.5,0,Fair,Owned,North,Closed,Non-Defaulted,0,Fair,Lower-Middle Income,High DTI
CUST100742,Male,29,Graduate,Business,Married,3,459800.0,666.0,2,LOAN500742,Personal,599000.0,36,11.04,19621.84,73.27,3.7,0,Fair,Rented,East,Defaulted,Defaulted,1,Fair,Lower-Middle Income,Very High DTI
CUST100743,Female,29,Graduate,Salaried,Married,0,745100.0,750.0,1,LOAN500743,Auto,779000.0,24,7.72,35132.66,62.64,5.8,0,Excellent,Mortgaged,Central,Active,Non-Defaulted,0,Very Good,Upper-Middle Income,Very High DTI
CUST100744,Male,44,Professional,Salaried,Married,1,280300.0,716.0,1,LOAN500744,Auto,723000.0,48,6.5,17145.91,75.0,15.2,1,Good,Rented,West,Defaulted,Defaulted,1,Good,Low Income,Very High DTI
CUST100745,Male,43,Post Graduate,Salaried,Married,0,852000.0,710.0,1,LOAN500745,Home,4286000.0,300,8.45,34367.74,51.99,15.2,0,Good,Mortgaged,Central,Active,Non-Defaulted,0,Good,Upper-Middle Income,Very High DTI
CUST100746,Female,53,Graduate,Salaried,Married,2,647600.0,746.0,2,LOAN500746,Personal,76000.0,36,11.8,2517.03,21.48,11.7,1,Good,Owned,West,Closed,Non-Defaulted,0,Very Good,Lower-Middle Income,Moderate DTI
CUST100747,Male,45,Post Graduate,Self-Employed,Married,1,1120600.0,693.0,1,LOAN500747,Home,4886000.0,300,10.76,47042.97,53.27,10.9,0,Poor,Owned,North,Active,Non-Defaulted,0,Good,High Income,Very High DTI
CUST100748,Male,21,Post Graduate,Business,Married,1,588500.0,712.0,0,LOAN500748,Education,1007000.0,36,9.93,32459.97,66.19,0.4,0,Good,Rented,Central,Active,Non-Defaulted,0,Good,Lower-Middle Income,Very High DTI
CUST100749,Female,50,Graduate,Salaried,Single,1,619000.0,705.0,1,LOAN500749,Home,2446000.0,120,6.94,28324.55,61.04,18.0,0,Good,Rented,Central,Active,Non-Defaulted,0,Good,Lower-Middle Income,Very High DTI
CUST100750,Female,27,Graduate,Business,Single,3,1392400.0,807.0,2,LOAN500750,Personal,521000.0,48,8.42,12822.1,18.85,3.8,1,Good,Mortgaged,North,Active,Non-Defaulted,0,Excellent,High Income,Low DTI
CUST100751,Male,34,Graduate,Business,Single,2,1578200.0,583.0,1,LOAN500751,Personal,142000.0,60,11.95,3155.12,5.0,6.5,0,Poor,Mortgaged,North,Overdue,Defaulted,1,Fair,High Income,Low DTI
CUST100752,Female,41,Professional,Business,Married,2,586200.0,799.0,0,LOAN500752,Business,1639000.0,60,9.43,34366.01,70.35,16.0,0,Excellent,Rented,East,Active,Non-Defaulted,0,Very Good,Lower-Middle Income,Very High DTI
CUST100753,Female,60,Post Graduate,Salaried,Single,3,744700.0,695.0,3,LOAN500753,Home,4933000.0,240,6.5,36779.12,70.88,12.4,0,Good,Owned,West,Closed,Non-Defaulted,0,Good,Upper-Middle Income,Very High DTI
CUST100754,Male,68,High School,Business,Single,3,935800.0,724.0,2,LOAN500754,Personal,226000.0,36,10.29,7323.19,14.49,40.0,0,Good,Mortgaged,South,Closed,Non-Defaulted,0,Good,Upper-Middle Income,Low DTI
CUST100755,Male,45,Post Graduate,Salaried,Married,1,660950.0,807.0,0,LOAN500755,Education,1111000.0,84,7.2,16876.8,24.8,8.1,0,Excellent,Owned,North,Active,Non-Defaulted,0,Excellent,Lower-Middle Income,Moderate DTI
CUST100756,Female,36,Graduate,Salaried,Single,4,601700.0,729.0,4,LOAN500756,Auto,868000.0,36,7.64,27056.04,75.0,12.0,0,Good,Mortgaged,East,Closed,Non-Defaulted,0,Good,Lower-Middle Income,Very High DTI
CUST100757,Female,44,High School,Salaried,Single,0,1262500.0,718.0,2,LOAN500757,Personal,539000.0,24,11.04,25131.64,33.0,11.7,0,Good,Mortgaged,South,Closed,Non-Defaulted,0,Good,High Income,Moderate DTI
CUST100758,Male,48,Graduate,Salaried,Single,1,275500.0,707.0,0,LOAN500758,Business,774000.0,84,8.27,12168.11,53.0,22.7,2,Fair,Owned,South,Active,Non-Defaulted,0,Good,Low Income,Very High DTI
CUST100759,Female,34,Graduate,Self-Employed,Married,3,531000.0,656.0,0,LOAN500759,Auto,926000.0,48,8.76,22938.17,51.84,4.2,0,Fair,Mortgaged,East,Active,Non-Defaulted,0,Fair,Lower-Middle Income,Very High DTI
CUST100760,Female,58,Post Graduate,Salaried,Single,1,846200.0,688.0,2,LOAN500760,Home,4910000.0,300,8.14,38352.67,59.31,18.8,1,Good,Mortgaged,Central,Closed,Non-Defaulted,0,Good,Upper-Middle Income,Very High DTI
CUST100761,Male,41,High School,Salaried,Married,1,850000.0,640.0,2,LOAN500761,Home,1379000.0,120,7.75,16549.47,39.78,9.8,2,Fair,Owned,East,Closed,Non-Defaulted,0,Fair,Upper-Middle Income,High DTI
CUST100762,Male,43,Post Graduate,Salaried,Married,1,1306500.0,687.0,0,LOAN500762,Business,1982000.0,36,9.57,63554.18,58.37,20.6,1,Good,Family,West,Active,Non-Defaulted,0,Good,High Income,Very High DTI
CUST100763,Male,45,Graduate,Self-Employed,Married,2,1155300.0,526.0,0,LOAN500763,Personal,482000.0,60,15.19,11514.87,11.96,22.3,1,Poor,Owned,West,Active,Non-Defaulted,0,Poor,High Income,Low DTI
CUST100764,Female,43,High School,Salaried,Married,1,595100.0,720.0,0,LOAN500764,Personal,474000.0,24,10.32,21942.77,44.25,8.6,1,Good,Rented,East,Active,Non-Defaulted,0,Good,Lower-Middle Income,High DTI
CUST100765,Male,47,Professional,Business,Married,2,1516300.0,681.0,1,LOAN500765,Personal,511000.0,24,11.63,23966.34,22.64,17.8,0,Good,Owned,South,Defaulted,Defaulted,1,Good,High Income,Moderate DTI
CUST100766,Female,31,Graduate,Salaried,Single,3,484500.0,666.0,0,LOAN500766,Education,803000.0,60,9.3,16786.12,41.58,6.6,0,Fair,Rented,South,Closed,Non-Defaulted,0,Fair,Lower-Middle Income,High DTI
CUST100767,Female,32,Graduate,Salaried,Single,2,1067000.0,705.0,0,LOAN500767,Auto,178000.0,60,8.11,3618.58,5.0,4.2,0,Good,Family,South,Closed,Non-Defaulted,0,Good,High Income,Low DTI
CUST100768,Female,26,Graduate,Salaried,Single,0,1627500.0,590.0,1,LOAN500768,Auto,1635000.0,72,11.71,31718.53,24.59,2.2,0,Poor,Mortgaged,Central,Closed,Non-Defaulted,0,Fair,High Income,Moderate DTI
CUST100769,Male,43,Post Graduate,Salaried,Single,3,1222800.0,825.0,2,LOAN500769,Personal,670000.0,48,9.42,16806.92,24.85,20.5,0,Excellent,Rented,West,Active,Non-Defaulted,0,Excellent,High Income,Moderate DTI
CUST100770,Female,47,Graduate,Salaried,Single,0,718000.0,683.0,1,LOAN500770,Auto,437000.0,24,7.28,19621.13,39.91,14.7,0,Good,Owned,East,Active,Non-Defaulted,0,Good,Upper-Middle Income,High DTI
CUST100771,Male,43,High School,Salaried,Single,0,582000.0,680.0,1,LOAN500771,Education,679000.0,84,8.89,10886.62,32.27,7.6,0,Good,Owned,Central,Active,Non-Defaulted,0,Good,Lower-Middle Income,Moderate DTI
CUST100772,Female,56,High School,Unemployed,Married,0,131100.0,622.0,1,LOAN500772,Home,3967000.0,240,8.09,33404.12,75.0,14.0,1,Fair,Mortgaged,Central,Defaulted,Defaulted,1,Fair,Low Income,Very High DTI
CUST100773,Male,38,Graduate,Self-Employed,Married,2,754500.0,692.0,1,LOAN500773,Education,1472000.0,84,9.26,23877.81,46.22,7.6,0,Good,Mortgaged,Central,Defaulted,Defaulted,1,Good,Upper-Middle Income,High DTI
CUST100774,Male,45,Post Graduate,Salaried,Married,0,399600.0,787.0,3,LOAN500774,Home,4780000.0,180,6.5,41638.93,75.0,14.6,0,Excellent,Mortgaged,South,Active,Non-Defaulted,0,Very Good,Low Income,Very High DTI
CUST100775,Female,26,Graduate,Salaried,Married,0,466400.0,763.0,2,LOAN500775,Education,1359000.0,84,7.8,21046.5,65.13,2.8,0,Excellent,Mortgaged,West,Closed,Non-Defaulted,0,Very Good,Lower-Middle Income,Very High DTI
CUST100776,Male,34,High School,Business,Single,1,458800.0,750.0,0,LOAN500776,Personal,169000.0,24,10.2,7814.1,20.44,7.6,0,Excellent,Mortgaged,East,Closed,Non-Defaulted,0,Very Good,Lower-Middle Income,Moderate DTI
CUST100777,Male,46,High School,Salaried,Single,1,547200.0,728.0,1,LOAN500777,Auto,1659000.0,24,6.5,73902.23,75.0,9.3,2,Fair,Rented,West,Defaulted,Defaulted,1,Good,Lower-Middle Income,Very High DTI
CUST100778,Female,47,Graduate,Salaried,Married,2,660950.0,665.0,1,LOAN500778,Business,2660000.0,48,12.15,70244.07,75.0,12.5,0,Fair,Owned,South,Active,Non-Defaulted,0,Fair,Lower-Middle Income,Very High DTI
CUST100779,Female,35,Professional,Self-Employed,Single,3,741200.0,588.0,1,LOAN500779,Business,1255000.0,84,12.05,22187.75,39.19,4.4,0,Poor,Owned,West,Defaulted,Defaulted,1,Fair,Upper-Middle Income,High DTI
CUST100780,Female,37,Graduate,Self-Employed,Single,2,487200.0,676.0,1,LOAN500780,Personal,346000.0,60,11.79,7659.91,23.53,14.1,0,Fair,Mortgaged,South,Active,Non-Defaulted,0,Good,Lower-Middle Income,Moderate DTI
CUST100781,Female,21,Professional,Self-Employed,Married,0,1086000.0,673.0,2,LOAN500781,Home,2570000.0,120,7.84,30964.34,45.3,9.1,0,Fair,Mortgaged,West,Closed,Non-Defaulted,0,Good,High Income,High DTI
CUST100782,Male,34,Graduate,Salaried,Divorced,0,617600.0,763.0,2,LOAN500782,Personal,542000.0,36,9.2,17285.95,42.14,10.4,0,Excellent,Owned,West,Active,Non-Defaulted,0,Very Good,Lower-Middle Income,High DTI
CUST100783,Male,48,High School,Salaried,Married,4,467600.0,712.0,1,LOAN500783,Business,930000.0,36,9.74,29895.09,75.0,13.4,0,Good,Owned,South,Active,Non-Defaulted,0,Good,Lower-Middle Income,Very High DTI
CUST100784,Male,44,Post Graduate,Self-Employed,Single,0,724600.0,803.0,2,LOAN500784,Auto,188000.0,60,6.5,3678.44,23.44,13.4,0,Excellent,Mortgaged,North,Closed,Non-Defaulted,0,Excellent,Upper-Middle Income,Moderate DTI
CUST100785,Male,44,Graduate,Salaried,Married,3,1751600.0,774.0,2,LOAN500785,Home,1136000.0,240,7.15,8909.97,11.93,10.5,0,Excellent,Owned,West,Closed,Non-Defaulted,0,Very Good,High Income,Low DTI
CUST100786,Female,39,Post Graduate,Salaried,Married,0,801600.0,658.0,2,LOAN500786,Personal,380000.0,12,9.63,33342.68,62.55,13.4,1,Fair,Rented,East,Closed,Non-Defaulted,0,Fair,Upper-Middle Income,Very High DTI
CUST100787,Female,38,Professional,Salaried,Married,4,573400.0,564.0,3,LOAN500787,Business,990000.0,60,11.69,21867.23,68.72,14.4,0,Poor,Owned,East,Active,Non-Defaulted,0,Poor,Lower-Middle Income,Very High DTI
CUST100788,Male,31,High School,Salaried,Married,1,327900.0,787.0,0,LOAN500788,Home,3940000.0,120,6.5,44737.9,75.0,4.8,0,Excellent,Owned,West,Closed,Non-Defaulted,0,Very Good,Low Income,Very High DTI
CUST100789,Male,46,High School,Unemployed,Married,1,245700.0,785.0,0,LOAN500789,Personal,130000.0,12,11.07,11493.86,56.14,10.6,0,Excellent,Mortgaged,Central,Defaulted,Defaulted,1,Very Good,Low Income,Very High DTI
CUST100790,Female,43,Post Graduate,Business,Single,2,909500.0,594.0,3,LOAN500790,Home,4629000.0,300,9.72,41153.57,75.0,15.9,0,Poor,Family,South,Active,Non-Defaulted,0,Fair,Upper-Middle Income,Very High DTI
CUST100791,Male,43,Graduate,Self-Employed,Married,2,539700.0,796.0,2,LOAN500791,Personal,721000.0,60,7.73,14526.29,43.43,8.7,1,Good,Rented,East,Closed,Non-Defaulted,0,Very Good,Lower-Middle Income,High DTI
CUST100792,Female,32,High School,Salaried,Married,1,306900.0,717.0,3,LOAN500792,Auto,1649000.0,48,7.78,40086.84,75.0,8.0,0,Good,Mortgaged,West,Active,Non-Defaulted,0,Good,Low Income,Very High DTI
CUST100793,Male,21,High School,Salaried,Married,2,453700.0,701.0,0,LOAN500793,Business,2271000.0,24,10.9,105740.99,75.0,0.3,2,Fair,Owned,Central,Active,Non-Defaulted,0,Good,Lower-Middle Income,Very High DTI
CUST100794,Female,50,High School,Salaried,Married,2,1371900.0,803.0,1,LOAN500794,Education,250000.0,84,9.27,4056.61,7.45,19.6,0,Excellent,Mortgaged,South,Active,Non-Defaulted,0,Excellent,High Income,Low DTI
CUST100795,Male,33,Post Graduate,Salaried,Divorced,0,1358400.0,784.0,0,LOAN500795,Home,2472000.0,180,6.5,21533.77,19.02,7.6,1,Good,Owned,North,Active,Non-Defaulted,0,Very Good,High Income,Low DTI
CUST100796,Female,29,High School,Unemployed,Married,0,178400.0,736.0,1,LOAN500796,Education,284000.0,36,7.07,8778.19,72.5,2.9,0,Good,Rented,South,Closed,Non-Defaulted,0,Good,Low Income,Very High DTI
CUST100797,Female,46,Graduate,Salaried,Married,1,942600.0,723.0,0,LOAN500797,Home,4945000.0,240,7.01,38368.22,48.85,17.5,0,Good,Rented,Central,Active,Non-Defaulted,0,Good,Upper-Middle Income,High DTI
CUST100798,Female,34,Graduate,Salaried,Married,0,387600.0,733.0,0,LOAN500798,Personal,300000.0,48,10.46,7675.22,23.76,7.6,0,Good,Owned,South,Closed,Non-Defaulted,0,Good,Low Income,Moderate DTI
CUST100799,Female,50,Graduate,Salaried,Divorced,2,1339200.0,662.0,0,LOAN500799,Business,1839000.0,60,11.35,40306.06,36.12,11.7,0,Fair,Owned,South,Closed,Non-Defaulted,0,Fair,High Income,High DTI
CUST100800,Female,45,High School,Self-Employed,Single,0,731200.0,686.0,1,LOAN500800,Personal,635000.0,60,12.04,14138.06,32.69,12.0,0,Good,Rented,North,Active,Non-Defaulted,0,Good,Upper-Middle Income,Moderate DTI
CUST100801,Female,46,Post Graduate,Salaried,Single,1,1076600.0,627.0,1,LOAN500801,Home,4643000.0,240,8.73,40971.46,50.77,14.8,0,Fair,Rented,North,Active,Non-Defaulted,0,Fair,High Income,Very High DTI
CUST100802,Male,23,High School,Salaried,Married,0,299600.0,667.0,0,LOAN500802,Business,2316000.0,36,11.32,76174.32,75.0,0.9,0,Fair,Rented,West,Defaulted,Defaulted,1,Fair,Low Income,Very High DTI
CUST100803,Female,51,Post Graduate,Salaried,Married,1,944900.0,664.0,0,LOAN500803,Personal,556000.0,12,13.38,49759.58,63.19,27.0,0,Fair,Owned,East,Closed,Non-Defaulted,0,Fair,Upper-Middle Income,Very High DTI
CUST100804,Female,41,Post Graduate,Business,Married,0,809500.0,646.0,0,LOAN500804,Education,752000.0,120,9.58,9763.66,14.47,14.3,0,Fair,Rented,East,Active,Non-Defaulted,0,Fair,Upper-Middle Income,Low DTI
CUST100805,Male,34,Graduate,Salaried,Married,0,1027300.0,700.0,3,LOAN500805,Business,1895000.0,12,8.98,165702.97,75.0,4.4,1,Good,Owned,North,Closed,Non-Defaulted,0,Good,High Income,Very High DTI
CUST100806,Female,40,Graduate,Business,Single,0,1260500.0,667.0,0,LOAN500806,Home,924000.0,120,8.01,11215.55,10.68,15.7,0,Fair,Owned,South,Active,Non-Defaulted,0,Fair,High Income,Low DTI
CUST100807,Female,21,Graduate,Business,Single,4,838600.0,725.0,0,LOAN500807,Personal,713000.0,24,9.37,32694.4,46.78,0.5,1,Good,Rented,West,Overdue,Defaulted,1,Good,Upper-Middle Income,High DTI
CUST100808,Female,42,Graduate,Salaried,Married,0,511500.0,576.0,2,LOAN500808,Home,2947000.0,300,8.21,23156.91,75.0,14.0,0,Poor,Rented,North,Active,Non-Defaulted,0,Poor,Lower-Middle Income,Very High DTI
CUST100809,Male,27,Post Graduate,Business,Single,2,1181300.0,682.0,1,LOAN500809,Personal,80000.0,36,10.6,2603.97,6.54,3.0,0,Good,Mortgaged,Central,Active,Non-Defaulted,0,Good,High Income,Low DTI
CUST100810,Male,23,Post Graduate,Salaried,Married,0,663100.0,699.0,2,LOAN500810,Home,4640000.0,120,6.5,52686.26,75.0,2.2,0,Good,Rented,North,Closed,Non-Defaulted,0,Good,Lower-Middle Income,Very High DTI
CUST100811,Female,21,Graduate,Unemployed,Single,0,179600.0,668.0,1,LOAN500811,Education,785000.0,120,10.64,10654.03,75.0,0.7,1,Fair,Rented,North,Closed,Non-Defaulted,0,Fair,Low Income,Very High DTI
CUST100812,Female,50,Graduate,Salaried,Married,1,438800.0,678.0,3,LOAN500812,Home,4409000.0,240,7.54,35626.52,75.0,18.3,1,Fair,Mortgaged,East,Active,Non-Defaulted,0,Good,Lower-Middle Income,Very High DTI
CUST100813,Male,31,Professional,Salaried,Married,1,335900.0,579.0,0,LOAN500813,Home,4356000.0,180,9.98,46756.52,75.0,4.5,2,Poor,Rented,Central,Defaulted,Defaulted,1,Poor,Low Income,Very High DTI
CUST100814,Female,55,Professional,Salaried,Married,4,534200.0,715.0,4,LOAN500814,Auto,1496000.0,72,8.44,26552.3,75.0,14.5,0,Good,Mortgaged,South,Active,Non-Defaulted,0,Good,Lower-Middle Income,Very High DTI
CUST100815,Female,32,Graduate,Salaried,Married,4,1158700.0,735.0,2,LOAN500815,Auto,251000.0,48,7.36,6052.52,13.58,6.0,0,Good,Rented,West,Active,Non-Defaulted,0,Good,High Income,Low DTI
CUST100816,Male,21,Graduate,Unemployed,Single,2,297300.0,725.0,1,LOAN500816,Education,446000.0,120,9.41,5749.18,32.51,0.3,0,Good,Mortgaged,East,Active,Non-Defaulted,0,Good,Low Income,Moderate DTI
CUST100817,Female,26,Graduate,Salaried,Married,2,529300.0,763.0,1,LOAN500817,Personal,707000.0,36,9.48,22640.69,57.01,2.8,0,Excellent,Mortgaged,North,Active,Non-Defaulted,0,Very Good,Lower-Middle Income,Very High DTI
CUST100818,Male,52,Professional,Self-Employed,Married,1,956500.0,704.0,1,LOAN500818,Education,1359000.0,36,8.66,43001.11,57.42,22.2,1,Good,Rented,South,Active,Non-Defaulted,0,Good,Upper-Middle Income,Very High DTI
CUST100819,Male,36,High School,Salaried,Married,1,457700.0,724.0,0,LOAN500819,Auto,906000.0,36,7.06,27999.51,73.41,12.6,0,Good,Owned,Central,Active,Non-Defaulted,0,Good,Lower-Middle Income,Very High DTI
CUST100820,Male,32,Graduate,Unemployed,Married,4,285800.0,701.0,0,LOAN500820,Personal,380000.0,36,12.48,12708.73,53.36,5.6,0,Good,Owned,North,Closed,Non-Defaulted,0,Good,Low Income,Very High DTI
CUST100821,Female,40,Graduate,Salaried,Single,2,626100.0,738.0,3,LOAN500821,Personal,181000.0,24,10.31,8378.15,42.43,8.0,0,Good,Rented,West,Active,Non-Defaulted,0,Good,Lower-Middle Income,High DTI
CUST100822,Male,44,Graduate,Salaried,Married,2,992000.0,580.0,1,LOAN500822,Home,4858000.0,300,9.86,43666.15,58.39,19.0,0,Poor,Rented,Central,Active,Non-Defaulted,0,Fair,Upper-Middle Income,Very High DTI
CUST100823,Male,50,Graduate,Salaried,Married,0,320100.0,627.0,1,LOAN500823,Auto,502000.0,48,8.93,12475.61,62.05,24.9,0,Fair,Mortgaged,North,Active,Non-Defaulted,0,Fair,Low Income,Very High DTI
CUST100824,Male,54,Professional,Self-Employed,Married,0,432200.0,801.0,2,LOAN500824,Personal,193000.0,36,10.13,6239.35,42.88,17.6,0,Excellent,Owned,South,Closed,Non-Defaulted,0,Excellent,Lower-Middle Income,High DTI
CUST100825,Male,34,High School,Salaried,Single,4,310900.0,518.0,1,LOAN500825,Business,2050000.0,24,14.25,98668.7,75.0,3.7,3,Poor,Rented,South,Defaulted,Defaulted,1,Poor,Low Income,Very High DTI
CUST100826,Female,23,Graduate,Salaried,Divorced,1,602500.0,680.0,0,LOAN500826,Auto,551000.0,24,6.93,24652.21,49.1,2.1,0,Good,Owned,South,Active,Non-Defaulted,0,Good,Lower-Middle Income,High DTI
CUST100827,Male,33,High School,Salaried,Married,1,1220800.0,772.0,2,LOAN500827,Business,2829000.0,84,8.91,45386.89,53.87,9.9,0,Excellent,Mortgaged,North,Closed,Non-Defaulted,0,Very Good,High Income,Very High DTI
CUST100828,Male,41,High School,Self-Employed,Single,0,510000.0,683.0,2,LOAN500828,Personal,58000.0,60,11.52,1276.15,17.68,5.5,0,Good,Owned,East,Active,Non-Defaulted,0,Good,Lower-Middle Income,Low DTI
CUST100829,Female,27,Graduate,Salaried,Single,3,534100.0,662.0,0,LOAN500829,Home,526000.0,300,7.48,3880.25,8.72,4.5,0,Fair,Rented,West,Active,Non-Defaulted,0,Fair,Lower-Middle Income,Low DTI
CUST100830,Male,27,Graduate,Self-Employed,Married,0,987700.0,699.0,3,LOAN500830,Personal,429000.0,36,12.5,14351.61,36.98,4.4,0,Good,Owned,West,Active,Non-Defaulted,0,Good,Upper-Middle Income,High DTI
CUST100831,Male,42,Graduate,Salaried,Married,3,1139900.0,665.0,0,LOAN500831,Personal,416000.0,12,10.51,36671.76,38.61,10.9,0,Fair,Rented,Central,Closed,Non-Defaulted,0,Fair,High Income,High DTI
CUST100832,Male,37,Graduate,Business,Married,0,660950.0,692.0,1,LOAN500832,Education,329000.0,84,8.6,5226.76,10.4,12.5,0,Good,Rented,North,Active,Non-Defaulted,0,Good,Lower-Middle Income,Low DTI
CUST100833,Male,38,High School,Unemployed,Married,3,379200.0,642.0,0,LOAN500833,Personal,421000.0,48,11.29,10940.35,34.62,9.5,0,Fair,Mortgaged,South,Active,Non-Defaulted,0,Fair,Low Income,Moderate DTI
CUST100834,Male,30,Graduate,Salaried,Married,2,407000.0,768.0,1,LOAN500834,Home,2352000.0,120,6.91,27199.74,75.0,6.9,0,Excellent,Owned,South,Active,Non-Defaulted,0,Very Good,Lower-Middle Income,Very High DTI
CUST100835,Male,35,Professional,Salaried,Married,0,1322400.0,790.0,1,LOAN500835,Personal,718000.0,36,8.45,22648.86,23.77,8.8,0,Excellent,Owned,South,Active,Non-Defaulted,0,Very Good,High Income,Moderate DTI
CUST100836,Male,28,Professional,Salaried,Single,2,1914400.0,681.0,1,LOAN500836,Home,542000.0,180,6.5,4721.4,5.3,3.3,0,Good,Mortgaged,North,Active,Non-Defaulted,0,Good,High Income,Low DTI
CUST100837,Female,48,Graduate,Salaried,Married,1,876500.0,593.0,2,LOAN500837,Education,1467000.0,60,11.26,32086.68,51.19,18.0,1,Poor,Mortgaged,East,Active,Non-Defaulted,0,Fair,Upper-Middle Income,Very High DTI
CUST100838,Male,49,Graduate,Salaried,Divorced,0,251000.0,653.0,0,LOAN500838,Auto,1180000.0,24,8.91,53859.28,75.0,21.1,0,Fair,Rented,West,Active,Non-Defaulted,0,Fair,Low Income,Very High DTI
CUST100839,Female,21,Professional,Self-Employed,Single,3,497200.0,677.0,2,LOAN500839,Auto,401000.0,72,9.65,7358.28,30.86,0.9,1,Fair,Owned,Central,Active,Non-Defaulted,0,Good,Lower-Middle Income,Moderate DTI
CUST100840,Female,28,High School,Salaried,Married,1,915900.0,725.0,1,LOAN500840,Home,710000.0,240,7.46,5702.36,14.47,4.0,0,Good,Rented,North,Active,Non-Defaulted,0,Good,Upper-Middle Income,Low DTI
CUST100841,Male,22,Post Graduate,Unemployed,Married,1,223000.0,619.0,4,LOAN500841,Business,1707000.0,84,11.62,29787.43,75.0,0.6,0,Fair,Rented,West,Active,Non-Defaulted,0,Fair,Low Income,Very High DTI
CUST100842,Female,31,Professional,Salaried,Married,0,1256900.0,636.0,1,LOAN500842,Auto,538000.0,72,7.91,9409.26,11.99,9.8,0,Fair,Mortgaged,West,Active,Non-Defaulted,0,Fair,High Income,Low DTI
CUST100843,Male,37,High School,Self-Employed,Married,1,862000.0,726.0,0,LOAN500843,Home,1855000.0,180,6.5,16159.04,22.5,11.1,1,Good,Mortgaged,South,Active,Non-Defaulted,0,Good,Upper-Middle Income,Moderate DTI
CUST100844,Female,22,High School,Salaried,Married,3,486200.0,756.0,0,LOAN500844,Home,1603000.0,240,6.5,11951.54,29.5,1.7,0,Excellent,Rented,North,Active,Non-Defaulted,0,Very Good,Lower-Middle Income,Moderate DTI
CUST100845,Male,28,Professional,Salaried,Single,1,693200.0,646.0,3,LOAN500845,Business,2020000.0,60,11.03,43949.92,75.0,2.5,2,Fair,Rented,Central,Overdue,Defaulted,1,Fair,Lower-Middle Income,Very High DTI
CUST100846,Male,27,Graduate,Salaried,Divorced,4,444400.0,597.0,2,LOAN500846,Auto,1063000.0,48,9.4,26655.16,75.0,3.3,0,Poor,Family,West,Closed,Non-Defaulted,0,Fair,Lower-Middle Income,Very High DTI
CUST100847,Male,40,High School,Salaried,Married,4,625200.0,850.0,1,LOAN500847,Auto,279000.0,48,6.5,6616.47,20.74,6.7,0,Excellent,Mortgaged,Central,Closed,Non-Defaulted,0,Excellent,Lower-Middle Income,Moderate DTI
CUST100848,Female,39,Graduate,Salaried,Married,0,523000.0,745.0,1,LOAN500848,Home,2869000.0,120,6.5,32576.91,75.0,15.1,0,Excellent,Family,East,Defaulted,Defaulted,1,Very Good,Lower-Middle Income,Very High DTI
CUST100849,Male,30,Graduate,Self-Employed,Married,0,1142400.0,671.0,1,LOAN500849,Personal,643000.0,36,13.52,21826.61,28.6,8.2,0,Fair,Owned,South,Active,Non-Defaulted,0,Good,High Income,Moderate DTI
CUST100850,Female,40,Post Graduate,Unemployed,Married,3,753800.0,751.0,3,LOAN500850,Auto,284000.0,36,7.86,8881.2,33.03,11.5,0,Excellent,Mortgaged,South,Overdue,Defaulted,1,Very Good,Upper-Middle Income,Moderate DTI
CUST100851,Male,32,Post Graduate,Salaried,Single,1,343400.0,681.0,3,LOAN500851,Auto,1618000.0,72,8.61,28853.12,75.0,4.5,0,Good,Mortgaged,Central,Defaulted,Defaulted,1,Good,Low Income,Very High DTI
CUST100852,Female,35,Professional,Salaried,Married,0,271100.0,751.0,4,LOAN500852,Home,3102000.0,180,6.5,27021.75,75.0,5.0,0,Excellent,Mortgaged,South,Active,Non-Defaulted,0,Very Good,Low Income,Very High DTI
CUST100853,Male,56,Graduate,Salaried,Married,1,606700.0,701.0,2,LOAN500853,Auto,1719000.0,72,8.21,30316.21,75.0,22.8,0,Good,Rented,North,Active,Non-Defaulted,0,Good,Lower-Middle Income,Very High DTI
CUST100854,Female,53,Graduate,Salaried,Single,2,329300.0,696.0,3,LOAN500854,Personal,161000.0,24,12.05,7582.59,75.0,19.1,0,Good,Owned,East,Defaulted,Defaulted,1,Good,Low Income,Very High DTI
CUST100855,Male,24,Graduate,Salaried,Single,2,697800.0,682.0,0,LOAN500855,Education,1491000.0,60,9.61,31393.99,53.99,2.8,0,Good,Rented,South,Active,Non-Defaulted,0,Good,Lower-Middle Income,Very High DTI
CUST100856,Male,47,Graduate,Self-Employed,Married,0,931200.0,589.0,2,LOAN500856,Business,2004000.0,24,11.15,93541.73,75.0,12.1,0,Poor,Rented,South,Active,Non-Defaulted,0,Fair,Upper-Middle Income,Very High DTI
CUST100857,Male,47,High School,Unemployed,Married,0,559300.0,826.0,2,LOAN500857,Business,1789000.0,84,7.56,27493.18,69.52,13.8,0,Excellent,Family,East,Active,Non-Defaulted,0,Excellent,Lower-Middle Income,Very High DTI
CUST100858,Male,25,Professional,Unemployed,Single,3,300700.0,624.0,3,LOAN500858,Home,2819000.0,180,8.54,27825.94,75.0,1.3,0,Fair,Owned,South,Overdue,Defaulted,1,Fair,Low Income,Very High DTI
CUST100859,Female,47,Post Graduate,Salaried,Married,2,622100.0,595.0,1,LOAN500859,Home,606000.0,240,8.58,5289.73,19.37,17.5,1,Poor,Rented,South,Defaulted,Defaulted,1,Fair,Lower-Middle Income,Low DTI
CUST100860,Male,55,Graduate,Business,Married,2,314300.0,675.0,0,LOAN500860,Education,1415000.0,84,8.73,22572.63,75.0,18.4,0,Fair,Mortgaged,North,Closed,Non-Defaulted,0,Good,Low Income,Very High DTI
CUST100861,Female,26,Graduate,Self-Employed,Married,2,658200.0,623.0,1,LOAN500861,Auto,1213000.0,48,7.44,29295.06,58.94,5.1,1,Fair,Mortgaged,East,Active,Non-Defaulted,0,Fair,Lower-Middle Income,Very High DTI
CUST100862,Male,28,High School,Salaried,Married,1,706300.0,686.0,1,LOAN500862,Home,912000.0,240,6.58,6842.65,19.42,5.3,0,Good,Rented,North,Active,Non-Defaulted,0,Good,Upper-Middle Income,Low DTI
CUST100863,Male,49,Graduate,Salaried,Married,2,927500.0,738.0,0,LOAN500863,Business,259000.0,48,9.77,6540.34,8.46,14.8,0,Good,Owned,South,Defaulted,Defaulted,1,Good,Upper-Middle Income,Low DTI
CUST100864,Male,41,Post Graduate,Business,Single,1,578300.0,760.0,1,LOAN500864,Home,729000.0,240,6.9,5608.25,15.51,8.8,0,Excellent,Owned,West,Active,Non-Defaulted,0,Very Good,Lower-Middle Income,Low DTI
CUST100865,Male,44,Graduate,Salaried,Single,0,553900.0,747.0,1,LOAN500865,Home,3242000.0,240,6.5,24171.48,57.0,20.1,0,Excellent,Rented,South,Closed,Non-Defaulted,0,Very Good,Lower-Middle Income,Very High DTI
CUST100866,Female,42,Professional,Salaried,Married,2,335700.0,669.0,1,LOAN500866,Personal,511000.0,36,12.72,17148.77,75.0,5.7,0,Fair,Rented,North,Active,Non-Defaulted,0,Fair,Low Income,Very High DTI
CUST100867,Male,42,Graduate,Salaried,Married,1,227200.0,693.0,1,LOAN500867,Personal,425000.0,24,11.15,19837.94,75.0,10.2,0,Good,Owned,East,Active,Non-Defaulted,0,Good,Low Income,Very High DTI
CUST100868,Male,23,Graduate,Self-Employed,Married,4,381800.0,719.0,0,LOAN500868,Personal,280000.0,48,9.88,7085.4,22.27,2.6,0,Good,Mortgaged,South,Active,Non-Defaulted,0,Good,Low Income,Moderate DTI
CUST100869,Female,50,Post Graduate,Salaried,Married,1,660950.0,567.0,3,LOAN500869,Business,1689000.0,24,12.12,79601.78,75.0,20.3,0,Poor,Mortgaged,South,Active,Non-Defaulted,0,Poor,Lower-Middle Income,Very High DTI
CUST100870,Female,51,High School,Business,Married,3,955000.0,730.0,2,LOAN500870,Home,2823000.0,120,7.06,32864.79,53.56,18.5,0,Good,Rented,East,Active,Non-Defaulted,0,Good,Upper-Middle Income,Very High DTI
CUST100871,Male,35,Graduate,Self-Employed,Married,3,506900.0,588.0,0,LOAN500871,Home,587000.0,300,8.85,4865.93,11.52,5.7,0,Poor,Owned,West,Active,Non-Defaulted,0,Fair,Lower-Middle Income,Low DTI
CUST100872,Male,38,Graduate,Self-Employed,Single,0,502000.0,833.0,2,LOAN500872,Education,495000.0,84,6.5,7350.47,26.86,14.3,0,Excellent,Rented,West,Active,Non-Defaulted,0,Excellent,Lower-Middle Income,Moderate DTI
CUST100873,Female,21,Graduate,Salaried,Single,2,425500.0,662.0,2,LOAN500873,Auto,238000.0,72,7.33,4095.48,35.02,0.4,3,Fair,Rented,East,Active,Non-Defaulted,0,Fair,Lower-Middle Income,High DTI
CUST100874,Male,44,Post Graduate,Self-Employed,Married,1,137700.0,677.0,0,LOAN500874,Auto,1635000.0,24,7.72,73738.0,75.0,9.9,0,Fair,Rented,South,Overdue,Defaulted,1,Good,Low Income,Very High DTI
CUST100875,Male,44,Graduate,Salaried,Single,3,1407800.0,636.0,1,LOAN500875,Personal,594000.0,24,11.85,27920.05,25.65,9.0,0,Fair,Rented,West,Closed,Non-Defaulted,0,Fair,High Income,Moderate DTI
CUST100876,Male,37,Post Graduate,Salaried,Single,1,422300.0,646.0,1,LOAN500876,Education,1495000.0,84,9.29,24273.78,75.0,6.0,1,Fair,Mortgaged,North,Closed,Non-Defaulted,0,Fair,Lower-Middle Income,Very High DTI
CUST100877,Female,50,Graduate,Salaried,Married,2,559900.0,849.0,1,LOAN500877,Personal,277000.0,60,7.44,5542.62,23.49,26.1,0,Excellent,Mortgaged,North,Active,Non-Defaulted,0,Excellent,Lower-Middle Income,Moderate DTI
CUST100878,Female,34,Graduate,Salaried,Married,1,339500.0,756.0,2,LOAN500878,Personal,709000.0,36,11.65,23430.6,75.0,9.0,0,Excellent,Owned,West,Active,Non-Defaulted,0,Very Good,Low Income,Very High DTI
CUST100879,Male,44,Post Graduate,Self-Employed,Married,0,1036400.0,582.0,1,LOAN500879,Personal,502000.0,36,13.82,17113.32,23.92,16.0,0,Poor,Mortgaged,South,Active,Non-Defaulted,0,Fair,High Income,Moderate DTI
CUST100880,Male,27,High School,Salaried,Single,0,731100.0,795.0,0,LOAN500880,Personal,390000.0,60,11.58,8592.79,14.1,6.1,0,Excellent,Owned,West,Closed,Non-Defaulted,0,Very Good,Upper-Middle Income,Low DTI
CUST100881,Male,38,High School,Salaried,Single,1,459000.0,774.0,4,LOAN500881,Personal,217000.0,60,8.16,4416.61,39.36,7.2,0,Excellent,Rented,South,Closed,Non-Defaulted,0,Very Good,Lower-Middle Income,High DTI
CUST100882,Female,36,Graduate,Salaried,Single,2,565400.0,670.0,0,LOAN500882,Auto,1368000.0,24,9.05,62528.12,75.0,4.1,0,Fair,Rented,South,Active,Non-Defaulted,0,Good,Lower-Middle Income,Very High DTI
CUST100883,Male,40,Graduate,Unemployed,Married,2,610900.0,711.0,2,LOAN500883,Personal,728000.0,24,10.47,33751.65,75.0,12.8,0,Good,Mortgaged,Central,Active,Non-Defaulted,0,Good,Lower-Middle Income,Very High DTI
CUST100884,Male,34,High School,Self-Employed,Married,2,627600.0,689.0,0,LOAN500884,Auto,538000.0,48,8.42,13240.48,25.32,8.1,0,Good,Owned,South,Active,Non-Defaulted,0,Good,Lower-Middle Income,Moderate DTI
CUST100885,Female,37,Graduate,Self-Employed,Married,1,595700.0,828.0,0,LOAN500885,Personal,182000.0,24,10.65,8453.08,17.03,9.5,0,Excellent,Owned,East,Active,Non-Defaulted,0,Excellent,Lower-Middle Income,Low DTI
CUST100886,Male,47,Graduate,Salaried,Married,1,434400.0,634.0,1,LOAN500886,Personal,572000.0,24,10.55,26540.34,75.0,7.8,0,Fair,Rented,North,Defaulted,Defaulted,1,Fair,Lower-Middle Income,Very High DTI
CUST100887,Female,33,Graduate,Salaried,Married,0,274900.0,700.0,0,LOAN500887,Home,4896000.0,300,6.53,33149.98,75.0,7.1,0,Good,Rented,North,Active,Non-Defaulted,0,Good,Low Income,Very High DTI
CUST100888,Male,21,Professional,Unemployed,Single,3,252800.0,660.0,1,LOAN500888,Business,2300000.0,48,10.17,58521.9,75.0,0.4,1,Fair,Owned,North,Defaulted,Defaulted,1,Fair,Low Income,Very High DTI
CUST100889,Male,57,Graduate,Salaried,Married,4,797900.0,590.0,0,LOAN500889,Education,498000.0,36,10.31,16141.64,24.28,15.9,0,Poor,Rented,South,Active,Non-Defaulted,0,Fair,Upper-Middle Income,Moderate DTI
CUST100890,Male,53,Post Graduate,Salaried,Married,1,1157000.0,843.0,1,LOAN500890,Business,1376000.0,36,6.5,42173.03,49.9,13.0,1,Good,Owned,Central,Closed,Non-Defaulted,0,Excellent,High Income,High DTI
CUST100891,Female,24,High School,Self-Employed,Divorced,0,220900.0,607.0,1,LOAN500891,Auto,784000.0,72,11.16,14987.05,75.0,1.9,0,Fair,Owned,Central,Defaulted,Defaulted,1,Fair,Low Income,Very High DTI
CUST100892,Female,46,Graduate,Salaried,Divorced,0,397700.0,705.0,0,LOAN500892,Auto,1556000.0,72,9.44,28388.73,75.0,12.5,0,Good,Owned,East,Closed,Non-Defaulted,0,Good,Low Income,Very High DTI
CUST100893,Female,32,Post Graduate,Business,Single,2,614800.0,568.0,2,LOAN500893,Auto,1423000.0,36,11.16,46695.09,75.0,5.4,0,Poor,Rented,Central,Active,Non-Defaulted,0,Poor,Lower-Middle Income,Very High DTI
CUST100894,Male,41,Graduate,Salaried,Married,2,681400.0,662.0,0,LOAN500894,Auto,1122000.0,24,7.55,50515.06,75.0,18.6,0,Fair,Owned,East,Closed,Non-Defaulted,0,Fair,Lower-Middle Income,Very High DTI
CUST100895,Female,41,Post Graduate,Salaried,Married,2,636600.0,720.0,0,LOAN500895,Personal,256000.0,12,11.02,22628.09,42.65,18.0,0,Good,Owned,South,Active,Non-Defaulted,0,Good,Lower-Middle Income,High DTI
CUST100896,Male,35,Graduate,Salaried,Single,0,643800.0,632.0,1,LOAN500896,Home,4721000.0,240,9.19,43054.66,75.0,9.4,0,Fair,Owned,North,Closed,Non-Defaulted,0,Fair,Lower-Middle Income,Very High DTI
CUST100897,Male,29,High School,Salaried,Single,2,830200.0,731.0,1,LOAN500897,Home,3440000.0,240,6.93,26525.93,41.98,8.0,0,Good,Mortgaged,West,Active,Non-Defaulted,0,Good,Upper-Middle Income,High DTI
CUST100898,Female,30,Graduate,Business,Married,2,526600.0,671.0,1,LOAN500898,Home,4867000.0,180,7.57,45311.51,75.0,8.9,0,Fair,Rented,North,Active,Non-Defaulted,0,Good,Lower-Middle Income,Very High DTI
CUST100899,Male,28,Graduate,Self-Employed,Married,1,1017800.0,771.0,0,LOAN500899,Home,3111000.0,180,7.23,28364.1,33.44,3.9,0,Excellent,Owned,South,Active,Non-Defaulted,0,Very Good,High Income,Moderate DTI
CUST100900,Male,29,Post Graduate,Salaried,Single,1,840400.0,785.0,2,LOAN500900,Personal,666000.0,24,8.86,30383.28,56.54,4.9,1,Good,Rented,West,Active,Non-Defaulted,0,Very Good,Upper-Middle Income,Very High DTI
CUST100901,Male,37,Graduate,Salaried,Married,0,585400.0,649.0,1,LOAN500901,Home,4159000.0,300,7.85,31687.67,72.25,14.8,3,Fair,Owned,North,Overdue,Defaulted,1,Fair,Lower-Middle Income,Very High DTI
CUST100902,Male,30,Professional,Self-Employed,Single,1,1401700.0,695.0,0,LOAN500902,Personal,303000.0,12,11.82,26895.68,23.03,6.5,0,Good,Mortgaged,North,Active,Non-Defaulted,0,Good,High Income,Moderate DTI
CUST100903,Male,46,Professional,Self-Employed,Married,3,1372000.0,703.0,1,LOAN500903,Business,2899000.0,24,10.46,134390.47,75.0,10.1,0,Good,Owned,South,Active,Non-Defaulted,0,Good,High Income,Very High DTI
CUST100904,Female,54,Graduate,Salaried,Single,1,1068000.0,733.0,2,LOAN500904,Personal,66000.0,12,11.07,5835.34,19.81,23.7,0,Good,Owned,East,Active,Non-Defaulted,0,Good,High Income,Low DTI
CUST100905,Male,32,Graduate,Salaried,Single,3,160300.0,691.0,1,LOAN500905,Personal,627000.0,60,11.8,13883.98,75.0,4.6,1,Good,Owned,South,Defaulted,Defaulted,1,Good,Low Income,Very High DTI
CUST100906,Female,41,Post Graduate,Salaried,Married,2,1456300.0,703.0,0,LOAN500906,Business,2904000.0,60,10.67,62663.13,51.63,9.9,0,Good,Owned,East,Active,Non-Defaulted,0,Good,High Income,Very High DTI
CUST100907,Female,43,Professional,Self-Employed,Single,0,951900.0,673.0,1,LOAN500907,Home,2025000.0,120,7.22,23742.21,32.19,9.2,1,Fair,Rented,South,Active,Non-Defaulted,0,Good,Upper-Middle Income,Moderate DTI
CUST100908,Male,43,Graduate,Unemployed,Married,2,715200.0,698.0,0,LOAN500908,Personal,536000.0,60,10.44,11504.81,19.3,9.4,0,Good,Rented,East,Active,Non-Defaulted,0,Good,Upper-Middle Income,Low DTI
CUST100909,Male,39,Graduate,Salaried,Single,1,1236100.0,781.0,1,LOAN500909,Home,3030000.0,120,6.5,34405.04,36.84,4.8,1,Good,Rented,South,Closed,Non-Defaulted,0,Very Good,High Income,High DTI
CUST100910,Male,46,Graduate,Self-Employed,Married,1,1386600.0,735.0,2,LOAN500910,Personal,621000.0,60,11.98,13807.53,20.95,21.4,0,Good,Owned,Central,Closed,Non-Defaulted,0,Good,High Income,Moderate DTI
CUST100911,Female,43,Post Graduate,Salaried,Single,0,1040600.0,739.0,1,LOAN500911,Personal,700000.0,36,10.37,22708.83,32.01,10.2,0,Good,Mortgaged,East,Active,Non-Defaulted,0,Good,High Income,Moderate DTI
CUST100912,Male,24,Graduate,Salaried,Married,1,1303900.0,741.0,1,LOAN500912,Personal,502000.0,36,10.96,16425.33,19.81,1.2,0,Excellent,Owned,West,Closed,Non-Defaulted,0,Very Good,High Income,Low DTI
CUST100913,Female,48,Post Graduate,Salaried,Married,0,1777500.0,679.0,3,LOAN500913,Home,4172000.0,120,7.59,49718.57,37.47,8.6,1,Fair,Rented,West,Closed,Non-Defaulted,0,Good,High Income,High DTI
CUST100914,Male,48,High School,Business,Single,0,901500.0,712.0,1,LOAN500914,Education,537000.0,36,10.72,17509.57,30.23,17.1,1,Good,Family,East,Active,Non-Defaulted,0,Good,Upper-Middle Income,Moderate DTI
CUST100915,Female,30,High School,Salaried,Married,1,320900.0,614.0,1,LOAN500915,Auto,527000.0,60,9.61,11096.33,50.71,9.0,0,Fair,Rented,South,Defaulted,Defaulted,1,Fair,Low Income,Very High DTI
CUST100916,Male,38,Graduate,Salaried,Single,1,588900.0,779.0,0,LOAN500916,Auto,861000.0,48,7.38,20769.85,42.32,6.2,0,Excellent,Owned,East,Active,Non-Defaulted,0,Very Good,Lower-Middle Income,High DTI
CUST100917,Male,46,Graduate,Salaried,Married,3,823000.0,495.0,1,LOAN500917,Personal,558000.0,12,14.07,50119.59,75.0,8.2,1,Poor,Mortgaged,West,Active,Non-Defaulted,0,Poor,Upper-Middle Income,Very High DTI
CUST100918,Female,36,Graduate,Salaried,Single,1,707500.0,684.0,1,LOAN500918,Home,1343000.0,300,6.5,9068.03,21.58,8.6,1,Good,Owned,South,Active,Non-Defaulted,0,Good,Upper-Middle Income,Moderate DTI
CUST100919,Female,50,Graduate,Salaried,Married,2,375200.0,770.0,1,LOAN500919,Education,1052000.0,84,7.63,16203.45,67.3,18.5,0,Excellent,Owned,North,Active,Non-Defaulted,0,Very Good,Low Income,Very High DTI
CUST100920,Male,64,Graduate,Self-Employed,Married,1,297100.0,595.0,4,LOAN500920,Personal,346000.0,48,14.17,9484.49,75.0,19.4,0,Poor,Owned,North,Active,Non-Defaulted,0,Fair,Low Income,Very High DTI
CUST100921,Female,29,High School,Salaried,Married,2,478200.0,718.0,3,LOAN500921,Education,1214000.0,36,9.21,38723.64,75.0,4.0,0,Good,Owned,South,Active,Non-Defaulted,0,Good,Lower-Middle Income,Very High DTI
CUST100922,Male,23,Graduate,Self-Employed,Married,0,957800.0,642.0,2,LOAN500922,Home,666000.0,120,6.5,7562.3,20.52,1.6,1,Fair,Mortgaged,North,Closed,Non-Defaulted,0,Fair,Upper-Middle Income,Moderate DTI
CUST100923,Female,41,Professional,Salaried,Married,4,1457300.0,664.0,1,LOAN500923,Education,1035000.0,36,10.28,33532.76,32.49,9.5,0,Fair,Mortgaged,Central,Active,Non-Defaulted,0,Fair,High Income,Moderate DTI
CUST100924,Female,46,Graduate,Salaried,Married,1,1059700.0,756.0,1,LOAN500924,Home,3424000.0,120,6.5,38878.83,48.79,22.0,0,Excellent,Mortgaged,North,Active,Non-Defaulted,0,Very Good,High Income,High DTI
CUST100925,Male,35,Graduate,Salaried,Divorced,3,1133800.0,704.0,0,LOAN500925,Home,4734000.0,180,7.87,44886.01,47.51,4.2,0,Good,Rented,South,Closed,Non-Defaulted,0,Good,High Income,High DTI
CUST100926,Male,54,Graduate,Salaried,Married,1,656500.0,548.0,0,LOAN500926,Education,1099000.0,60,12.18,24546.73,44.87,13.7,0,Poor,Owned,West,Active,Non-Defaulted,0,Poor,Lower-Middle Income,High DTI
CUST100927,Male,23,Professional,Salaried,Single,0,295800.0,622.0,2,LOAN500927,Education,1215000.0,60,10.15,25904.93,75.0,2.3,0,Fair,Owned,West,Active,Non-Defaulted,0,Fair,Low Income,Very High DTI
CUST100928,Male,46,Graduate,Salaried,Married,2,548500.0,758.0,1,LOAN500928,Personal,728000.0,36,10.78,23758.01,64.87,9.1,0,Excellent,Rented,East,Active,Non-Defaulted,0,Very Good,Lower-Middle Income,Very High DTI
CUST100929,Female,31,Post Graduate,Self-Employed,Married,0,574100.0,721.0,3,LOAN500929,Business,2090000.0,36,9.56,67007.5,75.0,3.5,0,Good,Rented,North,Closed,Non-Defaulted,0,Good,Lower-Middle Income,Very High DTI
CUST100930,Male,57,Post Graduate,Self-Employed,Married,1,512000.0,812.0,0,LOAN500930,Personal,268000.0,36,9.23,8551.05,20.04,32.7,0,Excellent,Owned,South,Active,Non-Defaulted,0,Excellent,Lower-Middle Income,Moderate DTI
CUST100931,Male,60,Graduate,Salaried,Married,0,700700.0,808.0,1,LOAN500931,Personal,702000.0,48,7.72,17045.76,38.39,28.0,1,Good,Rented,South,Closed,Non-Defaulted,0,Excellent,Upper-Middle Income,High DTI
CUST100932,Female,30,High School,Salaried,Single,2,843600.0,666.0,1,LOAN500932,Auto,1384000.0,36,8.56,43727.96,70.54,4.3,0,Fair,Mortgaged,South,Closed,Non-Defaulted,0,Fair,Upper-Middle Income,Very High DTI
CUST100933,Female,32,Post Graduate,Salaried,Married,4,1027800.0,850.0,1,LOAN500933,Auto,850000.0,48,6.5,20157.71,25.97,6.6,0,Excellent,Mortgaged,South,Active,Non-Defaulted,0,Excellent,High Income,Moderate DTI
CUST100934,Male,47,High School,Salaried,Single,1,597200.0,692.0,3,LOAN500934,Business,2189000.0,36,9.01,69619.8,75.0,12.0,0,Good,Mortgaged,North,Active,Non-Defaulted,0,Good,Lower-Middle Income,Very High DTI
CUST100935,Male,34,Graduate,Salaried,Single,3,273700.0,623.0,4,LOAN500935,Home,4405000.0,120,9.3,56518.38,75.0,4.9,0,Fair,Mortgaged,Central,Active,Non-Defaulted,0,Fair,Low Income,Very High DTI
CUST100936,Male,38,Post Graduate,Business,Single,1,644400.0,646.0,0,LOAN500936,Personal,782000.0,12,10.05,68768.41,75.0,7.9,0,Fair,Rented,North,Active,Non-Defaulted,0,Fair,Lower-Middle Income,Very High DTI
CUST100937,Male,38,High School,Salaried,Married,1,697000.0,532.0,0,LOAN500937,Auto,1721000.0,24,10.03,79439.25,75.0,11.3,0,Poor,Mortgaged,South,Defaulted,Defaulted,1,Poor,Lower-Middle Income,Very High DTI
CUST100938,Female,21,Post Graduate,Salaried,Single,3,1227500.0,802.0,0,LOAN500938,Personal,294000.0,36,8.95,9342.28,9.13,0.8,1,Good,Owned,Central,Closed,Non-Defaulted,0,Excellent,High Income,Low DTI
CUST100939,Male,38,High School,Salaried,Single,3,519700.0,802.0,1,LOAN500939,Home,2398000.0,120,6.5,27228.8,69.14,8.8,0,Excellent,Rented,West,Active,Non-Defaulted,0,Excellent,Lower-Middle Income,Very High DTI
CUST100940,Female,30,Post Graduate,Salaried,Married,2,872900.0,619.0,1,LOAN500940,Home,993000.0,240,7.99,8299.67,15.63,4.8,0,Fair,Rented,South,Active,Non-Defaulted,0,Fair,Upper-Middle Income,Low DTI
CUST100941,Male,33,Graduate,Self-Employed,Single,1,747100.0,674.0,2,LOAN500941,Personal,236000.0,48,10.97,6096.11,28.95,7.2,0,Fair,Rented,North,Active,Non-Defaulted,0,Good,Upper-Middle Income,Moderate DTI
CUST100942,Female,54,High School,Salaried,Single,1,697000.0,697.0,1,LOAN500942,Home,4471000.0,300,8.26,35281.49,68.26,22.7,1,Good,Mortgaged,Central,Active,Non-Defaulted,0,Good,Lower-Middle Income,Very High DTI
CUST100943,Female,24,High School,Salaried,Single,0,1066800.0,623.0,1,LOAN500943,Home,2124000.0,120,9.67,27682.12,37.24,3.0,0,Fair,Mortgaged,North,Active,Non-Defaulted,0,Fair,High Income,High DTI
CUST100944,Female,47,Professional,Self-Employed,Married,1,473300.0,567.0,2,LOAN500944,Auto,1174000.0,36,10.17,37975.45,75.0,12.5,2,Poor,Owned,West,Active,Non-Defaulted,0,Poor,Lower-Middle Income,Very High DTI
CUST100945,Male,35,High School,Salaried,Married,1,517800.0,675.0,1,LOAN500945,Auto,1249000.0,24,8.26,56637.11,75.0,9.5,0,Fair,Rented,Central,Defaulted,Defaulted,1,Good,Lower-Middle Income,Very High DTI
CUST100946,Male,35,High School,Self-Employed,Single,3,646300.0,668.0,1,LOAN500946,Personal,636000.0,12,11.39,56326.5,75.0,7.5,0,Fair,Rented,North,Active,Non-Defaulted,0,Fair,Lower-Middle Income,Very High DTI
CUST100947,Male,47,Graduate,Salaried,Divorced,3,501900.0,663.0,0,LOAN500947,Personal,187000.0,24,13.98,8976.64,21.46,19.3,0,Fair,Owned,West,Closed,Non-Defaulted,0,Fair,Lower-Middle Income,Moderate DTI
CUST100948,Female,42,Graduate,Salaried,Married,1,871000.0,706.0,1,LOAN500948,Personal,279000.0,24,11.01,13004.88,23.93,7.9,0,Good,Owned,Central,Closed,Non-Defaulted,0,Good,Upper-Middle Income,Moderate DTI
CUST100949,Female,44,Graduate,Self-Employed,Single,0,461600.0,790.0,1,LOAN500949,Personal,386000.0,60,11.05,8402.2,32.65,10.0,0,Excellent,Family,East,Active,Non-Defaulted,0,Very Good,Lower-Middle Income,Moderate DTI
CUST100950,Female,49,High School,Salaried,Single,3,760800.0,669.0,1,LOAN500950,Auto,752000.0,36,9.49,24085.26,44.77,15.3,0,Fair,Rented,South,Active,Non-Defaulted,0,Fair,Upper-Middle Income,High DTI
CUST100951,Female,34,Graduate,Salaried,Married,0,650500.0,702.0,3,LOAN500951,Business,2952000.0,36,10.06,95335.92,75.0,11.6,0,Good,Mortgaged,Central,Active,Non-Defaulted,0,Good,Lower-Middle Income,Very High DTI
CUST100952,Female,31,High School,Salaried,Married,2,756700.0,741.0,3,LOAN500952,Auto,1528000.0,24,6.81,68280.96,75.0,6.8,1,Good,Mortgaged,East,Active,Non-Defaulted,0,Very Good,Upper-Middle Income,Very High DTI
CUST100953,Male,26,High School,Salaried,Single,0,547300.0,729.0,2,LOAN500953,Auto,941000.0,36,8.46,29687.61,75.0,5.3,1,Good,Rented,West,Active,Non-Defaulted,0,Good,Lower-Middle Income,Very High DTI
CUST100954,Female,29,Graduate,Self-Employed,Single,1,552400.0,647.0,1,LOAN500954,Home,4457000.0,240,7.27,35281.09,75.0,2.9,0,Fair,Owned,East,Active,Non-Defaulted,0,Fair,Lower-Middle Income,Very High DTI
CUST100955,Male,68,Post Graduate,Business,Married,4,850800.0,697.0,2,LOAN500955,Home,2064000.0,180,6.77,18287.43,42.37,26.4,0,Good,Rented,North,Active,Non-Defaulted,0,Good,Upper-Middle Income,High DTI
CUST100956,Male,52,High School,Unemployed,Single,0,300800.0,728.0,1,LOAN500956,Business,2400000.0,84,10.35,40278.21,75.0,16.7,0,Good,Mortgaged,South,Overdue,Defaulted,1,Good,Low Income,Very High DTI
CUST100957,Male,23,Graduate,Self-Employed,Married,1,648700.0,611.0,0,LOAN500957,Business,826000.0,36,11.56,27261.76,50.43,1.9,0,Fair,Rented,North,Active,Non-Defaulted,0,Fair,Lower-Middle Income,Very High DTI
CUST100958,Male,23,Graduate,Salaried,Married,1,1547400.0,778.0,1,LOAN500958,Home,3975000.0,300,6.5,26839.48,23.04,2.3,0,Excellent,Owned,North,Active,Non-Defaulted,0,Very Good,High Income,Moderate DTI
CUST100959,Male,43,Professional,Salaried,Married,3,424200.0,790.0,0,LOAN500959,Personal,392000.0,36,9.17,12496.53,35.35,18.3,0,Excellent,Rented,North,Active,Non-Defaulted,0,Very Good,Lower-Middle Income,High DTI
CUST100960,Female,44,Professional,Salaried,Married,3,661800.0,639.0,0,LOAN500960,Education,250000.0,36,9.31,7986.05,14.48,16.5,0,Fair,Rented,South,Active,Non-Defaulted,0,Fair,Lower-Middle Income,Low DTI
CUST100961,Male,44,Post Graduate,Salaried,Married,0,320700.0,704.0,1,LOAN500961,Personal,255000.0,36,11.48,8406.46,51.12,16.0,0,Good,Rented,North,Closed,Non-Defaulted,0,Good,Low Income,Very High DTI
CUST100962,Female,35,Graduate,Salaried,Single,0,816000.0,735.0,3,LOAN500962,Education,663000.0,60,8.31,13541.83,44.71,13.0,0,Good,Rented,Central,Active,Non-Defaulted,0,Good,Upper-Middle Income,High DTI
CUST100963,Male,37,High School,Business,Married,2,475700.0,652.0,0,LOAN500963,Education,1149000.0,120,8.41,14190.71,35.8,8.5,3,Fair,Rented,West,Defaulted,Defaulted,1,Fair,Lower-Middle Income,High DTI
CUST100964,Male,42,Graduate,Salaried,Married,1,597200.0,724.0,3,LOAN500964,Personal,105000.0,48,10.18,2672.16,21.62,17.4,0,Good,Rented,East,Active,Non-Defaulted,0,Good,Lower-Middle Income,Moderate DTI
CUST100965,Male,39,Graduate,Salaried,Married,2,570900.0,701.0,0,LOAN500965,Business,2047000.0,36,9.81,65868.48,75.0,16.1,0,Good,Mortgaged,East,Defaulted,Defaulted,1,Good,Lower-Middle Income,Very High DTI
CUST100966,Male,21,Graduate,Salaried,Divorced,0,781000.0,587.0,0,LOAN500966,Business,2205000.0,24,11.86,103652.9,75.0,0.6,0,Poor,Owned,South,Active,Non-Defaulted,0,Fair,Upper-Middle Income,Very High DTI
CUST100967,Female,35,Post Graduate,Business,Married,0,623100.0,722.0,1,LOAN500967,Business,2031000.0,48,10.4,51902.43,75.0,10.9,0,Good,Rented,East,Closed,Non-Defaulted,0,Good,Lower-Middle Income,Very High DTI
CUST100968,Male,29,Post Graduate,Self-Employed,Married,2,488400.0,613.0,1,LOAN500968,Home,3923000.0,180,7.96,37399.7,75.0,4.5,0,Fair,Rented,East,Active,Non-Defaulted,0,Fair,Lower-Middle Income,Very High DTI
CUST100969,Female,40,Post Graduate,Self-Employed,Married,0,1294900.0,756.0,0,LOAN500969,Personal,184000.0,36,12.8,6181.98,5.73,7.1,0,Excellent,Owned,West,Closed,Non-Defaulted,0,Very Good,High Income,Low DTI
CUST100970,Male,68,Graduate,Salaried,Married,3,782400.0,643.0,0,LOAN500970,Auto,1119000.0,48,10.61,28709.66,44.03,30.3,0,Fair,Rented,North,Active,Non-Defaulted,0,Fair,Upper-Middle Income,High DTI
CUST100971,Female,42,Post Graduate,Business,Married,0,620700.0,679.0,1,LOAN500971,Home,4735000.0,240,8.86,42176.62,75.0,8.3,2,Fair,Owned,West,Active,Non-Defaulted,0,Good,Lower-Middle Income,Very High DTI
CUST100972,Female,35,Graduate,Salaried,Married,0,605100.0,786.0,0,LOAN500972,Personal,508000.0,36,8.52,16041.02,31.81,8.2,0,Excellent,Owned,West,Active,Non-Defaulted,0,Very Good,Lower-Middle Income,Moderate DTI
CUST100973,Female,48,High School,Business,Married,4,1789800.0,725.0,2,LOAN500973,Home,3251000.0,300,6.5,21950.98,16.78,22.9,0,Good,Rented,East,Closed,Non-Defaulted,0,Good,High Income,Low DTI
CUST100974,Male,43,Post Graduate,Salaried,Single,1,609600.0,614.0,1,LOAN500974,Auto,1365000.0,24,9.41,62616.76,75.0,7.0,0,Fair,Rented,South,Closed,Non-Defaulted,0,Fair,Lower-Middle Income,Very High DTI
CUST100975,Male,43,High School,Salaried,Married,2,490200.0,619.0,0,LOAN500975,Personal,300000.0,24,12.85,14241.42,34.86,6.2,0,Fair,Rented,East,Active,Non-Defaulted,0,Fair,Lower-Middle Income,Moderate DTI
CUST100976,Male,45,Graduate,Salaried,Married,0,491300.0,648.0,3,LOAN500976,Home,3652000.0,120,7.87,44058.37,75.0,16.1,1,Fair,Rented,East,Defaulted,Defaulted,1,Fair,Lower-Middle Income,Very High DTI
CUST100977,Female,61,Graduate,Self-Employed,Divorced,2,499400.0,718.0,0,LOAN500977,Personal,737000.0,60,10.25,15749.88,37.85,19.1,0,Good,Owned,East,Closed,Non-Defaulted,0,Good,Lower-Middle Income,High DTI
CUST100978,Male,26,Post Graduate,Salaried,Married,2,513100.0,715.0,2,LOAN500978,Auto,168000.0,36,6.5,5149.03,35.1,3.1,0,Good,Owned,South,Active,Non-Defaulted,0,Good,Lower-Middle Income,High DTI
CUST100979,Male,43,Post Graduate,Business,Single,1,439600.0,631.0,2,LOAN500979,Auto,1586000.0,24,8.77,72288.75,75.0,11.8,0,Fair,Rented,North,Closed,Non-Defaulted,0,Fair,Lower-Middle Income,Very High DTI
CUST100980,Female,28,Graduate,Salaried,Single,3,397900.0,608.0,3,LOAN500980,Personal,214000.0,24,12.51,10124.77,48.4,2.5,0,Fair,Mortgaged,North,Active,Non-Defaulted,0,Fair,Low Income,High DTI
CUST100981,Male,44,Post Graduate,Salaried,Single,2,458400.0,710.0,1,LOAN500981,Business,1477000.0,36,9.52,47326.48,75.0,6.1,0,Good,Owned,North,Defaulted,Defaulted,1,Good,Lower-Middle Income,Very High DTI
CUST100982,Female,28,Graduate,Salaried,Single,1,906600.0,677.0,1,LOAN500982,Personal,689000.0,24,11.01,32116.0,47.33,6.7,0,Fair,Rented,South,Closed,Non-Defaulted,0,Good,Upper-Middle Income,High DTI
CUST100983,Male,33,Graduate,Salaried,Married,2,568400.0,841.0,0,LOAN500983,Auto,1509000.0,36,6.5,46249.35,75.0,5.1,0,Excellent,Rented,South,Active,Non-Defaulted,0,Excellent,Lower-Middle Income,Very High DTI
CUST100984,Male,35,Post Graduate,Salaried,Married,2,617900.0,693.0,1,LOAN500984,Education,1349000.0,60,10.68,29115.71,65.4,7.9,0,Good,Rented,South,Closed,Non-Defaulted,0,Good,Lower-Middle Income,Very High DTI
CUST100985,Female,49,Post Graduate,Salaried,Married,0,1255600.0,817.0,1,LOAN500985,Education,1417000.0,120,7.5,16820.04,18.17,25.6,0,Excellent,Rented,South,Closed,Non-Defaulted,0,Excellent,High Income,Low DTI
CUST100986,Male,48,Professional,Self-Employed,Married,1,1210200.0,608.0,1,LOAN500986,Personal,385000.0,60,13.71,8900.5,11.32,22.0,0,Fair,Owned,West,Defaulted,Defaulted,1,Fair,High Income,Low DTI
CUST100987,Female,24,High School,Salaried,Single,1,596100.0,580.0,2,LOAN500987,Business,2038000.0,60,12.63,45985.67,75.0,1.3,1,Poor,Owned,West,Active,Non-Defaulted,0,Fair,Lower-Middle Income,Very High DTI
CUST100988,Male,39,Graduate,Unemployed,Single,1,201700.0,612.0,0,LOAN500988,Business,1293000.0,36,10.45,41995.18,75.0,11.0,0,Fair,Rented,South,Active,Non-Defaulted,0,Fair,Low Income,Very High DTI
CUST100989,Male,30,Graduate,Self-Employed,Single,2,429300.0,773.0,3,LOAN500989,Auto,729000.0,48,7.62,17667.27,72.82,7.2,0,Excellent,Rented,South,Active,Non-Defaulted,0,Very Good,Lower-Middle Income,Very High DTI
CUST100990,Female,24,Professional,Business,Married,1,1133000.0,813.0,2,LOAN500990,Home,2442000.0,300,6.5,16488.56,27.59,2.8,0,Excellent,Owned,West,Closed,Non-Defaulted,0,Excellent,High Income,Moderate DTI
CUST100991,Female,36,High School,Salaried,Married,4,618600.0,635.0,1,LOAN500991,Personal,607000.0,36,13.76,20675.14,45.12,11.9,0,Fair,Rented,East,Active,Non-Defaulted,0,Fair,Lower-Middle Income,High DTI
CUST100992,Female,35,Post Graduate,Salaried,Single,1,566900.0,658.0,1,LOAN500992,Auto,977000.0,24,9.58,44894.44,75.0,8.2,0,Fair,Rented,South,Defaulted,Defaulted,1,Fair,Lower-Middle Income,Very High DTI
CUST100993,Male,65,Graduate,Salaried,Married,1,461800.0,608.0,1,LOAN500993,Home,4163000.0,300,8.76,34254.13,75.0,16.4,0,Fair,Owned,West,Defaulted,Defaulted,1,Fair,Lower-Middle Income,Very High DTI
CUST100994,Female,43,Graduate,Self-Employed,Single,2,449200.0,563.0,4,LOAN500994,Education,1143000.0,60,11.36,25057.29,75.0,12.7,2,Poor,Rented,South,Overdue,Defaulted,1,Poor,Lower-Middle Income,Very High DTI
CUST100995,Male,23,Graduate,Business,Married,1,947400.0,740.0,0,LOAN500995,Home,592000.0,180,6.9,5288.02,6.7,2.0,0,Excellent,Owned,East,Active,Non-Defaulted,0,Very Good,Upper-Middle Income,Low DTI
CUST100996,Male,32,Graduate,Salaried,Married,1,363000.0,706.0,1,LOAN500996,Auto,1190000.0,60,6.5,23283.72,75.0,7.7,0,Good,Mortgaged,Central,Active,Non-Defaulted,0,Good,Low Income,Very High DTI
CUST100997,Female,49,Graduate,Salaried,Married,0,1100300.0,691.0,1,LOAN500997,Personal,377000.0,24,11.9,17729.1,23.51,8.6,0,Good,Rented,South,Active,Non-Defaulted,0,Good,High Income,Moderate DTI
CUST100998,Male,61,Post Graduate,Business,Married,1,628800.0,592.0,3,LOAN500998,Personal,392000.0,24,12.56,18555.48,44.19,12.0,0,Poor,Owned,Central,Closed,Non-Defaulted,0,Fair,Lower-Middle Income,High DTI
CUST100999,Female,21,Graduate,Salaried,Divorced,1,635200.0,805.0,2,LOAN500999,Personal,664000.0,12,11.42,58815.58,75.0,0.9,0,Excellent,Owned,South,Closed,Non-Defaulted,0,Excellent,Lower-Middle Income,Very High DTI
CUST101000,Male,21,Graduate,Self-Employed,Single,4,342100.0,655.0,1,LOAN501000,Personal,461000.0,48,11.61,12051.81,48.58,0.3,1,Fair,Rented,East,Closed,Non-Defaulted,0,Fair,Low Income,High DTI
CUST101001,Male,59,Graduate,Salaried,Married,1,678500.0,727.0,0,LOAN501001,Home,4485000.0,300,6.81,31157.52,55.11,17.2,1,Good,Rented,South,Active,Non-Defaulted,0,Good,Lower-Middle Income,Very High DTI
CUST101002,Male,42,High School,Business,Married,3,694000.0,588.0,1,LOAN501002,Education,1098000.0,120,11.06,15162.27,29.03,16.5,0,Poor,Mortgaged,West,Closed,Non-Defaulted,0,Fair,Lower-Middle Income,Moderate DTI
CUST101003,Female,28,High School,Salaried,Married,2,666300.0,677.0,0,LOAN501003,Auto,1062000.0,36,7.92,33240.04,59.86,4.1,0,Fair,Owned,North,Defaulted,Defaulted,1,Good,Lower-Middle Income,Very High DTI
CUST101004,Female,44,Graduate,Salaried,Married,1,1383200.0,710.0,3,LOAN501004,Auto,1395000.0,72,8.48,24787.11,31.67,8.8,0,Good,Mortgaged,East,Closed,Non-Defaulted,0,Good,High Income,Moderate DTI
CUST101005,Female,21,Graduate,Salaried,Married,1,743300.0,713.0,2,LOAN501005,Auto,213000.0,72,8.31,3766.9,18.27,0.6,0,Good,Rented,West,Active,Non-Defaulted,0,Good,Upper-Middle Income,Low DTI
CUST101006,Female,38,High School,Unemployed,Married,3,186400.0,701.0,2,LOAN501006,Home,622000.0,180,8.1,5980.12,62.03,11.2,0,Good,Owned,East,Closed,Non-Defaulted,0,Good,Low Income,Very High DTI
CUST101007,Female,42,Graduate,Salaried,Single,3,485100.0,725.0,1,LOAN501007,Home,875000.0,180,7.37,8046.85,26.27,12.0,0,Good,Mortgaged,North,Active,Non-Defaulted,0,Good,Lower-Middle Income,Moderate DTI
CUST101008,Female,48,Graduate,Salaried,Married,0,908200.0,611.0,1,LOAN501008,Home,2469000.0,180,8.89,24880.94,39.48,23.7,0,Fair,Mortgaged,South,Active,Non-Defaulted,0,Fair,Upper-Middle Income,High DTI
CUST101009,Male,27,Graduate,Self-Employed,Single,1,1212400.0,704.0,0,LOAN501009,Auto,538000.0,48,7.31,12960.6,12.83,3.0,0,Good,Mortgaged,West,Active,Non-Defaulted,0,Good,High Income,Low DTI
CUST101010,Male,39,Graduate,Business,Single,1,930200.0,698.0,0,LOAN501010,Personal,788000.0,48,10.35,20118.43,25.95,12.9,0,Good,Owned,Central,Active,Non-Defaulted,0,Good,Upper-Middle Income,Moderate DTI
CUST101011,Male,28,High School,Business,Married,0,1130800.0,706.0,0,LOAN501011,Personal,457000.0,12,12.65,40742.99,43.24,2.6,0,Good,Owned,South,Active,Non-Defaulted,0,Good,High Income,High DTI
CUST101012,Female,41,Professional,Unemployed,Married,2,365800.0,695.0,2,LOAN501012,Auto,1243000.0,72,8.38,22025.17,75.0,10.6,0,Good,Family,East,Defaulted,Defaulted,1,Good,Low Income,Very High DTI
CUST101013,Female,28,Post Graduate,Salaried,Single,3,1348700.0,601.0,0,LOAN501013,Business,981000.0,84,14.06,18416.48,16.39,5.9,0,Fair,Family,South,Closed,Non-Defaulted,0,Fair,High Income,Low DTI
CUST101014,Male,34,Post Graduate,Salaried,Married,1,267700.0,693.0,2,LOAN501014,Auto,681000.0,48,9.22,17017.94,75.0,5.5,0,Poor,Mortgaged,South,Active,Non-Defaulted,0,Good,Low Income,Very High DTI
CUST101015,Female,27,High School,Self-Employed,Married,2,895400.0,535.0,2,LOAN501015,Education,570000.0,120,14.06,8870.76,16.57,4.4,0,Poor,Rented,South,Active,Non-Defaulted,0,Poor,Upper-Middle Income,Low DTI
CUST101016,Female,45,Post Graduate,Business,Single,2,1302800.0,747.0,1,LOAN501016,Auto,1303000.0,48,6.5,30900.58,32.6,8.7,0,Excellent,Rented,West,Active,Non-Defaulted,0,Very Good,High Income,Moderate DTI
CUST101017,Male,47,Post Graduate,Salaried,Married,1,358900.0,748.0,0,LOAN501017,Home,2632000.0,300,6.5,17771.45,59.42,8.6,0,Excellent,Owned,Central,Active,Non-Defaulted,0,Very Good,Low Income,Very High DTI
CUST101018,Female,35,Post Graduate,Salaried,Married,0,446100.0,749.0,0,LOAN501018,Auto,1004000.0,60,7.76,20242.38,54.45,8.9,2,Fair,Owned,West,Active,Non-Defaulted,0,Very Good,Lower-Middle Income,Very High DTI
CUST101019,Female,38,High School,Business,Married,2,540100.0,711.0,0,LOAN501019,Education,929000.0,120,9.7,12122.99,26.93,12.4,0,Good,Mortgaged,North,Active,Non-Defaulted,0,Good,Lower-Middle Income,Moderate DTI
CUST101020,Male,22,Graduate,Salaried,Married,3,481000.0,541.0,2,LOAN501020,Personal,627000.0,24,14.64,30294.0,75.0,0.6,0,Poor,Rented,East,Defaulted,Defaulted,1,Poor,Lower-Middle Income,Very High DTI
CUST101021,Female,35,Post Graduate,Salaried,Single,2,541600.0,618.0,0,LOAN501021,Home,907000.0,180,6.66,7980.94,17.68,12.7,2,Fair,Rented,North,Closed,Non-Defaulted,0,Fair,Lower-Middle Income,Low DTI
CUST101022,Male,37,Graduate,Salaried,Married,0,766800.0,702.0,2,LOAN501022,Personal,633000.0,12,10.49,55795.12,75.0,6.7,0,Good,Family,South,Defaulted,Defaulted,1,Good,Upper-Middle Income,Very High DTI
CUST101023,Female,67,Graduate,Self-Employed,Married,0,984900.0,699.0,2,LOAN501023,Home,3035000.0,120,6.5,34461.81,49.06,15.4,0,Good,Rented,North,Active,Non-Defaulted,0,Good,Upper-Middle Income,High DTI
CUST101024,Female,26,Graduate,Self-Employed,Married,0,1092300.0,674.0,0,LOAN501024,Business,2073000.0,36,9.29,66200.99,72.73,2.3,0,Fair,Rented,South,Active,Non-Defaulted,0,Good,High Income,Very High DTI
CUST101025,Female,54,Graduate,Salaried,Single,2,456500.0,716.0,2,LOAN501025,Home,1974000.0,180,6.8,17522.88,71.92,12.2,0,Good,Rented,West,Defaulted,Defaulted,1,Good,Lower-Middle Income,Very High DTI
CUST101026,Male,49,High School,Self-Employed,Married,2,433300.0,691.0,1,LOAN501026,Home,2342000.0,300,6.5,15813.35,54.48,9.0,0,Good,Rented,East,Active,Non-Defaulted,0,Good,Lower-Middle Income,Very High DTI
CUST101027,Female,41,Graduate,Self-Employed,Married,0,1222400.0,698.0,2,LOAN501027,Education,424000.0,60,9.94,8996.23,14.49,16.1,0,Good,Mortgaged,Central,Active,Non-Defaulted,0,Good,High Income,Low DTI
CUST101028,Female,57,High School,Salaried,Single,3,930900.0,645.0,0,LOAN501028,Home,4907000.0,300,8.83,40609.64,52.35,21.2,0,Fair,Owned,South,Active,Non-Defaulted,0,Fair,Upper-Middle Income,Very High DTI
CUST101029,Male,42,Graduate,Self-Employed,Divorced,2,676400.0,759.0,0,LOAN501029,Home,2737000.0,300,7.66,20511.89,36.39,11.1,0,Excellent,Rented,South,Active,Non-Defaulted,0,Very Good,Lower-Middle Income,High DTI
CUST101030,Female,42,Graduate,Salaried,Divorced,2,856600.0,660.0,0,LOAN501030,Education,1495000.0,60,8.55,30708.25,43.02,19.1,0,Fair,Rented,South,Active,Non-Defaulted,0,Fair,Upper-Middle Income,High DTI
CUST101031,Male,37,Graduate,Salaried,Single,4,672800.0,597.0,1,LOAN501031,Home,2704000.0,300,7.99,20852.0,42.8,8.3,0,Poor,Mortgaged,South,Closed,Non-Defaulted,0,Fair,Lower-Middle Income,High DTI
CUST101032,Female,51,High School,Salaried,Married,0,877900.0,636.0,2,LOAN501032,Auto,513000.0,48,10.4,13109.77,30.8,11.1,0,Fair,Rented,Central,Closed,Non-Defaulted,0,Fair,Upper-Middle Income,Moderate DTI
CUST101033,Male,50,Post Graduate,Salaried,Married,3,580800.0,666.0,2,LOAN501033,Personal,431000.0,24,12.84,20458.15,60.15,12.8,0,Fair,Family,South,Closed,Non-Defaulted,0,Fair,Lower-Middle Income,Very High DTI
CUST101034,Male,31,Post Graduate,Salaried,Married,0,776500.0,760.0,3,LOAN501034,Personal,80000.0,60,11.37,1754.19,23.25,4.5,0,Excellent,Rented,Central,Closed,Non-Defaulted,0,Very Good,Upper-Middle Income,Moderate DTI
CUST101035,Male,23,High School,Business,Married,1,393500.0,687.0,0,LOAN501035,Home,4571000.0,120,8.49,56649.41,75.0,1.7,1,Good,Mortgaged,South,Active,Non-Defaulted,0,Good,Low Income,Very High DTI
CUST101036,Female,36,High School,Self-Employed,Married,3,467200.0,677.0,0,LOAN501036,Home,4183000.0,300,7.73,31540.5,75.0,7.0,0,Fair,Rented,South,Closed,Non-Defaulted,0,Good,Lower-Middle Income,Very High DTI
CUST101037,Male,29,High School,Business,Married,3,587100.0,603.0,2,LOAN501037,Business,2232000.0,36,11.49,73591.83,75.0,5.3,0,Fair,Owned,North,Active,Non-Defaulted,0,Fair,Lower-Middle Income,Very High DTI
CUST101038,Female,37,Post Graduate,Salaried,Married,1,570200.0,745.0,0,LOAN501038,Business,1908000.0,48,10.12,48501.84,75.0,11.6,0,Excellent,Owned,Central,Closed,Non-Defaulted,0,Very Good,Lower-Middle Income,Very High DTI
CUST101039,Male,52,Graduate,Salaried,Single,2,437500.0,644.0,0,LOAN501039,Education,912000.0,84,9.47,14891.7,40.85,24.2,0,Fair,Rented,North,Closed,Non-Defaulted,0,Fair,Lower-Middle Income,High DTI
CUST101040,Male,33,Graduate,Salaried,Married,2,528300.0,683.0,1,LOAN501040,Home,4985000.0,300,7.51,36871.14,75.0,9.3,0,Good,Rented,Central,Active,Non-Defaulted,0,Good,Lower-Middle Income,Very High DTI
CUST101041,Male,38,High School,Salaried,Single,3,329900.0,794.0,0,LOAN501041,Business,978000.0,12,8.13,85133.48,75.0,6.9,0,Excellent,Mortgaged,South,Active,Non-Defaulted,0,Very Good,Low Income,Very High DTI
CUST101042,Female,39,Graduate,Salaried,Married,0,888100.0,726.0,1,LOAN501042,Auto,1436000.0,36,8.0,44999.02,64.33,6.2,0,Good,Rented,South,Active,Non-Defaulted,0,Good,Upper-Middle Income,Very High DTI
CUST101043,Male,47,Post Graduate,Self-Employed,Married,3,624800.0,576.0,0,LOAN501043,Home,3116000.0,240,10.57,31256.17,60.03,16.3,0,Poor,Mortgaged,East,Active,Non-Defaulted,0,Poor,Lower-Middle Income,Very High DTI
CUST101044,Female,21,Post Graduate,Unemployed,Married,1,120400.0,566.0,1,LOAN501044,Auto,1760000.0,60,10.26,37620.35,75.0,0.4,0,Poor,Rented,North,Defaulted,Defaulted,1,Poor,Low Income,Very High DTI
CUST101045,Female,31,Graduate,Salaried,Single,1,457200.0,685.0,2,LOAN501045,Personal,671000.0,12,10.87,59263.41,75.0,3.4,0,Good,Rented,North,Defaulted,Defaulted,1,Good,Lower-Middle Income,Very High DTI
CUST101046,Female,40,High School,Salaried,Single,1,802200.0,605.0,0,LOAN501046,Personal,799000.0,48,12.7,21316.39,31.89,11.9,0,Fair,Owned,West,Active,Non-Defaulted,0,Fair,Upper-Middle Income,Moderate DTI
CUST101047,Male,51,High School,Self-Employed,Single,1,500900.0,735.0,3,LOAN501047,Education,924000.0,36,7.09,28568.47,75.0,14.3,0,Good,Owned,South,Active,Non-Defaulted,0,Good,Lower-Middle Income,Very High DTI
CUST101048,Male,33,High School,Salaried,Single,4,488400.0,693.0,1,LOAN501048,Auto,487000.0,72,8.99,8776.02,32.33,9.6,0,Good,Family,East,Active,Non-Defaulted,0,Good,Lower-Middle Income,Moderate DTI
CUST101049,Female,21,Graduate,Business,Married,1,783900.0,702.0,3,LOAN501049,Home,2767000.0,180,7.18,25149.86,47.24,0.5,0,Good,Owned,North,Closed,Non-Defaulted,0,Good,Upper-Middle Income,High DTI
CUST101050,Male,45,High School,Self-Employed,Divorced,4,766500.0,641.0,0,LOAN501050,Home,3700000.0,180,8.13,35637.37,55.79,22.2,0,Fair,Owned,North,Closed,Non-Defaulted,0,Fair,Upper-Middle Income,Very High DTI
CUST101051,Female,31,Graduate,Unemployed,Single,0,137000.0,812.0,1,LOAN501051,Business,2368000.0,24,8.51,107649.87,75.0,8.2,0,Excellent,Mortgaged,South,Active,Non-Defaulted,0,Excellent,Low Income,Very High DTI
CUST101052,Male,25,Graduate,Salaried,Divorced,2,888800.0,850.0,1,LOAN501052,Auto,151000.0,24,6.5,6726.48,15.46,1.4,2,Fair,Owned,East,Closed,Non-Defaulted,0,Excellent,Upper-Middle Income,Low DTI
CUST101053,Female,31,Professional,Self-Employed,Married,3,442700.0,670.0,2,LOAN501053,Home,2773000.0,240,9.04,25020.78,75.0,6.4,0,Fair,Rented,West,Defaulted,Defaulted,1,Good,Lower-Middle Income,Very High DTI
CUST101054,Female,36,Graduate,Salaried,Married,2,676700.0,715.0,1,LOAN501054,Personal,226000.0,60,10.31,4836.38,15.49,9.9,0,Good,Owned,East,Active,Non-Defaulted,0,Good,Lower-Middle Income,Low DTI
CUST101055,Female,31,Post Graduate,Self-Employed,Married,2,639000.0,697.0,1,LOAN501055,Personal,706000.0,36,10.78,23040.05,46.45,7.7,0,Good,Rented,West,Closed,Non-Defaulted,0,Good,Lower-Middle Income,High DTI
CUST101056,Male,21,Post Graduate,Salaried,Married,2,529900.0,672.0,3,LOAN501056,Business,628000.0,60,11.57,13833.44,70.78,0.6,0,Fair,Mortgaged,North,Active,Non-Defaulted,0,Good,Lower-Middle Income,Very High DTI
CUST101057,Female,48,High School,Salaried,Single,3,417600.0,632.0,1,LOAN501057,Home,3499000.0,180,8.94,35364.41,75.0,15.8,0,Fair,Rented,North,Active,Non-Defaulted,0,Fair,Lower-Middle Income,Very High DTI
CUST101058,Male,52,Post Graduate,Salaried,Married,3,595000.0,614.0,0,LOAN501058,Home,1697000.0,180,10.65,18916.74,38.15,15.7,1,Fair,Rented,North,Active,Non-Defaulted,0,Fair,Lower-Middle Income,High DTI
CUST101059,Male,45,Graduate,Salaried,Married,0,1489100.0,611.0,1,LOAN501059,Home,2104000.0,300,7.74,15878.31,14.36,10.7,0,Fair,Mortgaged,West,Active,Non-Defaulted,0,Fair,High Income,Low DTI
CUST101060,Female,25,Graduate,Business,Married,3,422600.0,718.0,1,LOAN501060,Business,2834000.0,12,8.94,247758.64,75.0,4.3,1,Good,Family,West,Defaulted,Defaulted,1,Good,Lower-Middle Income,Very High DTI
CUST101061,Female,36,Graduate,Self-Employed,Married,1,1464500.0,654.0,1,LOAN501061,Auto,547000.0,72,7.83,9545.34,9.73,7.3,0,Fair,Owned,North,Closed,Non-Defaulted,0,Fair,High Income,Low DTI
CUST101062,Female,38,Professional,Self-Employed,Single,0,573800.0,510.0,1,LOAN501062,Auto,307000.0,48,11.75,8046.86,24.86,5.2,1,Poor,Rented,North,Closed,Non-Defaulted,0,Poor,Lower-Middle Income,Moderate DTI
CUST101063,Female,45,Graduate,Salaried,Married,3,694200.0,721.0,3,LOAN501063,Home,812000.0,180,6.5,7073.39,24.86,9.0,0,Good,Family,West,Closed,Non-Defaulted,0,Good,Lower-Middle Income,Moderate DTI
CUST101064,Male,45,Graduate,Self-Employed,Married,1,385800.0,687.0,2,LOAN501064,Personal,428000.0,36,10.64,13939.32,72.17,20.2,0,Good,Rented,Central,Active,Non-Defaulted,0,Good,Low Income,Very High DTI
CUST101065,Male,30,Professional,Salaried,Married,3,471300.0,784.0,0,LOAN501065,Business,1997000.0,36,8.62,63151.47,75.0,6.3,1,Good,Rented,West,Active,Non-Defaulted,0,Very Good,Lower-Middle Income,Very High DTI
CUST101066,Female,39,High School,Business,Married,0,638200.0,716.0,0,LOAN501066,Business,1116000.0,12,8.88,97533.76,75.0,14.4,0,Good,Owned,South,Overdue,Defaulted,1,Good,Lower-Middle Income,Very High DTI
CUST101067,Male,43,Post Graduate,Business,Married,0,491900.0,586.0,4,LOAN501067,Business,2133000.0,36,13.8,72693.86,75.0,17.8,1,Poor,Owned,East,Defaulted,Defaulted,1,Fair,Lower-Middle Income,Very High DTI
CUST101068,Male,54,Post Graduate,Salaried,Married,1,617400.0,534.0,2,LOAN501068,Business,371000.0,36,12.49,12409.52,33.25,26.7,0,Poor,Owned,West,Active,Non-Defaulted,0,Poor,Lower-Middle Income,Moderate DTI
CUST101069,Male,46,Post Graduate,Business,Married,0,668300.0,640.0,3,LOAN501069,Education,1300000.0,120,9.41,16757.69,58.17,15.8,3,Fair,Family,South,Defaulted,Defaulted,1,Fair,Lower-Middle Income,Very High DTI
CUST101070,Male,47,Professional,Salaried,Married,2,1659300.0,646.0,0,LOAN501070,Auto,1497000.0,72,6.79,25371.68,18.35,9.9,0,Fair,Family,East,Closed,Non-Defaulted,0,Fair,High Income,Low DTI
CUST101071,Male,39,Professional,Salaried,Married,1,390000.0,756.0,2,LOAN501071,Education,1480000.0,36,6.5,45360.52,75.0,6.6,0,Excellent,Mortgaged,South,Active,Non-Defaulted,0,Very Good,Low Income,Very High DTI
CUST101072,Male,54,High School,Salaried,Single,1,717000.0,689.0,2,LOAN501072,Auto,1695000.0,60,7.81,34214.57,62.46,21.2,0,Good,Owned,South,Closed,Non-Defaulted,0,Good,Upper-Middle Income,Very High DTI
CUST101073,Male,43,Post Graduate,Salaried,Single,0,768700.0,769.0,0,LOAN501073,Personal,317000.0,48,9.55,7971.61,12.44,11.2,0,Excellent,Owned,Central,Closed,Non-Defaulted,0,Very Good,Upper-Middle Income,Low DTI
CUST101074,Male,29,Graduate,Self-Employed,Single,1,388900.0,597.0,1,LOAN501074,Home,2297000.0,240,9.67,21666.69,75.0,5.5,0,Poor,Mortgaged,Central,Closed,Non-Defaulted,0,Fair,Low Income,Very High DTI
CUST101075,Female,53,Graduate,Salaried,Married,2,949000.0,758.0,1,LOAN501075,Business,2289000.0,84,7.66,35290.34,48.93,18.9,0,Excellent,Mortgaged,South,Active,Non-Defaulted,0,Very Good,Upper-Middle Income,High DTI
CUST101076,Male,46,High School,Salaried,Single,0,563700.0,740.0,1,LOAN501076,Home,1103000.0,300,6.83,7676.57,20.46,16.7,0,Excellent,Rented,North,Closed,Non-Defaulted,0,Very Good,Lower-Middle Income,Moderate DTI
CUST101077,Male,33,Graduate,Self-Employed,Married,2,196500.0,549.0,2,LOAN501077,Education,540000.0,60,12.24,12077.6,75.0,3.5,0,Poor,Rented,West,Defaulted,Defaulted,1,Poor,Low Income,Very High DTI
CUST101078,Female,33,Professional,Self-Employed,Married,3,892200.0,783.0,2,LOAN501078,Personal,139000.0,12,10.28,12238.42,23.92,3.5,0,Excellent,Rented,South,Active,Non-Defaulted,0,Very Good,Upper-Middle Income,Moderate DTI
CUST101079,Male,41,Professional,Business,Single,2,475300.0,697.0,2,LOAN501079,Home,2547000.0,240,8.19,21606.29,75.0,15.1,0,Good,Rented,North,Active,Non-Defaulted,0,Good,Lower-Middle Income,Very High DTI
CUST101080,Female,43,Graduate,Self-Employed,Single,3,393100.0,717.0,2,LOAN501080,Home,2984000.0,180,6.5,25993.84,75.0,8.6,0,Good,Rented,South,Defaulted,Defaulted,1,Good,Low Income,Very High DTI
CUST101081,Female,40,High School,Self-Employed,Single,0,904300.0,629.0,1,LOAN501081,Personal,208000.0,12,12.92,18570.19,31.02,13.5,0,Fair,Rented,East,Active,Non-Defaulted,0,Fair,Upper-Middle Income,Moderate DTI
CUST101082,Male,41,Graduate,Salaried,Married,0,577700.0,779.0,1,LOAN501082,Personal,70000.0,12,11.44,6201.09,25.07,12.7,0,Excellent,Mortgaged,North,Active,Non-Defaulted,0,Very Good,Lower-Middle Income,Moderate DTI
CUST101083,Male,57,Post Graduate,Salaried,Single,3,1060300.0,607.0,2,LOAN501083,Personal,590000.0,60,14.17,13780.32,20.07,32.9,0,Fair,Mortgaged,East,Closed,Non-Defaulted,0,Fair,High Income,Moderate DTI
CUST101084,Female,50,Post Graduate,Salaried,Single,2,1220000.0,748.0,1,LOAN501084,Education,128000.0,120,9.93,1686.57,5.0,23.8,2,Fair,Owned,North,Closed,Non-Defaulted,0,Very Good,High Income,Low DTI
CUST101085,Female,40,Graduate,Salaried,Divorced,2,500800.0,747.0,0,LOAN501085,Personal,780000.0,36,10.5,25351.91,60.75,10.4,0,Excellent,Rented,Central,Closed,Non-Defaulted,0,Very Good,Lower-Middle Income,Very High DTI
CUST101086,Male,48,High School,Self-Employed,Married,2,951200.0,622.0,1,LOAN501086,Personal,216000.0,60,11.91,4794.98,8.35,18.2,0,Fair,Family,Central,Active,Non-Defaulted,0,Fair,Upper-Middle Income,Low DTI
CUST101087,Female,27,Graduate,Salaried,Single,1,474900.0,829.0,0,LOAN501087,Personal,548000.0,24,6.5,24411.35,61.68,2.3,0,Excellent,Rented,West,Closed,Non-Defaulted,0,Excellent,Lower-Middle Income,Very High DTI
CUST101088,Male,42,Graduate,Self-Employed,Married,0,1898600.0,706.0,2,LOAN501088,Auto,867000.0,36,6.85,26711.02,19.12,11.0,0,Good,Family,South,Active,Non-Defaulted,0,Good,High Income,Low DTI
CUST101089,Female,58,Professional,Salaried,Married,2,489400.0,736.0,0,LOAN501089,Auto,248000.0,60,7.03,4914.21,12.05,27.6,0,Good,Owned,South,Active,Non-Defaulted,0,Good,Lower-Middle Income,Low DTI
CUST101090,Male,36,Graduate,Salaried,Married,2,1116900.0,583.0,0,LOAN501090,Auto,929000.0,72,9.96,17191.77,18.47,10.5,0,Poor,Rented,West,Active,Non-Defaulted,0,Fair,High Income,Low DTI
CUST101091,Female,29,Graduate,Salaried,Married,1,1023300.0,838.0,3,LOAN501091,Home,2825000.0,300,6.5,19074.6,33.6,5.1,0,Excellent,Rented,Central,Closed,Non-Defaulted,0,Excellent,High Income,Moderate DTI
CUST101092,Female,31,Graduate,Business,Single,3,945600.0,604.0,2,LOAN501092,Personal,691000.0,60,13.17,15782.57,24.05,4.0,0,Fair,Rented,North,Active,Non-Defaulted,0,Fair,Upper-Middle Income,Moderate DTI
CUST101093,Female,26,High School,Self-Employed,Married,1,471100.0,762.0,2,LOAN501093,Auto,1358000.0,72,7.28,23335.57,67.22,4.6,0,Excellent,Family,South,Closed,Non-Defaulted,0,Very Good,Lower-Middle Income,Very High DTI
CUST101094,Male,29,Professional,Business,Married,1,755500.0,620.0,1,LOAN501094,Education,211000.0,120,10.38,2832.97,8.34,3.8,0,Fair,Rented,South,Closed,Non-Defaulted,0,Fair,Upper-Middle Income,Low DTI
CUST101095,Male,34,Graduate,Salaried,Single,3,242800.0,647.0,2,LOAN501095,Personal,207000.0,60,12.84,4692.95,59.99,11.0,0,Fair,Owned,South,Closed,Non-Defaulted,0,Fair,Low Income,Very High DTI
CUST101096,Male,23,Graduate,Unemployed,Married,2,304100.0,745.0,2,LOAN501096,Home,1903000.0,120,6.5,21608.18,75.0,1.9,0,Excellent,Owned,South,Closed,Non-Defaulted,0,Very Good,Low Income,Very High DTI
CUST101097,Male,38,Graduate,Salaried,Married,1,807200.0,762.0,1,LOAN501097,Personal,137000.0,60,11.08,2984.18,10.58,8.9,0,Excellent,Rented,Central,Closed,Non-Defaulted,0,Very Good,Upper-Middle Income,Low DTI
CUST101098,Male,48,Post Graduate,Salaried,Married,0,727700.0,601.0,3,LOAN501098,Personal,393000.0,60,11.68,8678.65,38.92,7.7,0,Fair,Family,South,Closed,Non-Defaulted,0,Fair,Upper-Middle Income,High DTI
CUST101099,Female,28,Graduate,Unemployed,Single,0,120000.0,766.0,0,LOAN501099,Auto,1774000.0,36,6.71,54541.06,75.0,3.2,1,Good,Owned,East,Closed,Non-Defaulted,0,Very Good,Low Income,Very High DTI
CUST101100,Male,55,Post Graduate,Salaried,Married,2,371800.0,763.0,3,LOAN501100,Home,2816000.0,240,6.5,20995.34,75.0,29.0,0,Excellent,Rented,Central,Closed,Non-Defaulted,0,Very Good,Low Income,Very High DTI
CUST101101,Male,44,Graduate,Self-Employed,Single,1,453900.0,624.0,1,LOAN501101,Personal,606000.0,24,10.55,28117.91,75.0,18.8,2,Fair,Rented,East,Defaulted,Defaulted,1,Fair,Lower-Middle Income,Very High DTI
CUST101102,Female,49,Graduate,Salaried,Married,3,785100.0,802.0,1,LOAN501102,Home,3573000.0,120,6.5,40570.69,66.59,18.1,1,Good,Owned,Central,Closed,Non-Defaulted,0,Excellent,Upper-Middle Income,Very High DTI
CUST101103,Female,31,High School,Self-Employed,Single,4,746800.0,588.0,0,LOAN501103,Business,2580000.0,12,12.93,230353.85,75.0,6.1,0,Poor,Owned,North,Defaulted,Defaulted,1,Fair,Upper-Middle Income,Very High DTI
CUST101104,Female,47,Graduate,Business,Single,3,748800.0,646.0,1,LOAN501104,Education,402000.0,36,9.44,12865.97,28.53,18.1,0,Fair,Mortgaged,Central,Closed,Non-Defaulted,0,Fair,Upper-Middle Income,Moderate DTI
CUST101105,Female,26,High School,Salaried,Married,1,925800.0,724.0,1,LOAN501105,Business,2311000.0,48,7.95,56364.04,75.0,3.3,0,Good,Owned,North,Active,Non-Defaulted,0,Good,Upper-Middle Income,Very High DTI
CUST101106,Male,48,Graduate,Self-Employed,Married,2,397200.0,630.0,4,LOAN501106,Home,4466000.0,180,7.47,41324.27,75.0,18.7,0,Fair,Owned,Central,Active,Non-Defaulted,0,Fair,Low Income,Very High DTI
CUST101107,Male,40,Post Graduate,Salaried,Married,1,914800.0,708.0,4,LOAN501107,Auto,433000.0,60,6.71,8514.8,22.29,9.0,0,Good,Owned,North,Active,Non-Defaulted,0,Good,Upper-Middle Income,Moderate DTI
CUST101108,Female,44,Post Graduate,Self-Employed,Married,0,816400.0,707.0,3,LOAN501108,Home,2061000.0,300,7.47,15190.41,38.93,19.1,0,Good,Owned,South,Active,Non-Defaulted,0,Good,Upper-Middle Income,High DTI
CUST101109,Female,25,Graduate,Salaried,Single,0,818100.0,677.0,1,LOAN501109,Personal,778000.0,12,11.63,68989.77,75.0,3.5,0,Fair,Rented,South,Active,Non-Defaulted,0,Good,Upper-Middle Income,Very High DTI
CUST101110,Male,28,Graduate,Salaried,Married,1,625400.0,748.0,4,LOAN501110,Home,4014000.0,180,6.5,34966.25,75.0,3.7,0,Excellent,Rented,South,Closed,Non-Defaulted,0,Very Good,Lower-Middle Income,Very High DTI
CUST101111,Female,45,High School,Salaried,Married,3,1643400.0,674.0,1,LOAN501111,Auto,616000.0,48,7.03,14759.46,12.58,19.7,0,Fair,Rented,South,Closed,Non-Defaulted,0,Good,High Income,Low DTI
CUST101112,Male,28,Post Graduate,Salaried,Single,0,864800.0,706.0,2,LOAN501112,Personal,473000.0,24,10.27,21885.54,37.0,4.5,0,Good,Rented,Central,Active,Non-Defaulted,0,Good,Upper-Middle Income,High DTI
CUST101113,Male,43,Post Graduate,Business,Married,0,510500.0,770.0,0,LOAN501113,Education,666000.0,120,7.67,7964.75,18.72,8.4,0,Excellent,Family,South,Active,Non-Defaulted,0,Very Good,Lower-Middle Income,Low DTI
CUST101114,Male,23,Graduate,Salaried,Single,4,768900.0,745.0,1,LOAN501114,Personal,417000.0,48,9.62,10500.26,25.53,0.9,0,Excellent,Rented,West,Closed,Non-Defaulted,0,Very Good,Upper-Middle Income,Moderate DTI
CUST101115,Female,47,Graduate,Salaried,Divorced,0,979400.0,745.0,3,LOAN501115,Home,2098000.0,120,6.64,23972.08,46.42,19.0,1,Good,Family,North,Active,Non-Defaulted,0,Very Good,Upper-Middle Income,High DTI
CUST101116,Female,24,Post Graduate,Salaried,Married,2,514600.0,610.0,3,LOAN501116,Personal,259000.0,48,13.04,6953.46,30.52,3.2,0,Fair,Mortgaged,West,Defaulted,Defaulted,1,Fair,Lower-Middle Income,Moderate DTI
CUST101117,Male,44,Post Graduate,Salaried,Married,1,1151300.0,727.0,1,LOAN501117,Home,3536000.0,180,7.15,32079.84,37.28,18.6,0,Good,Rented,East,Active,Non-Defaulted,0,Good,High Income,High DTI
CUST101118,Female,45,Graduate,Self-Employed,Married,0,780800.0,629.0,2,LOAN501118,Personal,634000.0,12,10.96,56022.14,75.0,16.9,0,Fair,Rented,Central,Closed,Non-Defaulted,0,Fair,Upper-Middle Income,Very High DTI
CUST101119,Male,30,Graduate,Unemployed,Married,3,120000.0,600.0,0,LOAN501119,Personal,705000.0,24,12.62,33391.29,75.0,3.4,1,Fair,Mortgaged,South,Defaulted,Defaulted,1,Fair,Low Income,Very High DTI
CUST101120,Male,44,High School,Salaried,Single,0,788100.0,685.0,2,LOAN501120,Home,1199000.0,240,8.45,10367.29,22.17,7.5,0,Good,Owned,North,Closed,Non-Defaulted,0,Good,Upper-Middle Income,Moderate DTI
CUST101121,Female,41,High School,Business,Married,2,668600.0,693.0,1,LOAN501121,Home,4203000.0,180,7.74,39537.75,75.0,10.0,0,Fair,Rented,South,Defaulted,Defaulted,1,Good,Lower-Middle Income,Very High DTI
CUST101122,Female,32,Professional,Self-Employed,Single,1,841200.0,745.0,0,LOAN501122,Home,1647000.0,180,6.5,14347.14,20.47,9.7,0,Excellent,Owned,West,Active,Non-Defaulted,0,Very Good,Upper-Middle Income,Moderate DTI
CUST101123,Female,27,Post Graduate,Salaried,Married,0,660950.0,747.0,0,LOAN501123,Personal,371000.0,60,9.77,7840.73,8.76,6.1,0,Excellent,Owned,West,Active,Non-Defaulted,0,Very Good,Lower-Middle Income,Low DTI
CUST101124,Female,21,Post Graduate,Self-Employed,Married,0,713800.0,557.0,0,LOAN501124,Home,4556000.0,120,9.16,58108.73,75.0,0.4,1,Poor,Mortgaged,West,Active,Non-Defaulted,0,Poor,Upper-Middle Income,Very High DTI
CUST101125,Female,42,High School,Salaried,Married,0,1517900.0,632.0,2,LOAN501125,Home,2545000.0,300,8.45,20407.35,21.16,16.4,0,Fair,Rented,North,Active,Non-Defaulted,0,Fair,High Income,Moderate DTI
CUST101126,Female,21,Post Graduate,Self-Employed,Single,0,596600.0,588.0,0,LOAN501126,Home,1387000.0,180,8.53,13682.74,27.52,0.6,0,Poor,Family,East,Active,Non-Defaulted,0,Fair,Lower-Middle Income,Moderate DTI
CUST101127,Male,39,Graduate,Business,Married,2,1096700.0,658.0,1,LOAN501127,Education,324000.0,60,7.64,6513.87,13.58,5.1,0,Fair,Rented,Central,Active,Non-Defaulted,0,Fair,High Income,Low DTI
CUST101128,Male,35,Graduate,Salaried,Married,1,1004400.0,722.0,1,LOAN501128,Home,2628000.0,120,7.89,31732.35,41.48,9.0,1,Good,Rented,North,Active,Non-Defaulted,0,Good,High Income,High DTI
CUST101129,Male,45,Graduate,Business,Single,1,775400.0,673.0,1,LOAN501129,Home,3932000.0,240,8.09,33109.4,58.26,19.3,0,Fair,Mortgaged,North,Closed,Non-Defaulted,0,Good,Upper-Middle Income,Very High DTI
CUST101130,Male,35,High School,Self-Employed,Married,1,944600.0,649.0,2,LOAN501130,Business,2992000.0,48,11.27,77722.7,75.0,6.4,0,Fair,Rented,West,Closed,Non-Defaulted,0,Fair,Upper-Middle Income,Very High DTI
CUST101131,Female,34,Post Graduate,Salaried,Single,3,513000.0,781.0,1,LOAN501131,Education,1202000.0,60,7.35,24000.03,60.93,11.7,0,Excellent,Mortgaged,South,Closed,Non-Defaulted,0,Very Good,Lower-Middle Income,Very High DTI
CUST101132,Male,46,Graduate,Self-Employed,Married,3,530700.0,529.0,1,LOAN501132,Business,2656000.0,12,12.96,237176.84,75.0,10.5,2,Poor,Rented,West,Closed,Non-Defaulted,0,Poor,Lower-Middle Income,Very High DTI
CUST101133,Male,42,High School,Salaried,Single,2,363500.0,777.0,1,LOAN501133,Auto,1384000.0,36,6.5,42418.22,75.0,6.6,0,Excellent,Mortgaged,East,Active,Non-Defaulted,0,Very Good,Low Income,Very High DTI
CUST101134,Male,41,High School,Unemployed,Married,3,306500.0,652.0,1,LOAN501134,Home,4529000.0,120,6.5,51425.88,75.0,7.4,0,Fair,Mortgaged,Central,Active,Non-Defaulted,0,Fair,Low Income,Very High DTI
CUST101135,Female,43,High School,Self-Employed,Single,1,759800.0,685.0,2,LOAN501135,Personal,107000.0,24,13.0,5086.98,15.02,18.3,0,Good,Mortgaged,Central,Active,Non-Defaulted,0,Good,Upper-Middle Income,Low DTI
CUST101136,Male,21,High School,Salaried,Single,1,1202100.0,653.0,0,LOAN501136,Auto,1684000.0,36,9.07,53605.63,53.51,0.5,0,Fair,Rented,West,Active,Non-Defaulted,0,Fair,High Income,Very High DTI
CUST101137,Female,46,Graduate,Salaried,Married,2,997800.0,798.0,0,LOAN501137,Business,1310000.0,84,6.82,19656.34,23.64,20.0,0,Excellent,Family,South,Active,Non-Defaulted,0,Very Good,Upper-Middle Income,Moderate DTI
CUST101138,Male,45,Post Graduate,Self-Employed,Single,2,566900.0,604.0,2,LOAN501138,Auto,1671000.0,60,8.9,34606.17,75.0,14.9,0,Fair,Mortgaged,South,Closed,Non-Defaulted,0,Fair,Lower-Middle Income,Very High DTI
CUST101139,Male,27,High School,Salaried,Married,1,387700.0,691.0,1,LOAN501139,Business,412000.0,24,10.67,19139.37,75.0,3.9,0,Good,Mortgaged,Central,Closed,Non-Defaulted,0,Good,Low Income,Very High DTI
CUST101140,Female,35,High School,Salaried,Single,1,840100.0,727.0,2,LOAN501140,Home,3719000.0,180,6.9,33219.85,55.41,11.6,1,Good,Rented,East,Active,Non-Defaulted,0,Good,Upper-Middle Income,Very High DTI
CUST101141,Female,38,Graduate,Salaried,Married,4,1163200.0,577.0,0,LOAN501141,Home,3811000.0,300,8.57,30867.19,31.84,9.5,0,Poor,Rented,West,Active,Non-Defaulted,0,Poor,High Income,Moderate DTI
CUST101142,Male,37,Post Graduate,Salaried,Married,3,980700.0,626.0,2,LOAN501142,Business,2991000.0,48,10.45,76507.51,75.0,13.1,0,Fair,Mortgaged,South,Active,Non-Defaulted,0,Fair,Upper-Middle Income,Very High DTI
CUST101143,Female,42,Graduate,Salaried,Single,1,1148600.0,680.0,0,LOAN501143,Education,1176000.0,36,8.69,37227.05,38.89,6.9,0,Good,Owned,North,Closed,Non-Defaulted,0,Good,High Income,High DTI
CUST101144,Female,54,Graduate,Salaried,Single,2,616500.0,628.0,1,LOAN501144,Business,1271000.0,60,9.57,26736.87,61.71,22.6,0,Fair,Mortgaged,South,Active,Non-Defaulted,0,Fair,Lower-Middle Income,Very High DTI
CUST101145,Male,50,Graduate,Salaried,Married,0,545500.0,633.0,1,LOAN501145,Education,880000.0,60,9.63,18537.59,45.76,21.2,0,Fair,Rented,North,Active,Non-Defaulted,0,Fair,Lower-Middle Income,High DTI
CUST101146,Female,24,Graduate,Self-Employed,Married,0,456300.0,666.0,2,LOAN501146,Home,2149000.0,300,7.25,15533.12,53.83,3.3,1,Fair,Mortgaged,West,Closed,Non-Defaulted,0,Fair,Lower-Middle Income,Very High DTI
CUST101147,Female,45,High School,Salaried,Married,1,664400.0,735.0,3,LOAN501147,Home,1382000.0,240,8.0,11559.6,40.22,9.9,0,Good,Owned,West,Closed,Non-Defaulted,0,Good,Lower-Middle Income,High DTI
CUST101148,Female,53,Post Graduate,Salaried,Married,1,657200.0,666.0,1,LOAN501148,Business,896000.0,36,10.36,29063.08,60.54,21.2,0,Fair,Owned,North,Active,Non-Defaulted,0,Fair,Lower-Middle Income,Very High DTI
CUST101149,Female,42,Graduate,Salaried,Married,0,753700.0,765.0,2,LOAN501149,Auto,516000.0,24,7.28,23168.21,46.33,11.7,0,Excellent,Rented,East,Active,Non-Defaulted,0,Very Good,Upper-Middle Income,High DTI
CUST101150,Female,50,Graduate,Self-Employed,Single,3,610900.0,620.0,2,LOAN501150,Personal,462000.0,48,14.14,12657.3,40.93,15.0,0,Fair,Family,Central,Active,Non-Defaulted,0,Fair,Lower-Middle Income,High DTI
CUST101151,Female,60,Post Graduate,Salaried,Single,1,640100.0,602.0,3,LOAN501151,Home,4578000.0,120,7.8,55061.15,75.0,12.8,0,Fair,Family,West,Defaulted,Defaulted,1,Fair,Lower-Middle Income,Very High DTI
CUST101152,Female,49,Post Graduate,Salaried,Single,2,470100.0,825.0,2,LOAN501152,Home,4607000.0,300,6.5,31106.79,75.0,9.8,0,Excellent,Rented,East,Active,Non-Defaulted,0,Excellent,Lower-Middle Income,Very High DTI
CUST101153,Female,41,High School,Salaried,Single,0,1072500.0,644.0,0,LOAN501153,Personal,91000.0,24,11.57,4265.44,5.0,16.7,1,Fair,Rented,South,Closed,Non-Defaulted,0,Fair,High Income,Low DTI
CUST101154,Female,49,Graduate,Business,Single,0,842900.0,598.0,2,LOAN501154,Auto,282000.0,60,8.36,5766.65,19.11,21.4,1,Poor,Owned,Central,Active,Non-Defaulted,0,Fair,Upper-Middle Income,Low DTI
CUST101155,Female,40,High School,Self-Employed,Married,3,597800.0,568.0,1,LOAN501155,Personal,234000.0,48,13.21,6302.05,21.89,10.0,0,Poor,Rented,South,Active,Non-Defaulted,0,Poor,Lower-Middle Income,Moderate DTI
CUST101156,Female,38,High School,Self-Employed,Married,2,454000.0,765.0,0,LOAN501156,Home,1648000.0,120,7.09,19211.21,50.78,14.2,0,Excellent,Owned,Central,Closed,Non-Defaulted,0,Very Good,Lower-Middle Income,Very High DTI
CUST101157,Male,34,Post Graduate,Self-Employed,Divorced,4,343000.0,666.0,0,LOAN501157,Education,233000.0,36,10.36,7557.7,26.44,4.2,0,Fair,Rented,West,Active,Non-Defaulted,0,Fair,Low Income,Moderate DTI
CUST101158,Female,55,Post Graduate,Self-Employed,Single,4,1217800.0,672.0,3,LOAN501158,Home,2248000.0,240,8.79,19923.23,30.18,23.0,2,Fair,Family,West,Active,Non-Defaulted,0,Good,High Income,Moderate DTI
CUST101159,Female,29,Professional,Salaried,Married,1,890700.0,679.0,3,LOAN501159,Education,923000.0,60,8.64,18999.1,31.81,7.3,0,Fair,Rented,Central,Active,Non-Defaulted,0,Good,Upper-Middle Income,Moderate DTI
CUST101160,Male,55,Graduate,Self-Employed,Married,1,298100.0,761.0,2,LOAN501160,Home,3102000.0,120,6.5,35222.58,75.0,27.8,0,Excellent,Rented,West,Closed,Non-Defaulted,0,Very Good,Low Income,Very High DTI
CUST101161,Female,43,High School,Salaried,Married,3,984400.0,677.0,4,LOAN501161,Business,1722000.0,60,12.87,39066.29,69.75,11.3,0,Fair,Rented,North,Active,Non-Defaulted,0,Good,Upper-Middle Income,Very High DTI
CUST101162,Male,23,High School,Self-Employed,Single,4,1012100.0,850.0,2,LOAN501162,Personal,304000.0,60,8.61,6253.15,16.54,2.2,0,Excellent,Family,South,Active,Non-Defaulted,0,Excellent,High Income,Low DTI
CUST101163,Male,42,Post Graduate,Self-Employed,Single,2,690000.0,699.0,0,LOAN501163,Personal,580000.0,24,9.51,26633.08,46.32,11.6,0,Good,Owned,North,Active,Non-Defaulted,0,Good,Lower-Middle Income,High DTI
CUST101164,Female,21,Graduate,Salaried,Single,2,1469800.0,764.0,0,LOAN501164,Business,2514000.0,48,11.61,65722.89,53.66,0.8,0,Excellent,Rented,North,Active,Non-Defaulted,0,Very Good,High Income,Very High DTI
CUST101165,Male,45,Graduate,Salaried,Single,2,660950.0,746.0,0,LOAN501165,Education,585000.0,120,7.98,7091.48,11.24,14.9,0,Excellent,Owned,North,Closed,Non-Defaulted,0,Very Good,Lower-Middle Income,Low DTI
CUST101166,Female,48,Post Graduate,Salaried,Married,1,345700.0,687.0,0,LOAN501166,Personal,114000.0,60,8.39,2332.85,8.1,20.9,0,Good,Rented,East,Active,Non-Defaulted,0,Good,Low Income,Low DTI
CUST101167,Female,31,Post Graduate,Self-Employed,Single,2,774500.0,649.0,0,LOAN501167,Business,1030000.0,84,12.57,18497.78,28.66,3.3,0,Fair,Owned,North,Active,Non-Defaulted,0,Fair,Upper-Middle Income,Moderate DTI
CUST101168,Male,39,Post Graduate,Self-Employed,Single,3,731100.0,713.0,1,LOAN501168,Home,1118000.0,240,6.5,8335.51,19.51,12.0,0,Good,Owned,East,Active,Non-Defaulted,0,Good,Upper-Middle Income,Low DTI
CUST101169,Male,59,High School,Business,Married,2,608200.0,726.0,2,LOAN501169,Business,1509000.0,60,10.02,32076.64,75.0,23.7,0,Good,Rented,Central,Defaulted,Defaulted,1,Good,Lower-Middle Income,Very High DTI
CUST101170,Male,32,Post Graduate,Salaried,Married,0,898800.0,650.0,2,LOAN501170,Home,1202000.0,300,8.84,9955.77,23.03,7.8,0,Fair,Owned,West,Active,Non-Defaulted,0,Fair,Upper-Middle Income,Moderate DTI
CUST101171,Female,26,Post Graduate,Self-Employed,Married,1,291900.0,702.0,1,LOAN501171,Home,2583000.0,180,7.75,24313.15,75.0,4.2,0,Good,Owned,Central,Defaulted,Defaulted,1,Good,Low Income,Very High DTI
CUST101172,Female,54,Graduate,Self-Employed,Married,0,1045700.0,777.0,3,LOAN501172,Home,1495000.0,180,7.27,13664.16,21.3,28.8,0,Excellent,Rented,South,Active,Non-Defaulted,0,Very Good,High Income,Moderate DTI
CUST101173,Female,60,Graduate,Business,Married,0,533100.0,835.0,1,LOAN501173,Home,3824000.0,300,6.5,25819.92,71.52,30.4,0,Excellent,Rented,East,Active,Non-Defaulted,0,Excellent,Lower-Middle Income,Very High DTI
CUST101174,Male,38,Graduate,Salaried,Single,3,425400.0,750.0,3,LOAN501174,Home,624000.0,240,8.06,5242.71,54.76,7.1,0,Excellent,Owned,South,Active,Non-Defaulted,0,Very Good,Lower-Middle Income,Very High DTI
CUST101175,Female,49,Professional,Salaried,Married,0,646200.0,820.0,1,LOAN501175,Home,2996000.0,180,6.5,26098.38,54.81,22.8,0,Excellent,Rented,East,Active,Non-Defaulted,0,Excellent,Lower-Middle Income,Very High DTI
CUST101176,Male,53,High School,Self-Employed,Married,0,800200.0,646.0,0,LOAN501176,Personal,177000.0,48,11.66,4631.6,6.95,10.9,0,Fair,Rented,East,Active,Non-Defaulted,0,Fair,Upper-Middle Income,Low DTI
CUST101177,Female,30,Graduate,Self-Employed,Divorced,1,703200.0,739.0,3,LOAN501177,Personal,51000.0,36,10.05,1646.82,12.34,6.5,0,Good,Rented,North,Active,Non-Defaulted,0,Good,Upper-Middle Income,Low DTI
CUST101178,Male,33,High School,Unemployed,Single,2,191100.0,784.0,1,LOAN501178,Personal,702000.0,36,10.96,22969.28,75.0,10.7,1,Good,Rented,South,Defaulted,Defaulted,1,Very Good,Low Income,Very High DTI
CUST101179,Female,52,Post Graduate,Salaried,Married,1,535300.0,627.0,1,LOAN501179,Education,1040000.0,36,9.57,33348.31,75.0,10.1,0,Fair,Owned,West,Closed,Non-Defaulted,0,Fair,Lower-Middle Income,Very High DTI
CUST101180,Male,57,High School,Salaried,Single,0,396200.0,656.0,0,LOAN501180,Auto,313000.0,48,9.84,7914.46,23.97,29.7,1,Fair,Mortgaged,West,Closed,Non-Defaulted,0,Fair,Low Income,Moderate DTI
CUST101181,Female,44,High School,Business,Married,0,729400.0,812.0,1,LOAN501181,Education,1030000.0,84,6.5,15294.92,30.44,18.5,1,Good,Owned,East,Active,Non-Defaulted,0,Excellent,Upper-Middle Income,Moderate DTI
CUST101182,Male,28,Graduate,Salaried,Single,0,1143400.0,622.0,4,LOAN501182,Business,1913000.0,24,10.76,88947.79,75.0,4.6,0,Fair,Owned,South,Active,Non-Defaulted,0,Fair,High Income,Very High DTI
CUST101183,Female,60,Professional,Self-Employed,Single,1,648700.0,596.0,0,LOAN501183,Auto,931000.0,60,11.26,20363.12,37.67,18.0,1,Poor,Mortgaged,South,Closed,Non-Defaulted,0,Fair,Lower-Middle Income,High DTI
CUST101184,Female,32,High School,Salaried,Married,1,1031000.0,797.0,3,LOAN501184,Business,1374000.0,60,8.89,28448.68,48.49,6.2,0,Excellent,Mortgaged,North,Active,Non-Defaulted,0,Very Good,High Income,High DTI
CUST101185,Male,34,High School,Salaried,Married,4,1372500.0,774.0,0,LOAN501185,Home,4492000.0,300,6.5,30330.31,26.52,12.3,0,Excellent,Rented,Central,Closed,Non-Defaulted,0,Very Good,High Income,Moderate DTI
CUST101186,Female,42,Post Graduate,Self-Employed,Married,1,490200.0,720.0,1,LOAN501186,Personal,234000.0,12,9.89,20560.35,56.41,8.4,0,Good,Rented,Central,Active,Non-Defaulted,0,Good,Lower-Middle Income,Very High DTI
CUST101187,Female,55,Graduate,Self-Employed,Single,0,594300.0,687.0,0,LOAN501187,Home,2292000.0,240,6.5,17088.54,34.5,21.9,0,Good,Family,North,Closed,Non-Defaulted,0,Good,Lower-Middle Income,Moderate DTI
CUST101188,Male,47,Professional,Salaried,Single,2,1935100.0,659.0,2,LOAN501188,Home,1981000.0,180,7.46,18319.11,13.78,8.2,0,Fair,Owned,North,Active,Non-Defaulted,0,Fair,High Income,Low DTI
CUST101189,Male,43,High School,Salaried,Married,1,1365200.0,710.0,0,LOAN501189,Business,2359000.0,24,9.75,108583.88,75.0,9.0,0,Good,Owned,East,Active,Non-Defaulted,0,Good,High Income,Very High DTI
CUST101190,Female,43,Graduate,Business,Married,2,364100.0,801.0,1,LOAN501190,Auto,1662000.0,72,6.5,27938.1,75.0,17.2,0,Excellent,Rented,South,Active,Non-Defaulted,0,Excellent,Low Income,Very High DTI
CUST101191,Male,38,High School,Salaried,Divorced,1,821900.0,693.0,0,LOAN501191,Personal,687000.0,60,12.18,15344.5,22.4,8.0,0,Good,Owned,Central,Active,Non-Defaulted,0,Good,Upper-Middle Income,Moderate DTI
CUST101192,Female,44,High School,Business,Married,2,812700.0,842.0,0,LOAN501192,Auto,1466000.0,60,6.5,28683.97,42.35,21.4,0,Excellent,Rented,West,Active,Non-Defaulted,0,Excellent,Upper-Middle Income,High DTI
CUST101193,Male,21,Post Graduate,Salaried,Married,2,1014800.0,627.0,2,LOAN501193,Home,4941000.0,240,10.88,50597.53,72.18,0.6,0,Fair,Mortgaged,South,Active,Non-Defaulted,0,Fair,High Income,Very High DTI
CUST101194,Female,35,Graduate,Self-Employed,Married,3,454600.0,689.0,0,LOAN501194,Personal,573000.0,36,11.83,18985.31,50.12,8.8,2,Fair,Mortgaged,North,Defaulted,Defaulted,1,Good,Lower-Middle Income,Very High DTI
CUST101195,Male,41,Post Graduate,Business,Married,0,543000.0,664.0,0,LOAN501195,Auto,1389000.0,36,9.4,44428.87,75.0,5.7,0,Fair,Mortgaged,West,Active,Non-Defaulted,0,Fair,Lower-Middle Income,Very High DTI
CUST101196,Female,25,Graduate,Self-Employed,Married,1,469900.0,614.0,0,LOAN501196,Business,2952000.0,12,12.02,262309.24,75.0,4.4,0,Fair,Mortgaged,South,Defaulted,Defaulted,1,Fair,Lower-Middle Income,Very High DTI
CUST101197,Female,42,Graduate,Salaried,Single,1,518700.0,679.0,1,LOAN501197,Education,110000.0,120,9.01,1394.03,11.94,8.0,0,Fair,Mortgaged,East,Active,Non-Defaulted,0,Good,Lower-Middle Income,Low DTI
CUST101198,Female,36,Graduate,Self-Employed,Married,3,961300.0,719.0,1,LOAN501198,Auto,1196000.0,48,7.21,28756.38,41.84,9.6,0,Good,Owned,South,Active,Non-Defaulted,0,Good,Upper-Middle Income,High DTI
CUST101199,Female,57,Professional,Salaried,Married,3,387100.0,727.0,0,LOAN501199,Home,3825000.0,180,6.5,33319.86,75.0,18.8,0,Good,Owned,North,Defaulted,Defaulted,1,Good,Low Income,Very High DTI
CUST101200,Male,55,Graduate,Salaried,Married,0,506200.0,842.0,0,LOAN501200,Personal,738000.0,60,8.35,15087.9,35.77,18.2,2,Fair,Mortgaged,West,Closed,Non-Defaulted,0,Excellent,Lower-Middle Income,High DTI
CUST101201,Female,33,Graduate,Unemployed,Married,0,120000.0,723.0,1,LOAN501201,Home,4477000.0,180,6.59,39221.32,75.0,8.7,0,Good,Owned,South,Closed,Non-Defaulted,0,Good,Low Income,Very High DTI
CUST101202,Male,36,Graduate,Self-Employed,Single,1,1054000.0,771.0,0,LOAN501202,Education,1279000.0,84,8.26,20100.85,22.89,10.9,0,Excellent,Rented,South,Closed,Non-Defaulted,0,Very Good,High Income,Moderate DTI
CUST101203,Male,37,Graduate,Self-Employed,Married,0,1196400.0,695.0,3,LOAN501203,Home,4756000.0,180,7.49,44061.69,58.91,6.0,2,Fair,Owned,North,Active,Non-Defaulted,0,Good,High Income,Very High DTI
CUST101204,Male,33,Graduate,Salaried,Married,1,583300.0,807.0,2,LOAN501204,Personal,453000.0,60,8.66,9328.96,26.48,7.5,1,Good,Owned,East,Active,Non-Defaulted,0,Excellent,Lower-Middle Income,Moderate DTI
CUST101205,Male,40,Professional,Salaried,Married,0,591600.0,850.0,1,LOAN501205,Business,219000.0,36,6.76,6738.08,19.65,15.3,0,Excellent,Owned,West,Active,Non-Defaulted,0,Excellent,Lower-Middle Income,Low DTI
CUST101206,Female,30,Graduate,Salaried,Single,2,848400.0,727.0,0,LOAN501206,Education,115000.0,36,8.64,3637.73,5.15,5.4,0,Good,Mortgaged,South,Active,Non-Defaulted,0,Good,Upper-Middle Income,Low DTI
CUST101207,Female,26,Post Graduate,Salaried,Single,4,1385100.0,621.0,2,LOAN501207,Auto,1049000.0,60,8.7,21623.1,27.8,2.1,0,Fair,Rented,West,Active,Non-Defaulted,0,Fair,High Income,Moderate DTI
CUST101208,Male,45,High School,Self-Employed,Married,4,790800.0,652.0,2,LOAN501208,Personal,376000.0,60,11.54,8276.77,22.87,11.3,0,Fair,Owned,North,Active,Non-Defaulted,0,Fair,Upper-Middle Income,Moderate DTI
CUST101209,Male,45,Graduate,Salaried,Married,1,488300.0,710.0,1,LOAN501209,Personal,388000.0,12,10.39,34181.78,75.0,9.7,0,Good,Mortgaged,South,Active,Non-Defaulted,0,Good,Lower-Middle Income,Very High DTI
CUST101210,Female,29,Professional,Business,Married,2,373600.0,722.0,2,LOAN501210,Personal,350000.0,24,13.13,16661.02,75.0,3.0,0,Good,Mortgaged,West,Defaulted,Defaulted,1,Good,Low Income,Very High DTI
CUST101211,Male,48,High School,Salaried,Single,3,399600.0,739.0,2,LOAN501211,Auto,1664000.0,24,6.5,74124.96,75.0,13.9,0,Good,Rented,West,Active,Non-Defaulted,0,Good,Low Income,Very High DTI
CUST101212,Male,31,Professional,Salaried,Married,0,706900.0,722.0,1,LOAN501212,Personal,319000.0,12,9.91,28031.82,55.22,6.6,0,Good,Rented,South,Active,Non-Defaulted,0,Good,Upper-Middle Income,Very High DTI
CUST101213,Male,41,Graduate,Salaried,Single,2,498300.0,690.0,0,LOAN501213,Education,1299000.0,36,8.52,41018.27,75.0,6.2,0,Good,Owned,North,Defaulted,Defaulted,1,Good,Lower-Middle Income,Very High DTI
CUST101214,Female,47,Professional,Salaried,Single,1,749500.0,645.0,2,LOAN501214,Business,2728000.0,60,10.74,58960.22,75.0,17.3,1,Fair,Owned,North,Closed,Non-Defaulted,0,Fair,Upper-Middle Income,Very High DTI
CUST101215,Female,38,Post Graduate,Salaried,Married,0,523400.0,718.0,0,LOAN501215,Home,2748000.0,300,7.78,20810.59,47.71,16.1,0,Good,Rented,West,Active,Non-Defaulted,0,Good,Lower-Middle Income,High DTI
CUST101216,Male,43,Graduate,Unemployed,Married,1,164300.0,820.0,2,LOAN501216,Home,2511000.0,180,6.5,21873.51,75.0,20.2,0,Excellent,Rented,North,Active,Non-Defaulted,0,Excellent,Low Income,Very High DTI
CUST101217,Male,32,High School,Salaried,Single,0,387900.0,761.0,2,LOAN501217,Auto,1406000.0,60,6.5,27510.0,75.0,9.5,0,Excellent,Family,North,Active,Non-Defaulted,0,Very Good,Low Income,Very High DTI
CUST101218,Female,36,Graduate,Business,Single,2,1719900.0,727.0,2,LOAN501218,Business,2182000.0,12,11.14,192991.3,75.0,6.8,1,Good,Owned,South,Active,Non-Defaulted,0,Good,High Income,Very High DTI
CUST101219,Female,36,High School,Salaried,Single,0,1045700.0,762.0,1,LOAN501219,Business,1120000.0,60,9.35,23440.07,31.01,4.2,2,Fair,Mortgaged,South,Closed,Non-Defaulted,0,Very Good,High Income,Moderate DTI
CUST101220,Male,30,High School,Unemployed,Married,1,626500.0,664.0,0,LOAN501220,Personal,127000.0,60,12.17,2835.97,5.43,7.9,0,Fair,Rented,West,Active,Non-Defaulted,0,Fair,Lower-Middle Income,Low DTI
CUST101221,Female,36,High School,Salaried,Married,0,884400.0,654.0,0,LOAN501221,Personal,249000.0,48,12.58,6628.26,8.99,4.6,0,Fair,Rented,South,Active,Non-Defaulted,0,Fair,Upper-Middle Income,Low DTI
CUST101222,Male,21,Graduate,Business,Married,3,661000.0,638.0,2,LOAN501222,Education,283000.0,84,8.78,4521.68,16.12,0.4,2,Fair,Owned,East,Active,Non-Defaulted,0,Fair,Lower-Middle Income,Low DTI
CUST101223,Male,33,Post Graduate,Salaried,Married,1,660950.0,681.0,3,LOAN501223,Auto,636000.0,48,8.54,15688.33,24.61,7.9,1,Good,Rented,North,Active,Non-Defaulted,0,Good,Lower-Middle Income,Moderate DTI
CUST101224,Female,35,High School,Self-Employed,Married,2,639800.0,660.0,1,LOAN501224,Personal,246000.0,24,12.64,11653.73,32.7,5.5,0,Fair,Owned,South,Closed,Non-Defaulted,0,Fair,Lower-Middle Income,Moderate DTI
CUST101225,Male,35,High School,Business,Single,2,903400.0,775.0,0,LOAN501225,Home,3370000.0,180,6.5,29356.32,38.99,11.9,0,Excellent,Owned,North,Closed,Non-Defaulted,0,Very Good,Upper-Middle Income,High DTI
CUST101226,Female,35,Graduate,Salaried,Divorced,1,668600.0,657.0,3,LOAN501226,Education,1436000.0,60,9.98,30496.63,67.8,11.3,0,Fair,Mortgaged,South,Defaulted,Defaulted,1,Fair,Lower-Middle Income,Very High DTI
CUST101227,Male,37,High School,Salaried,Married,0,165900.0,634.0,4,LOAN501227,Personal,564000.0,12,12.83,50329.97,75.0,12.6,0,Fair,Owned,South,Active,Non-Defaulted,0,Fair,Low Income,Very High DTI
CUST101228,Male,43,High School,Salaried,Single,2,1474400.0,826.0,1,LOAN501228,Business,2795000.0,36,6.5,85663.96,74.34,18.0,2,Fair,Rented,West,Active,Non-Defaulted,0,Excellent,High Income,Very High DTI
CUST101229,Female,48,High School,Business,Single,0,1028400.0,658.0,1,LOAN501229,Personal,638000.0,24,10.82,29682.51,37.04,11.0,0,Fair,Rented,West,Closed,Non-Defaulted,0,Fair,High Income,High DTI
CUST101230,Male,31,Professional,Salaried,Single,0,799600.0,701.0,2,LOAN501230,Education,1119000.0,84,6.6,16670.75,32.95,8.0,0,Good,Rented,South,Closed,Non-Defaulted,0,Good,Upper-Middle Income,Moderate DTI
CUST101231,Female,25,Post Graduate,Salaried,Single,2,662600.0,722.0,2,LOAN501231,Auto,833000.0,24,8.03,37685.73,75.0,2.4,0,Good,Mortgaged,North,Active,Non-Defaulted,0,Good,Lower-Middle Income,Very High DTI
CUST101232,Male,27,Graduate,Salaried,Married,0,738200.0,610.0,3,LOAN501232,Home,1962000.0,240,10.6,19720.18,51.9,4.8,0,Fair,Owned,South,Active,Non-Defaulted,0,Fair,Upper-Middle Income,Very High DTI
CUST101233,Male,33,Graduate,Salaried,Married,1,512400.0,776.0,0,LOAN501233,Auto,1546000.0,72,6.5,25988.15,60.86,4.3,0,Excellent,Owned,East,Closed,Non-Defaulted,0,Very Good,Lower-Middle Income,Very High DTI
CUST101234,Male,34,Graduate,Business,Married,1,1092300.0,735.0,1,LOAN501234,Education,1368000.0,36,8.08,42918.65,49.19,9.9,0,Good,Mortgaged,Central,Active,Non-Defaulted,0,Good,High Income,High DTI
CUST101235,Female,30,Post Graduate,Salaried,Married,1,364400.0,799.0,2,LOAN501235,Business,1465000.0,36,9.43,46880.35,75.0,8.8,0,Excellent,Rented,Central,Active,Non-Defaulted,0,Very Good,Low Income,Very High DTI
CUST101236,Male,24,Post Graduate,Self-Employed,Married,2,710700.0,642.0,3,LOAN501236,Home,541000.0,300,8.41,4323.52,17.16,1.1,2,Fair,Mortgaged,East,Active,Non-Defaulted,0,Fair,Upper-Middle Income,Low DTI
CUST101237,Female,33,Graduate,Business,Married,2,1063900.0,697.0,2,LOAN501237,Auto,1458000.0,36,7.28,45205.7,60.53,4.0,0,Good,Rented,South,Active,Non-Defaulted,0,Good,High Income,Very High DTI
CUST101238,Male,40,Graduate,Salaried,Single,2,620400.0,693.0,4,LOAN501238,Auto,620000.0,24,9.85,28566.95,75.0,6.6,0,Good,Rented,West,Closed,Non-Defaulted,0,Good,Lower-Middle Income,Very High DTI
CUST101239,Female,45,High School,Self-Employed,Single,2,776600.0,708.0,1,LOAN501239,Home,544000.0,180,7.15,4935.36,13.38,13.2,0,Good,Owned,South,Closed,Non-Defaulted,0,Good,Upper-Middle Income,Low DTI
CUST101240,Male,32,Graduate,Salaried,Married,1,424100.0,588.0,2,LOAN501240,Business,2454000.0,60,11.98,54563.08,75.0,5.3,0,Poor,Rented,East,Active,Non-Defaulted,0,Fair,Lower-Middle Income,Very High DTI
CUST101241,Female,33,Post Graduate,Self-Employed,Single,1,408900.0,698.0,1,LOAN501241,Personal,438000.0,12,10.99,38709.12,75.0,10.1,0,Good,Mortgaged,South,Active,Non-Defaulted,0,Good,Lower-Middle Income,Very High DTI
CUST101242,Female,28,Graduate,Salaried,Single,1,764600.0,590.0,1,LOAN501242,Personal,564000.0,24,13.67,26991.42,47.76,4.5,1,Poor,Rented,South,Overdue,Defaulted,1,Fair,Upper-Middle Income,High DTI
CUST101243,Female,38,Post Graduate,Self-Employed,Married,1,900300.0,715.0,0,LOAN501243,Home,4616000.0,180,6.5,40210.32,53.6,10.2,0,Good,Rented,North,Active,Non-Defaulted,0,Good,Upper-Middle Income,Very High DTI
CUST101244,Female,29,Professional,Salaried,Married,4,277500.0,693.0,2,LOAN501244,Personal,456000.0,36,15.53,15926.0,75.0,6.4,0,Poor,Owned,South,Overdue,Defaulted,1,Good,Low Income,Very High DTI
CUST101245,Female,44,High School,Salaried,Single,3,876800.0,560.0,4,LOAN501245,Business,1609000.0,84,13.98,30134.9,64.39,11.6,0,Poor,Mortgaged,East,Active,Non-Defaulted,0,Poor,Upper-Middle Income,Very High DTI
CUST101246,Female,21,Post Graduate,Self-Employed,Married,0,500800.0,747.0,0,LOAN501246,Auto,630000.0,72,7.36,10850.11,26.0,0.5,0,Excellent,Rented,West,Closed,Non-Defaulted,0,Very Good,Lower-Middle Income,Moderate DTI
CUST101247,Male,34,Post Graduate,Salaried,Married,0,622200.0,652.0,0,LOAN501247,Home,1873000.0,240,8.03,15701.51,30.28,10.4,0,Fair,Owned,West,Active,Non-Defaulted,0,Fair,Lower-Middle Income,Moderate DTI
CUST101248,Male,41,Professional,Self-Employed,Single,0,341700.0,621.0,2,LOAN501248,Education,1215000.0,84,9.48,19845.5,75.0,15.9,0,Fair,Rented,Central,Active,Non-Defaulted,0,Fair,Low Income,Very High DTI
CUST101249,Female,40,Professional,Salaried,Single,0,453500.0,779.0,1,LOAN501249,Home,2521000.0,120,6.5,28625.45,75.0,5.2,0,Excellent,Owned,North,Active,Non-Defaulted,0,Very Good,Lower-Middle Income,Very High DTI
CUST101250,Female,68,Post Graduate,Self-Employed,Married,0,1033500.0,713.0,3,LOAN501250,Auto,420000.0,24,6.83,18772.13,36.06,16.5,0,Good,Mortgaged,East,Defaulted,Defaulted,1,Good,High Income,High DTI
CUST101251,Female,42,Graduate,Salaried,Married,1,693400.0,751.0,0,LOAN501251,Personal,121000.0,12,9.98,10636.7,18.41,8.5,0,Excellent,Family,East,Active,Non-Defaulted,0,Very Good,Lower-Middle Income,Low DTI
CUST101252,Male,27,Post Graduate,Self-Employed,Single,3,540900.0,678.0,0,LOAN501252,Home,2628000.0,300,7.56,19523.37,43.31,3.3,0,Fair,Rented,West,Active,Non-Defaulted,0,Good,Lower-Middle Income,High DTI
CUST101253,Male,37,High School,Salaried,Married,2,645400.0,850.0,1,LOAN501253,Personal,399000.0,36,6.81,12285.33,32.77,7.5,0,Excellent,Mortgaged,South,Active,Non-Defaulted,0,Excellent,Lower-Middle Income,Moderate DTI
CUST101254,Male,21,Post Graduate,Salaried,Married,0,863100.0,648.0,0,LOAN501254,Auto,1228000.0,60,9.82,25982.74,36.12,0.7,0,Fair,Owned,North,Active,Non-Defaulted,0,Fair,Upper-Middle Income,High DTI
CUST101255,Female,37,Professional,Salaried,Single,1,843200.0,812.0,0,LOAN501255,Home,2620000.0,180,6.5,22823.01,32.48,13.4,0,Excellent,Owned,South,Active,Non-Defaulted,0,Excellent,Upper-Middle Income,Moderate DTI
CUST101256,Male,29,Graduate,Self-Employed,Single,1,627000.0,686.0,0,LOAN501256,Personal,158000.0,36,11.76,5229.77,10.01,3.4,0,Good,Rented,Central,Active,Non-Defaulted,0,Good,Lower-Middle Income,Low DTI
CUST101257,Male,48,Graduate,Salaried,Single,3,1153300.0,574.0,0,LOAN501257,Home,2785000.0,300,10.18,25661.56,26.7,17.2,0,Poor,Mortgaged,Central,Active,Non-Defaulted,0,Poor,High Income,Moderate DTI
CUST101258,Male,32,Graduate,Business,Divorced,3,1294600.0,724.0,0,LOAN501258,Personal,730000.0,36,11.98,24239.47,22.47,5.9,0,Good,Mortgaged,South,Active,Non-Defaulted,0,Good,High Income,Moderate DTI
CUST101259,Male,37,Graduate,Business,Single,3,990800.0,712.0,3,LOAN501259,Business,646000.0,12,11.08,57118.66,75.0,9.8,0,Good,Family,Central,Active,Non-Defaulted,0,Good,Upper-Middle Income,Very High DTI
CUST101260,Female,31,Graduate,Salaried,Married,1,700600.0,616.0,0,LOAN501260,Personal,567000.0,24,14.27,27295.68,46.75,7.2,0,Fair,Mortgaged,North,Active,Non-Defaulted,0,Fair,Upper-Middle Income,High DTI
CUST101261,Male,57,Post Graduate,Self-Employed,Married,2,891100.0,625.0,1,LOAN501261,Education,931000.0,84,11.07,15975.27,26.0,30.7,0,Fair,Rented,South,Active,Non-Defaulted,0,Fair,Upper-Middle Income,Moderate DTI
CUST101262,Female,34,Professional,Salaried,Single,0,793600.0,688.0,3,LOAN501262,Home,3869000.0,240,7.48,31121.1,58.2,5.2,0,Good,Rented,West,Active,Non-Defaulted,0,Good,Upper-Middle Income,Very High DTI
CUST101263,Male,58,Professional,Salaried,Divorced,2,1135600.0,714.0,1,LOAN501263,Auto,398000.0,48,7.48,9619.49,15.04,11.6,1,Good,Rented,South,Active,Non-Defaulted,0,Good,High Income,Low DTI
CUST101264,Male,47,High School,Self-Employed,Divorced,0,1001000.0,517.0,1,LOAN501264,Personal,756000.0,12,14.27,67975.14,75.0,17.8,0,Poor,Mortgaged,North,Overdue,Defaulted,1,Poor,High Income,Very High DTI
CUST101265,Male,43,Post Graduate,Self-Employed,Married,1,398700.0,764.0,2,LOAN501265,Business,1939000.0,12,10.68,171082.75,75.0,11.6,0,Excellent,Mortgaged,Central,Defaulted,Defaulted,1,Very Good,Low Income,Very High DTI
CUST101266,Male,42,Post Graduate,Self-Employed,Single,2,386000.0,655.0,2,LOAN501266,Personal,685000.0,36,11.71,22657.04,75.0,7.8,1,Fair,Family,East,Active,Non-Defaulted,0,Fair,Low Income,Very High DTI
CUST101267,Male,42,Graduate,Salaried,Married,0,487400.0,597.0,2,LOAN501267,Auto,557000.0,48,10.05,14140.34,56.93,7.2,0,Poor,Mortgaged,Central,Active,Non-Defaulted,0,Fair,Lower-Middle Income,Very High DTI
CUST101268,Male,21,High School,Salaried,Married,0,1090400.0,756.0,1,LOAN501268,Business,2270000.0,12,10.67,200277.11,75.0,0.6,0,Excellent,Rented,North,Closed,Non-Defaulted,0,Very Good,High Income,Very High DTI
CUST101269,Female,35,Graduate,Salaried,Divorced,0,320300.0,688.0,3,LOAN501269,Business,2387000.0,84,10.18,39849.38,75.0,6.7,0,Good,Rented,South,Defaulted,Defaulted,1,Good,Low Income,Very High DTI
CUST101270,Male,47,Professional,Self-Employed,Single,0,785600.0,775.0,1,LOAN501270,Home,2288000.0,240,6.5,17058.71,34.51,24.3,0,Excellent,Owned,South,Closed,Non-Defaulted,0,Very Good,Upper-Middle Income,Moderate DTI
CUST101271,Female,37,Graduate,Salaried,Married,0,812200.0,721.0,0,LOAN501271,Business,1275000.0,36,10.96,41717.72,61.64,8.7,0,Good,Rented,Central,Active,Non-Defaulted,0,Good,Upper-Middle Income,Very High DTI
CUST101272,Female,23,Post Graduate,Self-Employed,Single,0,1135700.0,690.0,3,LOAN501272,Auto,1235000.0,36,7.55,38444.55,57.48,1.2,0,Good,Mortgaged,South,Active,Non-Defaulted,0,Good,High Income,Very High DTI
CUST101273,Female,37,Graduate,Salaried,Single,0,744200.0,679.0,1,LOAN501273,Personal,120000.0,12,11.88,10655.12,20.34,11.2,1,Fair,Rented,South,Closed,Non-Defaulted,0,Good,Upper-Middle Income,Moderate DTI
CUST101274,Male,57,Post Graduate,Salaried,Married,0,358200.0,724.0,3,LOAN501274,Home,3810000.0,120,6.9,44041.22,75.0,15.1,0,Good,Rented,North,Closed,Non-Defaulted,0,Good,Low Income,Very High DTI
CUST101275,Male,52,High School,Salaried,Married,4,430600.0,661.0,0,LOAN501275,Home,693000.0,240,8.12,5848.39,16.3,18.3,2,Fair,Rented,West,Active,Non-Defaulted,0,Fair,Lower-Middle Income,Low DTI
CUST101276,Male,37,Graduate,Salaried,Married,1,387000.0,630.0,1,LOAN501276,Home,1358000.0,240,6.5,10124.88,48.17,9.6,0,Fair,Mortgaged,South,Active,Non-Defaulted,0,Fair,Low Income,High DTI
CUST101277,Male,48,Graduate,Salaried,Married,0,527200.0,733.0,3,LOAN501277,Education,1030000.0,84,9.09,16618.83,69.1,15.3,0,Good,Rented,North,Active,Non-Defaulted,0,Good,Lower-Middle Income,Very High DTI
CUST101278,Female,34,High School,Business,Divorced,1,744200.0,680.0,0,LOAN501278,Auto,312000.0,36,8.5,9849.07,15.88,10.7,2,Fair,Owned,South,Closed,Non-Defaulted,0,Good,Upper-Middle Income,Low DTI
CUST101279,Male,21,Post Graduate,Business,Married,3,464400.0,692.0,3,LOAN501279,Personal,779000.0,12,11.86,69162.2,75.0,0.4,0,Good,Rented,South,Active,Non-Defaulted,0,Good,Lower-Middle Income,Very High DTI
CUST101280,Male,28,High School,Salaried,Married,2,1382500.0,766.0,3,LOAN501280,Business,2632000.0,48,9.51,66136.67,62.38,6.7,0,Excellent,Owned,North,Active,Non-Defaulted,0,Very Good,High Income,Very High DTI
CUST101281,Female,55,Graduate,Salaried,Married,1,361300.0,682.0,3,LOAN501281,Personal,520000.0,24,11.74,24415.12,75.0,26.8,0,Good,Owned,North,Active,Non-Defaulted,0,Good,Low Income,Very High DTI
CUST101282,Female,35,Graduate,Salaried,Married,2,1302300.0,691.0,1,LOAN501282,Business,2493000.0,24,9.96,114993.28,75.0,7.0,0,Good,Owned,Central,Active,Non-Defaulted,0,Good,High Income,Very High DTI
CUST101283,Female,35,Graduate,Business,Married,2,1435100.0,648.0,1,LOAN501283,Business,2685000.0,84,10.75,45621.56,39.97,5.5,1,Fair,Mortgaged,North,Closed,Non-Defaulted,0,Fair,High Income,High DTI
CUST101284,Male,35,High School,Salaried,Married,2,1050400.0,720.0,2,LOAN501284,Business,927000.0,12,9.79,81407.52,75.0,6.5,0,Good,Owned,North,Closed,Non-Defaulted,0,Good,High Income,Very High DTI
CUST101285,Male,59,High School,Unemployed,Married,2,195700.0,714.0,2,LOAN501285,Education,1289000.0,84,8.82,20621.26,75.0,18.2,0,Good,Rented,South,Overdue,Defaulted,1,Good,Low Income,Very High DTI
CUST101286,Male,56,Professional,Salaried,Married,3,804400.0,753.0,1,LOAN501286,Personal,196000.0,48,9.72,4944.75,15.61,22.0,0,Excellent,Mortgaged,Central,Active,Non-Defaulted,0,Very Good,Upper-Middle Income,Low DTI
CUST101287,Male,62,Graduate,Salaried,Single,3,369700.0,649.0,4,LOAN501287,Home,2360000.0,120,8.96,29844.42,75.0,11.8,0,Fair,Rented,North,Defaulted,Defaulted,1,Fair,Low Income,Very High DTI
CUST101288,Male,36,Post Graduate,Business,Single,2,1258100.0,658.0,1,LOAN501288,Personal,469000.0,24,11.53,21974.66,25.36,13.5,0,Fair,Owned,West,Active,Non-Defaulted,0,Fair,High Income,Moderate DTI
CUST101289,Male,41,Professional,Salaried,Married,1,658700.0,745.0,4,LOAN501289,Personal,585000.0,36,9.31,18687.36,66.46,6.6,0,Excellent,Owned,Central,Active,Non-Defaulted,0,Very Good,Lower-Middle Income,Very High DTI
CUST101290,Male,21,High School,Self-Employed,Single,2,534100.0,708.0,0,LOAN501290,Auto,200000.0,24,8.65,9104.86,20.46,0.4,0,Good,Mortgaged,South,Active,Non-Defaulted,0,Good,Lower-Middle Income,Moderate DTI
CUST101291,Male,54,Graduate,Salaried,Single,3,379300.0,627.0,0,LOAN501291,Personal,268000.0,12,14.3,24100.79,75.0,10.9,0,Fair,Mortgaged,South,Active,Non-Defaulted,0,Fair,Low Income,Very High DTI
CUST101292,Male,25,Graduate,Salaried,Married,0,207800.0,781.0,1,LOAN501292,Business,1904000.0,36,7.57,59287.47,75.0,2.1,0,Excellent,Owned,West,Closed,Non-Defaulted,0,Very Good,Low Income,Very High DTI
CUST101293,Female,40,Professional,Salaried,Single,4,414600.0,571.0,1,LOAN501293,Business,1201000.0,48,12.4,31863.32,75.0,15.9,0,Poor,Family,West,Active,Non-Defaulted,0,Poor,Lower-Middle Income,Very High DTI
CUST101294,Female,26,Professional,Self-Employed,Single,0,1108900.0,745.0,2,LOAN501294,Home,3988000.0,300,7.35,29082.97,43.75,3.9,0,Excellent,Owned,West,Active,Non-Defaulted,0,Very Good,High Income,High DTI
CUST101295,Female,32,Graduate,Self-Employed,Married,1,535700.0,601.0,0,LOAN501295,Home,3432000.0,120,9.45,44315.34,75.0,4.8,0,Fair,Rented,West,Closed,Non-Defaulted,0,Fair,Lower-Middle Income,Very High DTI
CUST101296,Male,29,Post Graduate,Salaried,Married,3,629200.0,822.0,4,LOAN501296,Home,1555000.0,240,6.5,11593.66,48.92,7.3,1,Good,Owned,South,Active,Non-Defaulted,0,Excellent,Lower-Middle Income,High DTI
CUST101297,Male,31,High School,Business,Married,0,1113000.0,582.0,0,LOAN501297,Business,609000.0,36,12.35,20329.47,21.92,8.5,0,Poor,Rented,West,Active,Non-Defaulted,0,Fair,High Income,Moderate DTI
CUST101298,Male,32,Professional,Salaried,Married,1,1623700.0,771.0,1,LOAN501298,Auto,1188000.0,24,6.5,52920.95,41.76,8.9,0,Excellent,Mortgaged,North,Closed,Non-Defaulted,0,Very Good,High Income,High DTI
CUST101299,Female,32,Professional,Salaried,Married,0,1289200.0,684.0,0,LOAN501299,Personal,388000.0,36,11.65,12822.39,11.94,9.6,0,Good,Family,East,Active,Non-Defaulted,0,Good,High Income,Low DTI
CUST101300,Female,47,High School,Salaried,Married,1,428000.0,664.0,1,LOAN501300,Home,1260000.0,180,8.12,12128.67,42.92,17.6,0,Fair,Mortgaged,East,Active,Non-Defaulted,0,Fair,Lower-Middle Income,High DTI
CUST101301,Male,26,Graduate,Salaried,Married,0,268600.0,703.0,0,LOAN501301,Home,1969000.0,180,8.17,19010.54,75.0,3.5,0,Good,Owned,North,Active,Non-Defaulted,0,Good,Low Income,Very High DTI
CUST101302,Female,40,High School,Salaried,Single,1,2118300.0,734.0,0,LOAN501302,Business,1049000.0,36,8.84,33279.86,18.85,9.9,0,Good,Mortgaged,North,Active,Non-Defaulted,0,Good,High Income,Low DTI
CUST101303,Male,51,Graduate,Unemployed,Single,1,811300.0,627.0,2,LOAN501303,Personal,131000.0,12,14.1,11768.28,30.16,12.3,0,Fair,Rented,North,Closed,Non-Defaulted,0,Fair,Upper-Middle Income,Moderate DTI
CUST101304,Male,32,Post Graduate,Salaried,Married,4,747100.0,633.0,0,LOAN501304,Personal,460000.0,60,12.0,10232.45,16.44,7.3,0,Fair,Owned,South,Active,Non-Defaulted,0,Fair,Upper-Middle Income,Low DTI
CUST101305,Female,30,Graduate,Salaried,Married,4,370900.0,735.0,0,LOAN501305,Business,2338000.0,48,9.09,58281.2,75.0,8.3,2,Fair,Owned,Central,Defaulted,Defaulted,1,Good,Low Income,Very High DTI
CUST101306,Female,35,High School,Salaried,Married,0,1083700.0,570.0,2,LOAN501306,Business,1811000.0,12,11.82,160752.7,75.0,9.5,0,Poor,Rented,East,Active,Non-Defaulted,0,Poor,High Income,Very High DTI
CUST101307,Female,51,Graduate,Self-Employed,Married,2,617200.0,649.0,0,LOAN501307,Business,2514000.0,36,12.16,83693.02,75.0,26.3,1,Fair,Owned,West,Closed,Non-Defaulted,0,Fair,Lower-Middle Income,Very High DTI
CUST101308,Female,40,Professional,Business,Married,0,769600.0,850.0,1,LOAN501308,Home,1074000.0,300,6.5,7251.72,13.69,9.6,0,Excellent,Mortgaged,North,Active,Non-Defaulted,0,Excellent,Upper-Middle Income,Low DTI
CUST101309,Male,32,Graduate,Salaried,Divorced,0,1048500.0,622.0,0,LOAN501309,Auto,869000.0,48,10.24,22140.38,25.34,8.4,0,Fair,Rented,North,Active,Non-Defaulted,0,Fair,High Income,Moderate DTI
CUST101310,Female,43,Graduate,Salaried,Married,0,801300.0,770.0,1,LOAN501310,Auto,1156000.0,60,6.5,22618.47,36.93,15.4,0,Excellent,Rented,South,Closed,Non-Defaulted,0,Very Good,Upper-Middle Income,High DTI
CUST101311,Male,26,High School,Salaried,Single,4,386300.0,649.0,2,LOAN501311,Personal,557000.0,12,11.97,49480.96,75.0,4.1,0,Fair,Owned,South,Active,Non-Defaulted,0,Fair,Low Income,Very High DTI
CUST101312,Female,45,Professional,Salaried,Married,4,584000.0,726.0,0,LOAN501312,Auto,1298000.0,72,6.5,21819.29,44.83,16.7,0,Good,Rented,East,Active,Non-Defaulted,0,Good,Lower-Middle Income,High DTI
CUST101313,Male,42,Post Graduate,Salaried,Single,0,937400.0,736.0,3,LOAN501313,Personal,597000.0,24,11.24,27891.45,57.91,8.7,1,Good,Owned,Central,Closed,Non-Defaulted,0,Good,Upper-Middle Income,Very High DTI
CUST101314,Female,35,Graduate,Salaried,Married,0,871900.0,769.0,3,LOAN501314,Home,3431000.0,120,6.5,38958.31,70.64,5.2,0,Excellent,Owned,South,Closed,Non-Defaulted,0,Very Good,Upper-Middle Income,Very High DTI
CUST101315,Male,29,High School,Salaried,Divorced,0,774000.0,676.0,0,LOAN501315,Business,464000.0,24,11.19,21666.99,33.59,8.0,0,Fair,Mortgaged,East,Closed,Non-Defaulted,0,Good,Upper-Middle Income,Moderate DTI
CUST101316,Female,28,High School,Salaried,Married,1,1068300.0,829.0,4,LOAN501316,Personal,571000.0,24,8.6,25981.32,51.94,2.2,0,Excellent,Family,North,Active,Non-Defaulted,0,Excellent,High Income,Very High DTI
CUST101317,Male,44,High School,Salaried,Married,2,573700.0,649.0,0,LOAN501317,Business,2229000.0,12,11.65,197679.17,75.0,13.3,0,Fair,Owned,North,Active,Non-Defaulted,0,Fair,Lower-Middle Income,Very High DTI
CUST101318,Female,52,Graduate,Unemployed,Married,0,297400.0,706.0,0,LOAN501318,Personal,795000.0,24,10.95,37034.78,75.0,16.8,0,Good,Owned,North,Defaulted,Defaulted,1,Good,Low Income,Very High DTI
CUST101319,Male,31,Professional,Business,Married,2,160700.0,707.0,0,LOAN501319,Home,3620000.0,240,7.71,29629.07,75.0,5.3,0,Good,Rented,West,Active,Non-Defaulted,0,Good,Low Income,Very High DTI
CUST101320,Male,43,Graduate,Self-Employed,Married,1,523800.0,611.0,1,LOAN501320,Auto,1283000.0,36,10.34,41603.91,75.0,17.4,0,Fair,Mortgaged,East,Active,Non-Defaulted,0,Fair,Lower-Middle Income,Very High DTI
CUST101321,Male,21,Post Graduate,Salaried,Married,3,984800.0,670.0,1,LOAN501321,Education,821000.0,60,9.64,17298.75,24.94,0.7,0,Fair,Rented,North,Active,Non-Defaulted,0,Good,Upper-Middle Income,Moderate DTI
CUST101322,Male,32,Graduate,Salaried,Married,2,565900.0,701.0,0,LOAN501322,Home,4406000.0,300,6.5,29749.63,63.08,10.1,1,Good,Family,East,Active,Non-Defaulted,0,Good,Lower-Middle Income,Very High DTI
CUST101323,Female,38,Post Graduate,Salaried,Married,1,545600.0,660.0,2,LOAN501323,Business,2991000.0,48,10.48,76550.82,75.0,9.1,0,Fair,Family,East,Active,Non-Defaulted,0,Fair,Lower-Middle Income,Very High DTI
CUST101324,Male,28,Post Graduate,Self-Employed,Single,2,394300.0,850.0,2,LOAN501324,Personal,634000.0,12,7.63,55042.26,75.0,4.9,0,Excellent,Mortgaged,North,Active,Non-Defaulted,0,Excellent,Low Income,Very High DTI
CUST101325,Female,28,High School,Salaried,Married,3,1104800.0,631.0,1,LOAN501325,Business,1915000.0,12,12.87,170925.81,75.0,6.6,0,Fair,Mortgaged,East,Defaulted,Defaulted,1,Fair,High Income,Very High DTI
CUST101326,Male,31,Graduate,Business,Married,1,1057200.0,773.0,2,LOAN501326,Personal,109000.0,36,10.57,3546.37,9.29,9.9,0,Excellent,Family,West,Closed,Non-Defaulted,0,Very Good,High Income,Low DTI
CUST101327,Male,41,Graduate,Unemployed,Married,1,405700.0,750.0,3,LOAN501327,Business,2235000.0,48,9.34,55979.6,75.0,18.5,0,Excellent,Owned,South,Active,Non-Defaulted,0,Very Good,Lower-Middle Income,Very High DTI
CUST101328,Female,36,High School,Salaried,Married,3,298000.0,689.0,0,LOAN501328,Home,3689000.0,120,6.74,42339.73,75.0,11.5,0,Good,Mortgaged,West,Active,Non-Defaulted,0,Good,Low Income,Very High DTI
CUST101329,Female,21,Graduate,Self-Employed,Married,0,601800.0,629.0,0,LOAN501329,Education,1186000.0,36,9.39,37930.12,75.0,0.3,1,Fair,Mortgaged,North,Active,Non-Defaulted,0,Fair,Lower-Middle Income,Very High DTI
CUST101330,Male,21,Graduate,Salaried,Married,0,596600.0,636.0,1,LOAN501330,Auto,356000.0,24,9.47,16340.65,41.42,0.3,0,Fair,Owned,West,Active,Non-Defaulted,0,Fair,Lower-Middle Income,High DTI
CUST101331,Female,31,Professional,Salaried,Married,1,596500.0,654.0,1,LOAN501331,Personal,540000.0,48,13.77,14694.07,40.41,8.7,0,Fair,Family,Central,Active,Non-Defaulted,0,Fair,Lower-Middle Income,High DTI
CUST101332,Female,43,Graduate,Salaried,Married,3,507800.0,565.0,1,LOAN501332,Business,1028000.0,48,12.64,27395.34,75.0,18.3,3,Poor,Rented,South,Defaulted,Defaulted,1,Poor,Lower-Middle Income,Very High DTI
CUST101333,Male,21,Post Graduate,Salaried,Single,2,578000.0,620.0,0,LOAN501333,Personal,620000.0,36,13.74,21111.92,43.83,0.7,0,Fair,Mortgaged,South,Active,Non-Defaulted,0,Fair,Lower-Middle Income,High DTI
CUST101334,Female,33,Graduate,Business,Divorced,3,1221600.0,586.0,1,LOAN501334,Personal,230000.0,48,13.43,6219.52,8.19,5.6,0,Poor,Rented,South,Closed,Non-Defaulted,0,Fair,High Income,Low DTI
CUST101335,Female,32,Post Graduate,Salaried,Single,1,272500.0,784.0,1,LOAN501335,Education,1058000.0,120,7.95,12808.52,66.1,8.0,0,Excellent,Mortgaged,South,Active,Non-Defaulted,0,Very Good,Low Income,Very High DTI
CUST101336,Female,53,Graduate,Salaried,Single,0,1601800.0,733.0,1,LOAN501336,Personal,271000.0,24,10.03,12509.03,13.76,15.0,0,Good,Rented,North,Active,Non-Defaulted,0,Good,High Income,Low DTI
CUST101337,Male,34,Post Graduate,Self-Employed,Married,2,819900.0,745.0,0,LOAN501337,Personal,57000.0,60,10.09,1213.61,5.0,7.6,0,Excellent,Owned,West,Active,Non-Defaulted,0,Very Good,Upper-Middle Income,Low DTI
CUST101338,Female,42,Graduate,Self-Employed,Single,2,636900.0,731.0,1,LOAN501338,Home,3350000.0,180,6.5,29182.1,58.17,11.0,0,Good,Owned,North,Closed,Non-Defaulted,0,Good,Lower-Middle Income,Very High DTI
CUST101339,Male,40,Graduate,Salaried,Married,0,1054700.0,702.0,1,LOAN501339,Education,259000.0,60,9.17,5397.81,8.55,16.9,0,Good,Owned,South,Active,Non-Defaulted,0,Good,High Income,Low DTI
CUST101340,Male,21,Graduate,Business,Married,0,404700.0,792.0,1,LOAN501340,Personal,544000.0,24,9.2,24902.45,75.0,0.4,0,Excellent,Rented,West,Closed,Non-Defaulted,0,Very Good,Lower-Middle Income,Very High DTI
CUST101341,Male,46,Graduate,Self-Employed,Married,0,472400.0,647.0,3,LOAN501341,Home,4665000.0,180,8.41,45692.33,75.0,16.3,0,Fair,Owned,West,Closed,Non-Defaulted,0,Fair,Lower-Middle Income,Very High DTI
CUST101342,Male,40,High School,Salaried,Divorced,2,644000.0,697.0,1,LOAN501342,Auto,1749000.0,36,7.27,54220.22,75.0,9.7,0,Good,Owned,North,Active,Non-Defaulted,0,Good,Lower-Middle Income,Very High DTI
CUST101343,Female,44,High School,Salaried,Single,3,1314500.0,742.0,0,LOAN501343,Education,430000.0,36,8.6,13593.97,12.41,16.3,0,Excellent,Family,West,Active,Non-Defaulted,0,Very Good,High Income,Low DTI
CUST101344,Female,68,High School,Salaried,Married,2,667400.0,598.0,1,LOAN501344,Business,2466000.0,84,12.2,43795.83,75.0,29.6,0,Poor,Family,Central,Active,Non-Defaulted,0,Fair,Lower-Middle Income,Very High DTI
CUST101345,Female,21,Post Graduate,Business,Single,4,1008400.0,850.0,2,LOAN501345,Education,595000.0,120,6.5,6756.1,16.57,0.9,1,Good,Rented,North,Active,Non-Defaulted,0,Excellent,High Income,Low DTI
CUST101346,Male,57,High School,Self-Employed,Married,0,489800.0,692.0,2,LOAN501346,Auto,1636000.0,36,8.73,51819.02,75.0,11.7,0,Good,Rented,South,Active,Non-Defaulted,0,Good,Lower-Middle Income,Very High DTI
CUST101347,Male,35,High School,Business,Married,3,1026400.0,700.0,1,LOAN501347,Home,4044000.0,300,6.86,28222.0,37.85,5.9,0,Good,Family,West,Closed,Non-Defaulted,0,Good,High Income,High DTI
CUST101348,Male,41,Post Graduate,Salaried,Married,3,1526700.0,778.0,0,LOAN501348,Personal,105000.0,12,13.5,9402.96,7.39,15.7,1,Good,Rented,West,Active,Non-Defaulted,0,Very Good,High Income,Low DTI
CUST101349,Female,37,Graduate,Salaried,Married,1,1100600.0,754.0,1,LOAN501349,Auto,822000.0,60,7.7,16549.43,21.5,8.3,0,Excellent,Mortgaged,South,Active,Non-Defaulted,0,Very Good,High Income,Moderate DTI
CUST101350,Male,33,Graduate,Salaried,Married,4,660950.0,693.0,1,LOAN501350,Business,1144000.0,60,10.43,24549.37,51.78,4.7,2,Fair,Rented,North,Active,Non-Defaulted,0,Good,Lower-Middle Income,Very High DTI
CUST101351,Female,32,High School,Salaried,Married,1,943900.0,699.0,4,LOAN501351,Auto,1446000.0,72,8.96,26036.23,59.94,6.9,0,Good,Rented,West,Active,Non-Defaulted,0,Good,Upper-Middle Income,Very High DTI
CUST101352,Female,42,Professional,Self-Employed,Divorced,3,857600.0,585.0,1,LOAN501352,Personal,358000.0,24,12.65,16961.18,26.77,14.8,1,Poor,Owned,Central,Closed,Non-Defaulted,0,Fair,Upper-Middle Income,Moderate DTI
CUST101353,Male,21,Post Graduate,Business,Single,3,1036200.0,651.0,2,LOAN501353,Home,3581000.0,120,7.43,42376.39,58.23,0.3,0,Fair,Mortgaged,West,Closed,Non-Defaulted,0,Fair,High Income,Very High DTI
CUST101354,Female,46,Post Graduate,Salaried,Married,2,1163900.0,726.0,1,LOAN501354,Auto,1144000.0,24,8.53,52016.99,56.79,11.4,0,Good,Mortgaged,Central,Active,Non-Defaulted,0,Good,High Income,Very High DTI
CUST101355,Male,33,Graduate,Salaried,Married,2,1159700.0,721.0,1,LOAN501355,Auto,1760000.0,60,8.71,36287.49,42.37,10.1,1,Good,Family,East,Active,Non-Defaulted,0,Good,High Income,High DTI
CUST101356,Female,26,Post Graduate,Salaried,Married,0,642100.0,775.0,2,LOAN501356,Auto,1697000.0,36,8.04,53209.13,75.0,3.5,0,Excellent,Rented,Central,Closed,Non-Defaulted,0,Very Good,Lower-Middle Income,Very High DTI
CUST101357,Female,33,High School,Salaried,Single,1,928800.0,682.0,1,LOAN501357,Auto,856000.0,48,7.1,20537.72,32.37,3.5,0,Good,Rented,West,Active,Non-Defaulted,0,Good,Upper-Middle Income,Moderate DTI
CUST101358,Male,52,High School,Salaried,Married,1,567900.0,593.0,4,LOAN501358,Personal,593000.0,60,12.9,13462.24,45.04,13.9,0,Poor,Rented,Central,Active,Non-Defaulted,0,Fair,Lower-Middle Income,High DTI
CUST101359,Male,32,High School,Salaried,Single,2,438200.0,764.0,1,LOAN501359,Business,2522000.0,60,9.38,52818.92,75.0,8.0,0,Excellent,Mortgaged,North,Closed,Non-Defaulted,0,Very Good,Lower-Middle Income,Very High DTI
CUST101360,Female,42,Graduate,Salaried,Single,2,599700.0,791.0,0,LOAN501360,Auto,1633000.0,36,7.28,50631.62,75.0,8.4,0,Excellent,Rented,West,Closed,Non-Defaulted,0,Very Good,Lower-Middle Income,Very High DTI
CUST101361,Female,30,Graduate,Salaried,Married,3,658000.0,753.0,1,LOAN501361,Personal,101000.0,60,10.67,2179.4,11.97,7.9,0,Excellent,Owned,North,Active,Non-Defaulted,0,Very Good,Lower-Middle Income,Low DTI
CUST101362,Male,46,Graduate,Salaried,Married,0,307400.0,679.0,0,LOAN501362,Home,1859000.0,120,6.63,21231.74,75.0,17.9,1,Fair,Mortgaged,North,Active,Non-Defaulted,0,Good,Low Income,Very High DTI
CUST101363,Female,46,High School,Salaried,Married,3,1031500.0,763.0,0,LOAN501363,Business,1097000.0,36,9.58,35181.18,40.93,14.5,0,Excellent,Rented,East,Closed,Non-Defaulted,0,Very Good,High Income,High DTI
CUST101364,Female,58,Graduate,Self-Employed,Married,3,172200.0,850.0,1,LOAN501364,Business,1416000.0,84,7.82,21943.31,75.0,32.1,0,Excellent,Rented,South,Closed,Non-Defaulted,0,Excellent,Low Income,Very High DTI
CUST101365,Female,36,Post Graduate,Salaried,Married,2,2512100.0,698.0,2,LOAN501365,Home,1262000.0,120,7.45,14947.25,11.61,8.1,0,Good,Rented,North,Active,Non-Defaulted,0,Good,High Income,Low DTI
CUST101366,Male,45,Graduate,Unemployed,Single,0,561400.0,598.0,1,LOAN501366,Personal,422000.0,24,11.84,19833.49,48.71,10.1,0,Poor,Owned,Central,Active,Non-Defaulted,0,Fair,Lower-Middle Income,High DTI
CUST101367,Female,39,Post Graduate,Salaried,Married,0,602100.0,649.0,0,LOAN501367,Personal,547000.0,24,11.08,25514.81,50.85,12.9,0,Fair,Rented,West,Active,Non-Defaulted,0,Fair,Lower-Middle Income,Very High DTI
CUST101368,Female,52,High School,Salaried,Single,0,685600.0,734.0,1,LOAN501368,Personal,423000.0,36,12.3,14110.34,29.13,19.9,0,Good,Owned,Central,Active,Non-Defaulted,0,Good,Lower-Middle Income,Moderate DTI
CUST101369,Male,30,Post Graduate,Salaried,Married,2,789300.0,578.0,1,LOAN501369,Auto,1249000.0,48,11.38,32512.03,53.34,4.7,0,Poor,Rented,Central,Active,Non-Defaulted,0,Poor,Upper-Middle Income,Very High DTI
CUST101370,Male,46,Graduate,Salaried,Single,2,514400.0,702.0,3,LOAN501370,Auto,260000.0,24,8.1,11770.96,48.53,12.3,1,Good,Mortgaged,South,Active,Non-Defaulted,0,Good,Lower-Middle Income,High DTI
CUST101371,Female,36,High School,Business,Single,4,891200.0,717.0,1,LOAN501371,Auto,1595000.0,60,7.85,32226.47,51.13,8.1,0,Good,Rented,South,Closed,Non-Defaulted,0,Good,Upper-Middle Income,Very High DTI
CUST101372,Male,37,High School,Salaried,Married,1,636900.0,797.0,2,LOAN501372,Auto,1699000.0,36,8.68,53775.07,75.0,7.5,0,Excellent,Owned,North,Active,Non-Defaulted,0,Very Good,Lower-Middle Income,Very High DTI
CUST101373,Female,39,Graduate,Unemployed,Single,1,260900.0,782.0,0,LOAN501373,Personal,513000.0,60,9.67,10816.62,49.75,13.5,0,Excellent,Mortgaged,East,Closed,Non-Defaulted,0,Very Good,Low Income,High DTI
CUST101374,Male,41,Post Graduate,Business,Single,2,886400.0,751.0,2,LOAN501374,Personal,711000.0,12,10.07,62531.35,75.0,14.1,0,Excellent,Rented,East,Active,Non-Defaulted,0,Very Good,Upper-Middle Income,Very High DTI
CUST101375,Male,37,Graduate,Salaried,Married,3,363300.0,539.0,2,LOAN501375,Home,1092000.0,300,9.2,9314.04,53.57,9.1,0,Poor,Rented,East,Active,Non-Defaulted,0,Poor,Low Income,Very High DTI
CUST101376,Female,40,Graduate,Salaried,Single,3,695600.0,754.0,3,LOAN501376,Personal,648000.0,24,9.89,29869.02,64.58,10.2,0,Excellent,Rented,South,Active,Non-Defaulted,0,Very Good,Lower-Middle Income,Very High DTI
CUST101377,Male,55,Post Graduate,Self-Employed,Single,3,703000.0,739.0,0,LOAN501377,Personal,139000.0,12,8.72,12137.71,20.72,17.1,0,Good,Mortgaged,North,Active,Non-Defaulted,0,Good,Upper-Middle Income,Moderate DTI
CUST101378,Male,49,Graduate,Salaried,Married,1,726000.0,708.0,1,LOAN501378,Auto,823000.0,60,8.58,16916.86,36.99,12.6,0,Good,Family,South,Active,Non-Defaulted,0,Good,Upper-Middle Income,High DTI
CUST101379,Male,48,Graduate,Self-Employed,Married,2,586000.0,569.0,1,LOAN501379,Education,553000.0,60,12.52,12446.99,32.85,8.6,0,Poor,Family,North,Active,Non-Defaulted,0,Poor,Lower-Middle Income,Moderate DTI
CUST101380,Female,33,Graduate,Salaried,Married,3,1178400.0,636.0,0,LOAN501380,Education,920000.0,60,11.32,20150.16,20.52,5.5,0,Fair,Mortgaged,Central,Closed,Non-Defaulted,0,Fair,High Income,Moderate DTI
CUST101381,Male,28,High School,Salaried,Married,1,575900.0,608.0,1,LOAN501381,Education,522000.0,84,9.85,8625.41,22.36,3.7,0,Fair,Mortgaged,North,Active,Non-Defaulted,0,Fair,Lower-Middle Income,Moderate DTI
CUST101382,Male,49,Graduate,Salaried,Married,0,761200.0,549.0,3,LOAN501382,Auto,1202000.0,72,8.62,21440.7,49.84,17.6,0,Poor,Rented,South,Defaulted,Defaulted,1,Poor,Upper-Middle Income,High DTI
CUST101383,Female,48,Graduate,Salaried,Married,0,1272200.0,690.0,1,LOAN501383,Auto,756000.0,36,8.72,23942.2,25.64,21.1,0,Good,Owned,North,Closed,Non-Defaulted,0,Good,High Income,Moderate DTI
CUST101384,Male,54,Professional,Business,Married,0,782100.0,634.0,4,LOAN501384,Personal,696000.0,12,13.61,62364.19,75.0,17.2,0,Fair,Mortgaged,West,Defaulted,Defaulted,1,Fair,Upper-Middle Income,Very High DTI
CUST101385,Female,31,Graduate,Salaried,Single,2,756500.0,850.0,0,LOAN501385,Business,1975000.0,48,6.5,46837.03,74.3,9.5,0,Excellent,Owned,South,Active,Non-Defaulted,0,Excellent,Upper-Middle Income,Very High DTI
CUST101386,Male,35,Graduate,Business,Married,0,775800.0,678.0,2,LOAN501386,Personal,211000.0,12,11.12,18660.34,34.33,11.8,0,Fair,Owned,North,Closed,Non-Defaulted,0,Good,Upper-Middle Income,Moderate DTI
CUST101387,Female,21,Graduate,Salaried,Married,0,1236100.0,781.0,1,LOAN501387,Personal,302000.0,12,10.0,26550.6,31.48,0.9,0,Excellent,Rented,East,Active,Non-Defaulted,0,Very Good,High Income,Moderate DTI
CUST101388,Male,34,Professional,Salaried,Married,1,603100.0,580.0,1,LOAN501388,Personal,686000.0,36,12.42,22922.87,48.67,11.5,0,Poor,Mortgaged,Central,Overdue,Defaulted,1,Fair,Lower-Middle Income,High DTI
CUST101389,Female,49,Post Graduate,Salaried,Single,2,1263700.0,653.0,4,LOAN501389,Business,1282000.0,12,9.32,112303.12,75.0,18.9,0,Fair,Owned,Central,Active,Non-Defaulted,0,Fair,High Income,Very High DTI
CUST101390,Male,33,Graduate,Salaried,Single,1,649400.0,697.0,0,LOAN501390,Business,1700000.0,84,9.51,27793.48,51.36,8.3,0,Good,Rented,South,Active,Non-Defaulted,0,Good,Lower-Middle Income,Very High DTI
CUST101391,Male,45,Post Graduate,Salaried,Married,2,451800.0,626.0,3,LOAN501391,Education,1009000.0,120,9.66,13144.77,72.05,8.4,0,Fair,Rented,West,Closed,Non-Defaulted,0,Fair,Lower-Middle Income,Very High DTI
CUST101392,Male,36,Graduate,Salaried,Single,0,945600.0,660.0,2,LOAN501392,Auto,724000.0,72,7.03,12353.91,21.62,9.1,0,Fair,Rented,North,Active,Non-Defaulted,0,Fair,Upper-Middle Income,Moderate DTI
CUST101393,Male,42,Graduate,Business,Married,0,702000.0,675.0,0,LOAN501393,Home,1823000.0,240,8.62,15959.15,27.28,14.1,0,Fair,Mortgaged,North,Active,Non-Defaulted,0,Good,Upper-Middle Income,Moderate DTI
CUST101394,Male,25,High School,Salaried,Married,1,919300.0,674.0,3,LOAN501394,Business,1531000.0,12,12.22,136185.11,75.0,2.9,0,Fair,Owned,East,Defaulted,Defaulted,1,Good,Upper-Middle Income,Very High DTI
CUST101395,Male,39,Graduate,Salaried,Married,1,184100.0,820.0,1,LOAN501395,Auto,505000.0,36,6.5,15477.75,75.0,13.3,0,Excellent,Owned,South,Active,Non-Defaulted,0,Excellent,Low Income,Very High DTI
CUST101396,Female,21,Graduate,Business,Single,1,814500.0,716.0,2,LOAN501396,Business,996000.0,36,10.64,32438.22,53.9,0.5,1,Good,Owned,West,Closed,Non-Defaulted,0,Good,Upper-Middle Income,Very High DTI
CUST101397,Male,36,Professional,Self-Employed,Married,0,521300.0,724.0,1,LOAN501397,Home,779000.0,300,6.5,5259.86,18.71,9.4,0,Good,Owned,Central,Active,Non-Defaulted,0,Good,Lower-Middle Income,Low DTI
CUST101398,Male,21,Graduate,Salaried,Married,3,409700.0,728.0,2,LOAN501398,Home,1868000.0,180,6.5,16272.29,60.71,0.5,0,Good,Rented,North,Closed,Non-Defaulted,0,Good,Lower-Middle Income,Very High DTI
CUST101399,Female,51,Professional,Salaried,Married,2,523300.0,733.0,1,LOAN501399,Education,549000.0,120,7.73,6582.82,19.68,22.2,2,Fair,Family,South,Active,Non-Defaulted,0,Good,Lower-Middle Income,Low DTI
CUST101400,Female,47,Graduate,Business,Single,0,616900.0,684.0,0,LOAN501400,Personal,771000.0,48,11.8,20227.76,39.35,22.1,0,Good,Rented,South,Active,Non-Defaulted,0,Good,Lower-Middle Income,High DTI
CUST101401,Male,43,Graduate,Self-Employed,Single,0,635200.0,668.0,1,LOAN501401,Business,1851000.0,24,8.08,83783.27,75.0,18.3,0,Fair,Rented,East,Active,Non-Defaulted,0,Fair,Lower-Middle Income,Very High DTI
CUST101402,Male,55,Graduate,Salaried,Married,4,354100.0,702.0,0,LOAN501402,Home,4043000.0,120,6.76,46444.1,75.0,26.6,0,Good,Rented,Central,Active,Non-Defaulted,0,Good,Low Income,Very High DTI
CUST101403,Male,28,High School,Salaried,Single,2,794400.0,771.0,1,LOAN501403,Business,327000.0,48,9.55,8223.08,20.55,2.1,0,Excellent,Rented,Central,Closed,Non-Defaulted,0,Very Good,Upper-Middle Income,Moderate DTI
CUST101404,Female,57,Graduate,Business,Married,1,1565400.0,769.0,0,LOAN501404,Home,979000.0,180,6.5,8528.14,6.54,31.2,1,Good,Family,East,Defaulted,Defaulted,1,Very Good,High Income,Low DTI
CUST101405,Female,48,High School,Salaried,Married,2,781000.0,673.0,0,LOAN501405,Auto,1494000.0,60,9.47,31354.88,48.18,12.0,1,Fair,Rented,South,Active,Non-Defaulted,0,Good,Upper-Middle Income,High DTI
CUST101406,Male,35,Graduate,Unemployed,Married,2,402500.0,744.0,0,LOAN501406,Home,3306000.0,300,6.5,22322.35,66.55,12.4,0,Excellent,Owned,West,Active,Non-Defaulted,0,Very Good,Lower-Middle Income,Very High DTI
CUST101407,Female,50,Graduate,Salaried,Married,2,1154200.0,676.0,1,LOAN501407,Auto,465000.0,48,6.5,11027.45,14.87,11.3,0,Fair,Owned,South,Active,Non-Defaulted,0,Good,High Income,Low DTI
CUST101408,Female,26,Post Graduate,Business,Single,1,1470900.0,692.0,1,LOAN501408,Home,2322000.0,300,8.34,18447.68,17.53,3.2,0,Good,Rented,Central,Active,Non-Defaulted,0,Good,High Income,Low DTI
CUST101409,Female,29,High School,Salaried,Single,1,1674800.0,657.0,1,LOAN501409,Business,1708000.0,84,11.73,29904.8,23.53,6.6,0,Fair,Mortgaged,North,Closed,Non-Defaulted,0,Fair,High Income,Moderate DTI
CUST101410,Female,31,High School,Salaried,Single,0,537100.0,677.0,0,LOAN501410,Auto,1542000.0,60,10.18,32899.68,73.51,7.3,0,Fair,Family,East,Closed,Non-Defaulted,0,Good,Lower-Middle Income,Very High DTI
CUST101411,Male,32,Graduate,Business,Single,3,575500.0,784.0,1,LOAN501411,Personal,95000.0,24,9.66,4368.87,19.2,9.1,0,Excellent,Rented,North,Active,Non-Defaulted,0,Very Good,Lower-Middle Income,Low DTI
CUST101412,Male,26,Professional,Salaried,Married,2,994100.0,696.0,2,LOAN501412,Business,1871000.0,48,10.69,48075.79,63.11,4.1,0,Good,Rented,South,Closed,Non-Defaulted,0,Good,Upper-Middle Income,Very High DTI
CUST101413,Male,51,Post Graduate,Salaried,Single,0,958800.0,699.0,1,LOAN501413,Personal,588000.0,60,13.45,13514.65,21.47,18.8,1,Good,Owned,East,Active,Non-Defaulted,0,Good,Upper-Middle Income,Moderate DTI
CUST101414,Male,35,Graduate,Salaried,Married,3,990400.0,589.0,3,LOAN501414,Home,4901000.0,120,7.25,57538.25,75.0,6.4,0,Poor,Mortgaged,West,Active,Non-Defaulted,0,Fair,Upper-Middle Income,Very High DTI
CUST101415,Male,42,Graduate,Salaried,Married,3,1690200.0,668.0,1,LOAN501415,Personal,655000.0,36,12.12,21792.93,19.66,14.7,0,Fair,Mortgaged,West,Closed,Non-Defaulted,0,Fair,High Income,Low DTI
CUST101416,Female,32,High School,Salaried,Married,4,686200.0,673.0,2,LOAN501416,Business,973000.0,84,11.9,17124.12,50.59,4.6,0,Fair,Rented,East,Active,Non-Defaulted,0,Good,Lower-Middle Income,Very High DTI
CUST101417,Male,21,Professional,Self-Employed,Single,3,797500.0,632.0,0,LOAN501417,Personal,582000.0,24,12.54,27543.76,41.45,0.7,1,Fair,Mortgaged,South,Active,Non-Defaulted,0,Fair,Upper-Middle Income,High DTI
CUST101418,Male,41,Graduate,Salaried,Single,4,426300.0,692.0,0,LOAN501418,Personal,622000.0,48,11.31,16169.71,45.52,5.3,1,Good,Family,Central,Active,Non-Defaulted,0,Good,Lower-Middle Income,High DTI
CUST101419,Male,21,Graduate,Salaried,Single,0,1902100.0,660.0,2,LOAN501419,Business,2243000.0,48,9.44,56286.95,40.81,0.6,0,Fair,Rented,West,Active,Non-Defaulted,0,Fair,High Income,High DTI
CUST101420,Female,37,Graduate,Salaried,Married,3,580700.0,696.0,2,LOAN501420,Education,1248000.0,120,10.44,16797.99,49.83,8.7,0,Good,Rented,North,Active,Non-Defaulted,0,Good,Lower-Middle Income,High DTI
CUST101421,Male,23,High School,Self-Employed,Single,3,560600.0,699.0,0,LOAN501421,Personal,728000.0,36,12.19,24246.14,51.9,1.3,1,Good,Family,West,Active,Non-Defaulted,0,Good,Lower-Middle Income,Very High DTI
CUST101422,Male,60,Professional,Self-Employed,Married,0,550300.0,623.0,1,LOAN501422,Education,238000.0,60,11.57,5242.61,21.18,23.4,1,Fair,Family,Central,Active,Non-Defaulted,0,Fair,Lower-Middle Income,Moderate DTI
CUST101423,Male,48,High School,Salaried,Married,0,660950.0,662.0,1,LOAN501423,Business,493000.0,12,10.86,43539.97,75.0,18.7,0,Fair,Owned,East,Active,Non-Defaulted,0,Fair,Lower-Middle Income,Very High DTI
CUST101424,Male,39,Graduate,Salaried,Married,4,480900.0,695.0,1,LOAN501424,Personal,647000.0,60,10.87,14025.44,46.08,16.7,0,Good,Rented,South,Active,Non-Defaulted,0,Good,Lower-Middle Income,High DTI
CUST101425,Female,52,Graduate,Unemployed,Married,1,212300.0,773.0,2,LOAN501425,Education,453000.0,60,7.58,9094.42,75.0,25.3,0,Excellent,Owned,East,Active,Non-Defaulted,0,Very Good,Low Income,Very High DTI
CUST101426,Female,29,Post Graduate,Salaried,Single,3,354300.0,708.0,0,LOAN501426,Home,763000.0,120,8.66,9525.52,32.26,6.4,0,Good,Mortgaged,South,Active,Non-Defaulted,0,Good,Low Income,Moderate DTI
CUST101427,Male,44,Post Graduate,Business,Married,0,557300.0,644.0,1,LOAN501427,Auto,812000.0,36,8.95,25802.49,65.26,13.5,1,Fair,Owned,West,Closed,Non-Defaulted,0,Fair,Lower-Middle Income,Very High DTI
CUST101428,Female,40,Post Graduate,Business,Divorced,0,2070700.0,718.0,0,LOAN501428,Home,4189000.0,120,8.26,51401.46,29.79,10.1,0,Good,Rented,East,Closed,Non-Defaulted,0,Good,High Income,Moderate DTI
CUST101429,Female,41,Graduate,Self-Employed,Married,1,925300.0,810.0,1,LOAN501429,Auto,359000.0,24,6.5,15992.1,26.8,5.7,0,Excellent,Mortgaged,Central,Active,Non-Defaulted,0,Excellent,Upper-Middle Income,Moderate DTI
CUST101430,Female,52,Post Graduate,Salaried,Married,0,1064400.0,754.0,0,LOAN501430,Personal,554000.0,36,9.27,17686.75,19.94,15.5,0,Excellent,Rented,East,Closed,Non-Defaulted,0,Very Good,High Income,Low DTI
CUST101431,Male,46,High School,Business,Married,2,1429600.0,728.0,3,LOAN501431,Education,105000.0,120,6.5,1192.25,6.09,20.8,0,Good,Rented,South,Active,Non-Defaulted,0,Good,High Income,Low DTI
CUST101432,Male,41,Graduate,Self-Employed,Single,2,1567700.0,741.0,1,LOAN501432,Personal,132000.0,48,10.94,3407.76,5.0,10.5,0,Excellent,Rented,West,Active,Non-Defaulted,0,Very Good,High Income,Low DTI
CUST101433,Male,21,Graduate,Self-Employed,Single,0,277700.0,791.0,2,LOAN501433,Home,2079000.0,120,6.5,23606.62,75.0,0.6,0,Excellent,Owned,South,Active,Non-Defaulted,0,Very Good,Low Income,Very High DTI
CUST101434,Female,27,Professional,Salaried,Single,0,378200.0,765.0,0,LOAN501434,Personal,113000.0,48,8.78,2800.22,8.88,3.0,0,Excellent,Rented,South,Active,Non-Defaulted,0,Very Good,Low Income,Low DTI
CUST101435,Male,37,Graduate,Salaried,Single,1,464000.0,730.0,0,LOAN501435,Education,1284000.0,84,9.84,21209.92,54.85,7.3,0,Good,Rented,South,Active,Non-Defaulted,0,Good,Lower-Middle Income,Very High DTI
CUST101436,Male,39,Post Graduate,Salaried,Single,0,544700.0,765.0,0,LOAN501436,Home,4388000.0,240,6.5,32715.75,72.07,5.5,0,Excellent,Mortgaged,North,Active,Non-Defaulted,0,Very Good,Lower-Middle Income,Very High DTI
CUST101437,Male,26,Post Graduate,Salaried,Married,2,590800.0,614.0,1,LOAN501437,Home,3900000.0,240,9.36,35997.31,75.0,3.9,3,Fair,Family,Central,Defaulted,Defaulted,1,Fair,Lower-Middle Income,Very High DTI
CUST101438,Female,65,High School,Self-Employed,Married,1,524500.0,585.0,2,LOAN501438,Home,1591000.0,180,9.93,17028.9,62.71,24.4,0,Poor,Owned,East,Active,Non-Defaulted,0,Fair,Lower-Middle Income,Very High DTI
CUST101439,Male,55,High School,Salaried,Married,0,758300.0,701.0,1,LOAN501439,Education,833000.0,60,9.96,17682.4,35.22,22.5,0,Good,Rented,West,Active,Non-Defaulted,0,Good,Upper-Middle Income,High DTI
CUST101440,Female,45,Graduate,Salaried,Married,1,694200.0,695.0,0,LOAN501440,Home,1329000.0,180,6.5,11577.02,20.01,15.1,0,Good,Rented,South,Active,Non-Defaulted,0,Good,Lower-Middle Income,Moderate DTI
CUST101441,Female,39,Graduate,Salaried,Married,0,482400.0,652.0,0,LOAN501441,Education,494000.0,60,10.83,10698.92,26.61,14.6,0,Fair,Owned,West,Active,Non-Defaulted,0,Fair,Lower-Middle Income,Moderate DTI
CUST101442,Male,36,High School,Self-Employed,Single,0,228800.0,748.0,0,LOAN501442,Personal,437000.0,24,10.09,20183.49,75.0,11.8,0,Excellent,Mortgaged,East,Active,Non-Defaulted,0,Very Good,Low Income,Very High DTI
CUST101443,Female,28,High School,Business,Single,0,504500.0,560.0,2,LOAN501443,Personal,601000.0,48,13.28,16206.97,55.5,6.0,0,Poor,Rented,South,Defaulted,Defaulted,1,Poor,Lower-Middle Income,Very High DTI
CUST101444,Male,39,Post Graduate,Salaried,Married,3,524300.0,653.0,1,LOAN501444,Auto,306000.0,60,9.87,6482.04,27.39,10.9,3,Fair,Owned,Central,Closed,Non-Defaulted,0,Fair,Lower-Middle Income,Moderate DTI
CUST101445,Female,41,Professional,Salaried,Single,3,606200.0,656.0,2,LOAN501445,Business,1031000.0,12,11.95,91578.99,75.0,10.1,0,Fair,Mortgaged,East,Active,Non-Defaulted,0,Fair,Lower-Middle Income,Very High DTI
CUST101446,Male,24,Graduate,Salaried,Single,3,396800.0,575.0,1,LOAN501446,Personal,745000.0,36,11.36,24517.55,75.0,3.4,0,Poor,Rented,West,Active,Non-Defaulted,0,Poor,Low Income,Very High DTI
CUST101447,Female,42,Graduate,Self-Employed,Single,1,513600.0,795.0,0,LOAN501447,Personal,372000.0,24,8.1,16841.52,39.35,6.3,0,Excellent,Rented,North,Active,Non-Defaulted,0,Very Good,Lower-Middle Income,High DTI
CUST101448,Female,36,High School,Self-Employed,Single,1,377700.0,595.0,0,LOAN501448,Personal,754000.0,12,14.19,67766.91,75.0,5.6,0,Poor,Rented,South,Defaulted,Defaulted,1,Fair,Low Income,Very High DTI
CUST101449,Female,21,Post Graduate,Business,Married,1,764900.0,649.0,2,LOAN501449,Auto,1786000.0,72,9.59,32719.07,62.25,0.5,0,Fair,Rented,Central,Defaulted,Defaulted,1,Fair,Upper-Middle Income,Very High DTI
CUST101450,Female,29,Post Graduate,Salaried,Married,2,407800.0,754.0,2,LOAN501450,Home,2870000.0,120,6.5,32588.27,75.0,5.8,2,Fair,Mortgaged,West,Active,Non-Defaulted,0,Very Good,Lower-Middle Income,Very High DTI
CUST101451,Male,33,High School,Unemployed,Married,4,181600.0,735.0,1,LOAN501451,Education,503000.0,120,7.28,5913.1,73.5,3.3,0,Good,Rented,East,Active,Non-Defaulted,0,Good,Low Income,Very High DTI
CUST101452,Female,59,High School,Salaried,Married,0,364200.0,612.0,0,LOAN501452,Personal,643000.0,60,13.12,14669.76,48.34,28.0,0,Fair,Rented,Central,Defaulted,Defaulted,1,Fair,Low Income,High DTI
CUST101453,Female,44,Post Graduate,Self-Employed,Married,0,603800.0,738.0,0,LOAN501453,Personal,169000.0,12,11.63,14986.21,29.78,14.7,0,Good,Mortgaged,East,Active,Non-Defaulted,0,Good,Lower-Middle Income,Moderate DTI
CUST101454,Female,23,Graduate,Salaried,Single,2,450300.0,710.0,0,LOAN501454,Personal,239000.0,36,13.24,8080.51,21.53,1.7,0,Good,Family,East,Active,Non-Defaulted,0,Good,Lower-Middle Income,Moderate DTI
CUST101455,Male,43,High School,Business,Single,3,1255600.0,850.0,0,LOAN501455,Auto,1445000.0,36,6.5,44287.81,42.33,12.1,1,Good,Rented,South,Active,Non-Defaulted,0,Excellent,High Income,High DTI
CUST101456,Female,21,Graduate,Salaried,Married,3,829300.0,718.0,0,LOAN501456,Auto,866000.0,72,8.75,15502.88,22.43,0.6,0,Good,Owned,East,Active,Non-Defaulted,0,Good,Upper-Middle Income,Moderate DTI
CUST101457,Female,50,Graduate,Self-Employed,Married,2,628600.0,680.0,1,LOAN501457,Personal,201000.0,36,13.31,6802.54,20.16,10.7,0,Good,Rented,South,Active,Non-Defaulted,0,Good,Lower-Middle Income,Moderate DTI
CUST101458,Female,33,Graduate,Business,Married,4,554100.0,630.0,0,LOAN501458,Business,2023000.0,12,10.01,177863.25,75.0,4.2,1,Fair,Rented,South,Defaulted,Defaulted,1,Fair,Lower-Middle Income,Very High DTI
CUST101459,Male,37,Post Graduate,Salaried,Married,1,819300.0,638.0,0,LOAN501459,Home,3797000.0,180,10.02,40849.23,59.83,7.5,0,Fair,Mortgaged,Central,Active,Non-Defaulted,0,Fair,Upper-Middle Income,Very High DTI
CUST101460,Female,53,Post Graduate,Salaried,Single,3,950800.0,632.0,3,LOAN501460,Auto,356000.0,60,9.62,7497.56,28.46,23.5,0,Fair,Rented,North,Closed,Non-Defaulted,0,Fair,Upper-Middle Income,Moderate DTI
CUST101461,Male,24,Graduate,Business,Married,4,870100.0,786.0,1,LOAN501461,Home,1746000.0,300,6.5,11789.12,23.44,2.5,1,Good,Rented,North,Closed,Non-Defaulted,0,Very Good,Upper-Middle Income,Moderate DTI
CUST101462,Female,23,Professional,Salaried,Married,3,1473700.0,693.0,3,LOAN501462,Personal,216000.0,48,10.72,5553.31,8.49,1.7,0,Good,Rented,North,Closed,Non-Defaulted,0,Good,High Income,Low DTI
CUST101463,Male,32,Graduate,Salaried,Married,1,851000.0,730.0,1,LOAN501463,Education,632000.0,84,8.0,9850.49,20.66,7.5,0,Good,Owned,South,Closed,Non-Defaulted,0,Good,Upper-Middle Income,Moderate DTI
CUST101464,Female,49,Post Graduate,Salaried,Married,0,1058200.0,796.0,1,LOAN501464,Education,1169000.0,120,6.5,13273.76,20.75,17.8,0,Excellent,Mortgaged,South,Active,Non-Defaulted,0,Very Good,High Income,Moderate DTI
CUST101465,Female,21,Graduate,Self-Employed,Married,1,693000.0,525.0,0,LOAN501465,Home,3712000.0,180,9.3,38314.9,66.35,0.4,0,Poor,Mortgaged,North,Closed,Non-Defaulted,0,Poor,Lower-Middle Income,Very High DTI
CUST101466,Male,21,Post Graduate,Salaried,Married,1,944000.0,780.0,1,LOAN501466,Auto,1243000.0,48,7.21,29886.44,43.98,0.3,0,Excellent,Rented,East,Active,Non-Defaulted,0,Very Good,Upper-Middle Income,High DTI
CUST101467,Female,33,Professional,Salaried,Married,3,465600.0,694.0,0,LOAN501467,Personal,55000.0,36,12.32,1835.2,5.0,10.8,0,Good,Rented,East,Closed,Non-Defaulted,0,Good,Lower-Middle Income,Low DTI
CUST101468,Male,44,High School,Salaried,Single,0,547700.0,720.0,0,LOAN501468,Auto,385000.0,60,6.79,7585.37,16.62,15.4,0,Good,Owned,West,Active,Non-Defaulted,0,Good,Lower-Middle Income,Low DTI
CUST101469,Female,51,Professional,Salaried,Married,0,807100.0,632.0,3,LOAN501469,Personal,217000.0,36,11.63,7169.22,33.77,21.8,0,Fair,Mortgaged,Central,Overdue,Defaulted,1,Fair,Upper-Middle Income,Moderate DTI
CUST101470,Female,33,Post Graduate,Business,Single,2,957500.0,637.0,1,LOAN501470,Education,481000.0,36,10.29,15586.09,26.68,7.2,0,Fair,Mortgaged,East,Closed,Non-Defaulted,0,Fair,Upper-Middle Income,Moderate DTI
CUST101471,Female,33,Post Graduate,Unemployed,Single,0,348300.0,724.0,3,LOAN501471,Personal,160000.0,60,9.55,3364.21,37.77,9.6,0,Good,Rented,North,Active,Non-Defaulted,0,Good,Low Income,High DTI
CUST101472,Female,51,High School,Self-Employed,Divorced,1,1102300.0,850.0,0,LOAN501472,Personal,358000.0,60,8.64,7369.1,8.02,19.5,0,Excellent,Rented,North,Closed,Non-Defaulted,0,Excellent,High Income,Low DTI
CUST101473,Female,21,Post Graduate,Salaried,Divorced,1,344400.0,760.0,0,LOAN501473,Personal,106000.0,48,9.75,2675.73,9.32,0.3,0,Excellent,Mortgaged,West,Active,Non-Defaulted,0,Very Good,Low Income,Low DTI
CUST101474,Male,34,Post Graduate,Business,Single,2,509000.0,779.0,1,LOAN501474,Personal,613000.0,24,8.04,27735.51,75.0,11.6,0,Excellent,Owned,West,Active,Non-Defaulted,0,Very Good,Lower-Middle Income,Very High DTI
CUST101475,Male,40,Graduate,Salaried,Married,0,762000.0,677.0,2,LOAN501475,Home,4045000.0,180,7.99,38632.78,74.34,9.0,0,Fair,Owned,North,Defaulted,Defaulted,1,Good,Upper-Middle Income,Very High DTI
CUST101476,Female,43,Professional,Salaried,Single,3,482100.0,648.0,1,LOAN501476,Personal,481000.0,48,11.47,12541.77,35.16,7.8,0,Fair,Owned,South,Active,Non-Defaulted,0,Fair,Lower-Middle Income,High DTI
CUST101477,Female,32,High School,Business,Married,1,3500000.0,635.0,3,LOAN501477,Education,226000.0,84,11.1,3881.56,6.22,3.7,1,Fair,Rented,West,Closed,Non-Defaulted,0,Fair,High Income,Low DTI
CUST101478,Female,38,High School,Self-Employed,Married,3,832600.0,656.0,0,LOAN501478,Personal,718000.0,48,11.7,18802.11,27.1,12.9,1,Fair,Owned,East,Closed,Non-Defaulted,0,Fair,Upper-Middle Income,Moderate DTI
CUST101479,Female,21,Graduate,Self-Employed,Divorced,1,626000.0,546.0,2,LOAN501479,Auto,1743000.0,48,10.26,44424.94,75.0,0.7,0,Poor,Mortgaged,East,Closed,Non-Defaulted,0,Poor,Lower-Middle Income,Very High DTI
CUST101480,Male,31,Graduate,Self-Employed,Married,1,507500.0,639.0,0,LOAN501480,Auto,484000.0,36,9.26,15449.71,36.53,7.8,0,Fair,Rented,South,Closed,Non-Defaulted,0,Fair,Lower-Middle Income,High DTI
CUST101481,Female,43,Graduate,Salaried,Married,0,542000.0,651.0,0,LOAN501481,Business,2173000.0,60,12.32,48689.31,75.0,19.4,0,Fair,Family,East,Active,Non-Defaulted,0,Fair,Lower-Middle Income,Very High DTI
CUST101482,Male,27,High School,Salaried,Married,0,692400.0,678.0,1,LOAN501482,Business,2557000.0,48,12.44,67889.34,75.0,3.3,0,Fair,Family,West,Active,Non-Defaulted,0,Good,Lower-Middle Income,Very High DTI
CUST101483,Male,39,Professional,Self-Employed,Single,1,685900.0,699.0,1,LOAN501483,Education,856000.0,84,9.51,13994.83,33.18,11.7,0,Good,Family,Central,Active,Non-Defaulted,0,Good,Lower-Middle Income,Moderate DTI
CUST101484,Male,43,High School,Salaried,Married,0,548100.0,715.0,0,LOAN501484,Education,553000.0,120,8.04,6721.11,14.72,15.0,0,Good,Rented,West,Active,Non-Defaulted,0,Good,Lower-Middle Income,Low DTI
CUST101485,Male,34,High School,Salaried,Married,1,598600.0,689.0,0,LOAN501485,Home,2654000.0,240,7.33,21105.41,42.31,12.4,0,Good,Rented,East,Active,Non-Defaulted,0,Good,Lower-Middle Income,High DTI
CUST101486,Male,40,High School,Business,Married,2,1549000.0,649.0,1,LOAN501486,Education,817000.0,36,9.72,26255.02,24.67,9.1,0,Fair,Rented,West,Active,Non-Defaulted,0,Fair,High Income,Moderate DTI
CUST101487,Male,27,Graduate,Business,Single,1,1579200.0,553.0,1,LOAN501487,Business,1322000.0,84,12.7,23834.69,22.04,6.1,0,Poor,Rented,East,Active,Non-Defaulted,0,Poor,High Income,Moderate DTI
CUST101488,Female,36,Professional,Salaried,Single,0,770300.0,650.0,0,LOAN501488,Personal,747000.0,60,11.75,16522.39,25.74,5.5,0,Fair,Family,South,Active,Non-Defaulted,0,Fair,Upper-Middle Income,Moderate DTI
CUST101489,Male,45,Graduate,Business,Single,2,426800.0,622.0,0,LOAN501489,Home,3847000.0,240,7.54,31085.33,75.0,18.7,0,Fair,Mortgaged,Central,Active,Non-Defaulted,0,Fair,Lower-Middle Income,Very High DTI
CUST101490,Male,40,Post Graduate,Business,Married,4,1052200.0,723.0,0,LOAN501490,Personal,231000.0,24,11.66,10837.33,12.36,13.2,0,Good,Mortgaged,East,Active,Non-Defaulted,0,Good,High Income,Low DTI
CUST101491,Male,32,High School,Self-Employed,Married,0,1370600.0,754.0,4,LOAN501491,Auto,1116000.0,72,8.09,19616.18,26.38,9.4,0,Excellent,Mortgaged,East,Closed,Non-Defaulted,0,Very Good,High Income,Moderate DTI
CUST101492,Male,40,Graduate,Salaried,Single,0,1317200.0,756.0,3,LOAN501492,Home,3599000.0,240,6.5,26833.18,34.85,5.4,0,Excellent,Rented,Central,Active,Non-Defaulted,0,Very Good,High Income,Moderate DTI
CUST101493,Male,46,Graduate,Salaried,Married,4,971000.0,743.0,1,LOAN501493,Auto,381000.0,48,8.68,9423.42,16.71,7.8,0,Excellent,Rented,Central,Active,Non-Defaulted,0,Very Good,Upper-Middle Income,Low DTI
CUST101494,Male,21,Graduate,Salaried,Married,0,1350900.0,681.0,4,LOAN501494,Auto,741000.0,36,9.13,23608.46,30.21,0.3,0,Good,Rented,East,Closed,Non-Defaulted,0,Good,High Income,Moderate DTI
CUST101495,Female,51,High School,Salaried,Single,4,700200.0,653.0,1,LOAN501495,Business,2736000.0,36,9.93,88193.13,75.0,19.7,0,Fair,Mortgaged,North,Active,Non-Defaulted,0,Fair,Upper-Middle Income,Very High DTI
CUST101496,Female,34,Post Graduate,Salaried,Married,0,922700.0,638.0,0,LOAN501496,Auto,1086000.0,60,8.96,22522.5,29.29,9.0,0,Fair,Mortgaged,South,Active,Non-Defaulted,0,Fair,Upper-Middle Income,Moderate DTI
CUST101497,Female,43,Graduate,Salaried,Married,3,492300.0,584.0,0,LOAN501497,Education,404000.0,60,12.47,9083.0,22.14,19.3,0,Poor,Family,Central,Overdue,Defaulted,1,Fair,Lower-Middle Income,Moderate DTI
CUST101498,Male,51,Post Graduate,Salaried,Divorced,1,785300.0,759.0,3,LOAN501498,Home,1053000.0,180,6.5,9172.76,29.88,17.2,0,Excellent,Owned,South,Active,Non-Defaulted,0,Very Good,Upper-Middle Income,Moderate DTI
CUST101499,Male,23,Graduate,Business,Married,3,1538100.0,678.0,1,LOAN501499,Home,2832000.0,180,6.8,25139.21,20.99,0.9,2,Fair,Owned,Central,Active,Non-Defaulted,0,Good,High Income,Moderate DTI
CUST101500,Female,30,High School,Salaried,Single,1,514300.0,603.0,2,LOAN501500,Home,2965000.0,300,9.57,26049.53,75.0,3.9,0,Fair,Rented,North,Active,Non-Defaulted,0,Fair,Lower-Middle Income,Very High DTI
CUST101501,Male,35,Graduate,Self-Employed,Married,2,429900.0,632.0,3,LOAN501501,Personal,301000.0,60,12.04,6701.66,43.21,3.8,0,Fair,Owned,East,Active,Non-Defaulted,0,Fair,Lower-Middle Income,High DTI
CUST101502,Male,29,High School,Self-Employed,Single,0,681100.0,629.0,1,LOAN501502,Home,3337000.0,300,8.94,27867.0,56.83,6.8,0,Fair,Mortgaged,East,Active,Non-Defaulted,0,Fair,Lower-Middle Income,Very High DTI
CUST101503,Male,57,Post Graduate,Salaried,Single,0,612100.0,693.0,0,LOAN501503,Auto,263000.0,36,8.29,8276.69,16.23,28.9,0,Good,Owned,South,Active,Non-Defaulted,0,Good,Lower-Middle Income,Low DTI
CUST101504,Male,29,Graduate,Business,Married,2,660950.0,765.0,0,LOAN501504,Auto,389000.0,72,6.5,6539.06,7.07,8.1,0,Excellent,Owned,Central,Closed,Non-Defaulted,0,Very Good,Lower-Middle Income,Low DTI
CUST101505,Male,32,High School,Self-Employed,Married,1,522900.0,666.0,0,LOAN501505,Auto,1051000.0,72,8.12,18489.08,42.43,6.2,0,Fair,Rented,East,Active,Non-Defaulted,0,Fair,Lower-Middle Income,High DTI
CUST101506,Male,40,Professional,Salaried,Married,3,1557200.0,532.0,0,LOAN501506,Home,778000.0,120,8.44,9621.14,7.41,5.3,0,Poor,Mortgaged,South,Active,Non-Defaulted,0,Poor,High Income,Low DTI
CUST101507,Female,25,Graduate,Self-Employed,Single,1,350000.0,677.0,1,LOAN501507,Home,4464000.0,120,6.5,50687.82,75.0,2.0,1,Fair,Mortgaged,South,Active,Non-Defaulted,0,Good,Low Income,Very High DTI
CUST101508,Male,34,High School,Salaried,Married,3,1245800.0,679.0,0,LOAN501508,Auto,385000.0,72,9.21,6980.03,6.72,8.8,0,Fair,Owned,West,Closed,Non-Defaulted,0,Good,High Income,Low DTI
CUST101509,Female,41,Graduate,Self-Employed,Married,1,450300.0,674.0,0,LOAN501509,Personal,555000.0,24,12.77,26325.79,70.16,18.4,2,Fair,Rented,South,Overdue,Defaulted,1,Good,Lower-Middle Income,Very High DTI
CUST101510,Female,34,Graduate,Salaried,Married,4,288200.0,646.0,1,LOAN501510,Personal,343000.0,36,11.46,11304.25,61.41,4.4,0,Fair,Mortgaged,Central,Active,Non-Defaulted,0,Fair,Low Income,Very High DTI
CUST101511,Female,37,Post Graduate,Business,Married,4,910800.0,705.0,1,LOAN501511,Personal,350000.0,60,9.64,7374.62,12.9,5.6,1,Good,Mortgaged,North,Active,Non-Defaulted,0,Good,Upper-Middle Income,Low DTI
CUST101512,Female,32,Post Graduate,Salaried,Married,1,604000.0,695.0,1,LOAN501512,Personal,624000.0,48,12.33,16533.6,36.61,8.5,1,Good,Owned,South,Overdue,Defaulted,1,Good,Lower-Middle Income,High DTI
CUST101513,Female,21,Professional,Self-Employed,Married,3,381600.0,688.0,1,LOAN501513,Personal,425000.0,24,12.48,20101.63,75.0,0.7,0,Good,Mortgaged,North,Active,Non-Defaulted,0,Good,Low Income,Very High DTI
CUST101514,Male,42,Graduate,Salaried,Single,3,304500.0,719.0,1,LOAN501514,Personal,594000.0,12,11.48,52631.79,75.0,9.1,0,Good,Mortgaged,North,Defaulted,Defaulted,1,Good,Low Income,Very High DTI
CUST101515,Male,57,Graduate,Self-Employed,Married,0,647400.0,660.0,3,LOAN501515,Personal,429000.0,36,10.37,13917.27,37.27,28.8,0,Fair,Rented,South,Active,Non-Defaulted,0,Fair,Lower-Middle Income,High DTI
CUST101516,Male,38,Post Graduate,Self-Employed,Single,2,1038300.0,656.0,0,LOAN501516,Auto,1128000.0,60,9.51,23695.61,27.39,6.0,0,Fair,Family,Central,Active,Non-Defaulted,0,Fair,High Income,Moderate DTI
CUST101517,Female,40,High School,Salaried,Single,0,903700.0,787.0,0,LOAN501517,Personal,621000.0,60,10.09,13221.93,17.56,17.0,1,Good,Family,North,Active,Non-Defaulted,0,Very Good,Upper-Middle Income,Low DTI
CUST101518,Female,46,Graduate,Self-Employed,Single,3,667900.0,729.0,2,LOAN501518,Home,3233000.0,180,7.48,29933.58,67.4,9.9,0,Good,Rented,South,Active,Non-Defaulted,0,Good,Lower-Middle Income,Very High DTI
CUST101519,Male,24,Graduate,Salaried,Single,0,858900.0,748.0,1,LOAN501519,Business,1924000.0,24,9.49,88330.63,75.0,1.2,0,Excellent,Owned,South,Active,Non-Defaulted,0,Very Good,Upper-Middle Income,Very High DTI
CUST101520,Female,57,High School,Business,Single,0,802000.0,776.0,2,LOAN501520,Education,1205000.0,36,6.78,37085.81,72.53,17.4,0,Excellent,Rented,East,Active,Non-Defaulted,0,Very Good,Upper-Middle Income,Very High DTI
CUST101521,Male,40,Graduate,Salaried,Single,1,343600.0,727.0,0,LOAN501521,Personal,762000.0,48,10.21,19403.23,67.76,7.4,0,Good,Owned,West,Closed,Non-Defaulted,0,Good,Low Income,Very High DTI
CUST101522,Female,56,Post Graduate,Business,Single,2,410800.0,755.0,2,LOAN501522,Business,1255000.0,24,10.39,58138.05,75.0,21.3,0,Excellent,Rented,West,Active,Non-Defaulted,0,Very Good,Lower-Middle Income,Very High DTI
CUST101523,Male,30,Post Graduate,Business,Married,3,737000.0,579.0,3,LOAN501523,Home,3097000.0,180,9.66,32639.31,75.0,7.0,0,Poor,Mortgaged,North,Closed,Non-Defaulted,0,Poor,Upper-Middle Income,Very High DTI
CUST101524,Male,58,High School,Salaried,Single,4,631800.0,704.0,1,LOAN501524,Personal,115000.0,36,9.72,3695.63,12.59,21.6,0,Good,Rented,West,Active,Non-Defaulted,0,Good,Lower-Middle Income,Low DTI
CUST101525,Male,47,High School,Salaried,Married,1,1026800.0,677.0,0,LOAN501525,Business,1205000.0,48,12.32,31921.93,37.31,18.3,0,Fair,Family,East,Active,Non-Defaulted,0,Good,High Income,High DTI
CUST101526,Male,44,Graduate,Salaried,Single,0,981700.0,807.0,3,LOAN501526,Business,1354000.0,60,9.43,28390.22,45.43,11.7,1,Good,Mortgaged,East,Closed,Non-Defaulted,0,Excellent,Upper-Middle Income,High DTI
CUST101527,Male,41,Post Graduate,Business,Married,2,1086400.0,755.0,2,LOAN501527,Home,4259000.0,300,7.77,32225.4,40.01,5.6,0,Excellent,Mortgaged,South,Active,Non-Defaulted,0,Very Good,High Income,High DTI
CUST101528,Male,35,High School,Salaried,Married,2,596600.0,646.0,2,LOAN501528,Auto,997000.0,60,10.31,21335.7,60.31,13.2,1,Fair,Rented,West,Active,Non-Defaulted,0,Fair,Lower-Middle Income,Very High DTI
CUST101529,Female,51,Post Graduate,Salaried,Married,1,351800.0,716.0,0,LOAN501529,Auto,1356000.0,60,6.98,26837.63,75.0,24.3,0,Good,Owned,South,Active,Non-Defaulted,0,Good,Low Income,Very High DTI
CUST101530,Male,40,High School,Business,Married,1,990200.0,702.0,2,LOAN501530,Personal,64000.0,12,11.39,5668.08,15.44,6.0,0,Good,Family,South,Active,Non-Defaulted,0,Good,Upper-Middle Income,Low DTI
CUST101531,Male,21,Graduate,Salaried,Single,1,878200.0,722.0,0,LOAN501531,Personal,398000.0,60,11.31,8715.14,11.91,0.5,0,Good,Mortgaged,South,Closed,Non-Defaulted,0,Good,Upper-Middle Income,Low DTI
CUST101532,Female,26,Graduate,Self-Employed,Divorced,1,206500.0,619.0,0,LOAN501532,Home,4556000.0,240,7.21,35899.19,75.0,4.0,0,Fair,Owned,South,Active,Non-Defaulted,0,Fair,Low Income,Very High DTI
CUST101533,Female,36,Post Graduate,Salaried,Married,2,660950.0,715.0,1,LOAN501533,Business,828000.0,60,8.76,17091.63,53.69,6.0,0,Good,Rented,South,Closed,Non-Defaulted,0,Good,Lower-Middle Income,Very High DTI
CUST101534,Male,41,High School,Salaried,Married,1,489800.0,674.0,0,LOAN501534,Personal,74000.0,12,12.31,6585.55,16.13,13.1,0,Fair,Owned,East,Closed,Non-Defaulted,0,Good,Lower-Middle Income,Low DTI
CUST101535,Male,37,Graduate,Business,Married,3,860000.0,710.0,1,LOAN501535,Education,707000.0,36,9.54,22660.52,35.34,10.1,0,Good,Owned,Central,Active,Non-Defaulted,0,Good,Upper-Middle Income,High DTI
CUST101536,Male,51,High School,Salaried,Married,1,464100.0,639.0,1,LOAN501536,Personal,578000.0,60,14.57,13620.46,43.49,11.9,0,Fair,Rented,East,Active,Non-Defaulted,0,Fair,Lower-Middle Income,High DTI
CUST101537,Male,21,Post Graduate,Salaried,Married,0,670100.0,649.0,0,LOAN501537,Home,2545000.0,240,7.76,20908.85,37.44,0.3,1,Fair,Rented,South,Active,Non-Defaulted,0,Fair,Lower-Middle Income,High DTI
CUST101538,Female,40,Post Graduate,Business,Single,3,734400.0,772.0,1,LOAN501538,Auto,909000.0,24,6.5,40492.54,74.97,14.9,0,Excellent,Rented,West,Active,Non-Defaulted,0,Very Good,Upper-Middle Income,Very High DTI
CUST101539,Male,21,High School,Salaried,Married,2,632300.0,616.0,3,LOAN501539,Auto,1255000.0,72,9.56,22972.43,61.06,0.5,0,Fair,Rented,West,Overdue,Defaulted,1,Fair,Lower-Middle Income,Very High DTI
CUST101540,Male,46,Post Graduate,Unemployed,Single,0,193600.0,622.0,0,LOAN501540,Personal,241000.0,60,13.35,5526.77,34.26,10.6,0,Fair,Owned,South,Defaulted,Defaulted,1,Fair,Low Income,Moderate DTI
CUST101541,Female,37,Graduate,Unemployed,Married,2,200900.0,686.0,1,LOAN501541,Home,3884000.0,180,6.99,34888.78,75.0,12.4,1,Good,Mortgaged,East,Defaulted,Defaulted,1,Good,Low Income,Very High DTI
CUST101542,Male,43,High School,Salaried,Single,1,406400.0,636.0,1,LOAN501542,Auto,403000.0,72,9.45,7354.62,29.5,16.8,1,Fair,Mortgaged,West,Active,Non-Defaulted,0,Fair,Lower-Middle Income,Moderate DTI
CUST101543,Female,28,Graduate,Salaried,Single,3,819100.0,628.0,1,LOAN501543,Personal,347000.0,36,11.75,11483.98,23.3,3.4,1,Fair,Family,South,Active,Non-Defaulted,0,Fair,Upper-Middle Income,Moderate DTI
CUST101544,Male,52,High School,Self-Employed,Married,1,855000.0,697.0,0,LOAN501544,Personal,542000.0,24,12.35,25602.5,35.93,26.1,0,Good,Owned,South,Active,Non-Defaulted,0,Good,Upper-Middle Income,High DTI
CUST101545,Female,49,Post Graduate,Salaried,Married,2,471500.0,585.0,1,LOAN501545,Auto,1517000.0,24,11.01,70711.13,75.0,20.2,1,Poor,Owned,North,Active,Non-Defaulted,0,Fair,Lower-Middle Income,Very High DTI
CUST101546,Male,44,Post Graduate,Salaried,Married,0,1416100.0,619.0,0,LOAN501546,Home,4062000.0,180,7.74,38211.36,32.38,11.4,0,Fair,Family,Central,Overdue,Defaulted,1,Fair,High Income,Moderate DTI
CUST101547,Female,37,High School,Self-Employed,Single,1,558900.0,834.0,4,LOAN501547,Personal,591000.0,48,8.17,14475.24,75.0,9.0,1,Good,Family,North,Closed,Non-Defaulted,0,Excellent,Lower-Middle Income,Very High DTI
CUST101548,Female,44,Graduate,Salaried,Single,4,1422600.0,722.0,1,LOAN501548,Home,2116000.0,240,6.5,15776.33,15.09,17.3,0,Good,Rented,North,Active,Non-Defaulted,0,Good,High Income,Low DTI
CUST101549,Male,30,Post Graduate,Business,Married,3,597000.0,638.0,1,LOAN501549,Business,542000.0,12,9.46,47514.4,75.0,3.9,1,Fair,Owned,East,Closed,Non-Defaulted,0,Fair,Lower-Middle Income,Very High DTI
CUST101550,Female,47,Professional,Salaried,Divorced,0,258000.0,719.0,1,LOAN501550,Personal,213000.0,24,10.0,9828.87,67.14,15.0,0,Good,Rented,Central,Active,Non-Defaulted,0,Good,Low Income,Very High DTI
CUST101551,Female,56,Graduate,Salaried,Married,1,827800.0,730.0,1,LOAN501551,Auto,1577000.0,60,6.5,30855.82,51.41,24.3,0,Good,Mortgaged,South,Closed,Non-Defaulted,0,Good,Upper-Middle Income,Very High DTI
CUST101552,Female,50,Professional,Salaried,Married,1,769000.0,760.0,1,LOAN501552,Personal,693000.0,12,10.95,61232.33,75.0,18.0,0,Excellent,Rented,West,Active,Non-Defaulted,0,Very Good,Upper-Middle Income,Very High DTI
CUST101553,Female,30,Graduate,Unemployed,Married,2,277500.0,681.0,1,LOAN501553,Personal,764000.0,36,12.45,25540.25,75.0,6.5,0,Good,Owned,West,Active,Non-Defaulted,0,Good,Low Income,Very High DTI
CUST101554,Female,42,Graduate,Self-Employed,Married,2,477600.0,758.0,1,LOAN501554,Personal,107000.0,24,9.76,4925.66,19.55,13.3,0,Excellent,Owned,East,Active,Non-Defaulted,0,Very Good,Lower-Middle Income,Low DTI
CUST101555,Male,24,Post Graduate,Business,Married,2,799100.0,547.0,0,LOAN501555,Home,2916000.0,240,10.06,28256.05,42.43,1.5,0,Poor,Mortgaged,West,Active,Non-Defaulted,0,Poor,Upper-Middle Income,High DTI
CUST101556,Male,44,Graduate,Salaried,Married,1,534000.0,616.0,0,LOAN501556,Education,1008000.0,84,11.48,17514.86,39.36,12.4,0,Fair,Owned,North,Closed,Non-Defaulted,0,Fair,Lower-Middle Income,High DTI
CUST101557,Female,43,Graduate,Salaried,Married,3,590300.0,701.0,1,LOAN501557,Personal,583000.0,24,11.87,27408.45,59.05,13.7,0,Good,Rented,Central,Active,Non-Defaulted,0,Good,Lower-Middle Income,Very High DTI
CUST101558,Male,21,Graduate,Salaried,Married,1,1022200.0,713.0,2,LOAN501558,Auto,1212000.0,72,9.97,22434.98,39.51,0.8,0,Good,Rented,West,Active,Non-Defaulted,0,Good,High Income,High DTI
CUST101559,Female,25,Post Graduate,Salaried,Married,0,745600.0,626.0,0,LOAN501559,Home,3965000.0,240,8.69,34887.48,56.15,3.4,0,Fair,Rented,Central,Overdue,Defaulted,1,Fair,Upper-Middle Income,Very High DTI
CUST101560,Female,35,Post Graduate,Salaried,Single,2,914600.0,708.0,0,LOAN501560,Personal,320000.0,24,12.41,15124.85,19.84,7.9,2,Fair,Mortgaged,West,Active,Non-Defaulted,0,Good,Upper-Middle Income,Low DTI
CUST101561,Male,35,Graduate,Self-Employed,Single,4,581500.0,646.0,0,LOAN501561,Home,1307000.0,240,8.17,11070.96,22.85,13.3,0,Fair,Rented,Central,Active,Non-Defaulted,0,Fair,Lower-Middle Income,Moderate DTI
CUST101562,Male,25,Graduate,Salaried,Single,2,579200.0,671.0,4,LOAN501562,Education,386000.0,36,9.3,12328.66,69.44,1.6,0,Fair,Owned,South,Defaulted,Defaulted,1,Good,Lower-Middle Income,Very High DTI
CUST101563,Female,42,Graduate,Unemployed,Married,2,156900.0,762.0,2,LOAN501563,Education,117000.0,84,8.46,1850.52,75.0,8.5,0,Excellent,Owned,South,Active,Non-Defaulted,0,Very Good,Low Income,Very High DTI
CUST101564,Male,41,Graduate,Salaried,Single,2,571400.0,754.0,1,LOAN501564,Education,590000.0,60,8.48,12099.07,35.41,9.9,0,Excellent,Mortgaged,South,Active,Non-Defaulted,0,Very Good,Lower-Middle Income,High DTI
CUST101565,Female,36,High School,Unemployed,Single,3,120000.0,620.0,3,LOAN501565,Home,913000.0,300,7.93,7004.4,75.0,6.4,0,Fair,Owned,North,Defaulted,Defaulted,1,Fair,Low Income,Very High DTI
CUST101566,Male,30,Post Graduate,Salaried,Married,1,514100.0,616.0,1,LOAN501566,Education,550000.0,36,9.59,17641.27,52.51,6.6,0,Fair,Owned,West,Active,Non-Defaulted,0,Fair,Lower-Middle Income,Very High DTI
CUST101567,Female,50,Graduate,Salaried,Married,1,656200.0,661.0,4,LOAN501567,Personal,521000.0,12,11.88,46260.98,75.0,8.3,0,Fair,Mortgaged,North,Overdue,Defaulted,1,Fair,Lower-Middle Income,Very High DTI
CUST101568,Male,56,Graduate,Salaried,Married,4,894600.0,688.0,0,LOAN501568,Auto,1626000.0,24,6.53,72454.25,75.0,13.2,0,Good,Rented,North,Active,Non-Defaulted,0,Good,Upper-Middle Income,Very High DTI
CUST101569,Female,33,High School,Salaried,Married,3,599900.0,644.0,0,LOAN501569,Business,2551000.0,48,10.9,65808.11,75.0,5.7,0,Fair,Family,West,Active,Non-Defaulted,0,Fair,Lower-Middle Income,Very High DTI
CUST101570,Male,31,High School,Self-Employed,Married,1,768100.0,763.0,1,LOAN501570,Personal,240000.0,36,8.98,7629.7,16.48,7.6,1,Good,Mortgaged,Central,Active,Non-Defaulted,0,Very Good,Upper-Middle Income,Low DTI
CUST101571,Female,43,Professional,Salaried,Married,1,239700.0,714.0,1,LOAN501571,Home,1103000.0,240,6.5,8223.67,59.92,18.8,0,Good,Owned,West,Active,Non-Defaulted,0,Good,Low Income,Very High DTI
CUST101572,Male,34,Graduate,Salaried,Married,1,664100.0,718.0,1,LOAN501572,Auto,469000.0,36,7.1,14502.81,35.23,10.8,0,Good,Owned,West,Active,Non-Defaulted,0,Good,Lower-Middle Income,High DTI
CUST101573,Female,36,High School,Self-Employed,Married,0,290300.0,601.0,0,LOAN501573,Auto,1752000.0,60,10.75,37874.65,75.0,5.9,3,Fair,Mortgaged,East,Closed,Non-Defaulted,0,Fair,Low Income,Very High DTI
CUST101574,Female,46,Graduate,Self-Employed,Single,4,363900.0,772.0,1,LOAN501574,Personal,462000.0,36,10.25,14961.73,57.41,16.1,0,Excellent,Owned,Central,Active,Non-Defaulted,0,Very Good,Low Income,Very High DTI
CUST101575,Male,21,Graduate,Business,Divorced,1,742700.0,493.0,0,LOAN501575,Business,711000.0,24,13.98,34130.44,55.15,0.3,0,Poor,Owned,East,Closed,Non-Defaulted,0,Poor,Upper-Middle Income,Very High DTI
CUST101576,Male,53,High School,Salaried,Single,3,1259400.0,748.0,0,LOAN501576,Auto,1537000.0,72,6.95,26167.44,24.93,14.9,0,Excellent,Rented,Central,Active,Non-Defaulted,0,Very Good,High Income,Moderate DTI
CUST101577,Male,39,Graduate,Self-Employed,Single,0,776800.0,755.0,3,LOAN501577,Personal,346000.0,36,11.14,11350.55,34.57,14.7,0,Excellent,Rented,North,Active,Non-Defaulted,0,Very Good,Upper-Middle Income,Moderate DTI
CUST101578,Female,33,Graduate,Self-Employed,Married,1,655700.0,660.0,3,LOAN501578,Personal,724000.0,36,12.72,24296.89,66.02,7.1,0,Fair,Owned,West,Closed,Non-Defaulted,0,Fair,Lower-Middle Income,Very High DTI
CUST101579,Female,37,Graduate,Salaried,Single,0,676100.0,779.0,4,LOAN501579,Education,465000.0,36,7.37,14436.64,49.98,5.9,2,Fair,Rented,East,Active,Non-Defaulted,0,Very Good,Lower-Middle Income,High DTI
CUST101580,Male,38,Graduate,Salaried,Divorced,2,484600.0,686.0,2,LOAN501580,Personal,345000.0,60,12.71,7798.69,41.52,9.6,0,Good,Rented,East,Active,Non-Defaulted,0,Good,Lower-Middle Income,High DTI
CUST101581,Male,21,Graduate,Salaried,Married,2,525700.0,694.0,1,LOAN501581,Personal,429000.0,36,11.02,14048.97,39.89,0.4,0,Good,Mortgaged,West,Active,Non-Defaulted,0,Good,Lower-Middle Income,High DTI
CUST101582,Male,54,Professional,Salaried,Married,2,837900.0,714.0,1,LOAN501582,Auto,1623000.0,72,8.15,28575.47,49.17,17.2,1,Good,Owned,West,Closed,Non-Defaulted,0,Good,Upper-Middle Income,High DTI
CUST101583,Female,38,Graduate,Salaried,Married,0,351000.0,850.0,0,LOAN501583,Auto,1583000.0,36,6.5,48517.37,75.0,10.2,2,Fair,Family,Central,Active,Non-Defaulted,0,Excellent,Low Income,Very High DTI
CUST101584,Male,43,Graduate,Salaried,Married,0,907300.0,784.0,0,LOAN501584,Auto,1098000.0,48,6.5,26039.02,34.44,11.0,0,Excellent,Rented,North,Active,Non-Defaulted,0,Very Good,Upper-Middle Income,Moderate DTI
CUST101585,Female,48,Graduate,Self-Employed,Single,0,539400.0,739.0,0,LOAN501585,Home,1498000.0,240,6.5,11168.69,24.85,9.1,1,Good,Owned,North,Defaulted,Defaulted,1,Good,Lower-Middle Income,Moderate DTI
CUST101586,Male,27,Graduate,Self-Employed,Married,1,966100.0,626.0,3,LOAN501586,Education,665000.0,36,10.92,21746.06,37.32,4.3,0,Fair,Rented,North,Closed,Non-Defaulted,0,Fair,Upper-Middle Income,High DTI
CUST101587,Female,43,Post Graduate,Unemployed,Married,2,433000.0,700.0,0,LOAN501587,Business,2932000.0,84,10.58,49557.84,75.0,18.4,0,Good,Mortgaged,North,Active,Non-Defaulted,0,Good,Lower-Middle Income,Very High DTI
CUST101588,Male,35,High School,Self-Employed,Married,2,291200.0,633.0,3,LOAN501588,Personal,506000.0,36,11.25,16625.76,75.0,11.2,0,Fair,Rented,South,Active,Non-Defaulted,0,Fair,Low Income,Very High DTI
CUST101589,Male,47,Post Graduate,Salaried,Married,2,516300.0,748.0,1,LOAN501589,Auto,1439000.0,24,7.9,65016.46,75.0,18.4,0,Excellent,Mortgaged,West,Closed,Non-Defaulted,0,Very Good,Lower-Middle Income,Very High DTI
CUST101590,Female,21,High School,Business,Single,1,538900.0,700.0,2,LOAN501590,Business,1460000.0,60,11.99,32469.52,75.0,0.6,0,Good,Mortgaged,East,Closed,Non-Defaulted,0,Good,Lower-Middle Income,Very High DTI
CUST101591,Female,37,Graduate,Business,Single,1,340400.0,611.0,0,LOAN501591,Auto,1028000.0,72,9.14,18601.76,65.58,4.3,0,Fair,Rented,West,Active,Non-Defaulted,0,Fair,Low Income,Very High DTI
CUST101592,Female,31,Post Graduate,Salaried,Single,0,415800.0,696.0,0,LOAN501592,Auto,858000.0,36,7.55,26708.84,75.0,7.1,0,Good,Rented,East,Active,Non-Defaulted,0,Good,Lower-Middle Income,Very High DTI
CUST101593,Male,43,Graduate,Self-Employed,Married,0,2098100.0,631.0,3,LOAN501593,Personal,577000.0,12,12.35,51360.27,35.42,11.1,0,Fair,Owned,East,Active,Non-Defaulted,0,Fair,High Income,High DTI
CUST101594,Male,43,Graduate,Unemployed,Married,3,365800.0,701.0,0,LOAN501594,Home,4332000.0,240,8.46,37484.5,75.0,7.5,0,Good,Owned,North,Closed,Non-Defaulted,0,Good,Low Income,Very High DTI
CUST101595,Female,30,High School,Salaried,Married,2,1713100.0,630.0,0,LOAN501595,Auto,987000.0,24,9.02,45099.9,31.59,5.4,2,Fair,Mortgaged,West,Active,Non-Defaulted,0,Fair,High Income,Moderate DTI
CUST101596,Female,30,Post Graduate,Business,Married,0,1209600.0,692.0,0,LOAN501596,Auto,943000.0,72,10.19,17560.35,17.42,7.3,0,Good,Mortgaged,West,Active,Non-Defaulted,0,Good,High Income,Low DTI
CUST101597,Male,37,High School,Salaried,Married,0,478000.0,743.0,0,LOAN501597,Business,1153000.0,60,8.37,23583.39,59.21,14.9,0,Excellent,Owned,South,Active,Non-Defaulted,0,Very Good,Lower-Middle Income,Very High DTI
CUST101598,Male,28,Post Graduate,Salaried,Married,3,568200.0,686.0,0,LOAN501598,Personal,183000.0,24,11.54,8575.19,18.11,3.9,1,Good,Rented,South,Active,Non-Defaulted,0,Good,Lower-Middle Income,Low DTI
CUST101599,Male,47,High School,Salaried,Single,2,905300.0,663.0,1,LOAN501599,Personal,754000.0,60,10.06,16042.54,28.87,16.3,0,Fair,Owned,South,Active,Non-Defaulted,0,Fair,Upper-Middle Income,Moderate DTI
CUST101600,Female,34,Post Graduate,Self-Employed,Single,2,801900.0,704.0,1,LOAN501600,Personal,287000.0,12,10.09,25243.87,40.61,11.2,0,Good,Rented,West,Active,Non-Defaulted,0,Good,Upper-Middle Income,High DTI
CUST101601,Male,21,Graduate,Business,Divorced,1,615800.0,739.0,1,LOAN501601,Auto,1471000.0,48,7.28,35416.33,72.97,0.5,0,Good,Rented,West,Active,Non-Defaulted,0,Good,Lower-Middle Income,Very High DTI
CUST101602,Male,34,Post Graduate,Unemployed,Married,0,132200.0,612.0,0,LOAN501602,Personal,587000.0,36,12.95,19764.22,75.0,4.8,0,Fair,Owned,East,Closed,Non-Defaulted,0,Fair,Low Income,Very High DTI
CUST101603,Male,27,Graduate,Salaried,Divorced,4,3307300.0,708.0,2,LOAN501603,Auto,1455000.0,24,9.3,66671.75,27.02,3.0,0,Good,Rented,South,Closed,Non-Defaulted,0,Good,High Income,Moderate DTI
CUST101604,Male,21,Professional,Salaried,Single,2,637800.0,782.0,2,LOAN501604,Home,4715000.0,300,6.5,31836.02,75.0,0.8,2,Fair,Family,North,Closed,Non-Defaulted,0,Very Good,Lower-Middle Income,Very High DTI
CUST101605,Male,24,High School,Business,Married,1,694900.0,730.0,0,LOAN501605,Home,3305000.0,300,6.98,23316.9,40.27,1.4,0,Good,Owned,North,Closed,Non-Defaulted,0,Good,Lower-Middle Income,High DTI
CUST101606,Male,39,High School,Self-Employed,Single,3,686300.0,694.0,1,LOAN501606,Personal,723000.0,24,9.87,33319.42,67.16,8.8,0,Good,Family,North,Active,Non-Defaulted,0,Good,Lower-Middle Income,Very High DTI
CUST101607,Male,53,Graduate,Salaried,Single,2,607400.0,735.0,0,LOAN501607,Education,335000.0,84,9.28,5437.57,10.74,18.2,0,Good,Rented,North,Active,Non-Defaulted,0,Good,Lower-Middle Income,Low DTI
CUST101608,Female,41,High School,Salaried,Married,1,723900.0,722.0,2,LOAN501608,Auto,1184000.0,24,9.11,54150.51,75.0,16.8,0,Good,Rented,North,Active,Non-Defaulted,0,Good,Upper-Middle Income,Very High DTI
CUST101609,Male,31,High School,Self-Employed,Single,1,1205600.0,743.0,2,LOAN501609,Business,2362000.0,12,10.46,208163.0,75.0,9.5,0,Excellent,Owned,East,Active,Non-Defaulted,0,Very Good,High Income,Very High DTI
CUST101610,Male,43,Professional,Self-Employed,Single,0,612300.0,548.0,3,LOAN501610,Auto,598000.0,72,11.97,11681.69,33.26,12.1,0,Poor,Rented,South,Active,Non-Defaulted,0,Poor,Lower-Middle Income,Moderate DTI
CUST101611,Female,33,Professional,Salaried,Single,0,390600.0,581.0,0,LOAN501611,Personal,606000.0,60,13.15,13834.94,42.5,11.1,0,Poor,Mortgaged,South,Active,Non-Defaulted,0,Fair,Low Income,High DTI
CUST101612,Female,30,Graduate,Salaried,Single,2,631500.0,760.0,1,LOAN501612,Personal,634000.0,24,10.3,29343.75,58.77,3.5,1,Good,Rented,East,Closed,Non-Defaulted,0,Very Good,Lower-Middle Income,Very High DTI
CUST101613,Male,25,Professional,Unemployed,Married,0,218500.0,585.0,0,LOAN501613,Business,2527000.0,24,12.17,119155.38,75.0,1.8,0,Poor,Rented,West,Active,Non-Defaulted,0,Fair,Low Income,Very High DTI
CUST101614,Male,21,Graduate,Self-Employed,Married,3,1287500.0,718.0,1,LOAN501614,Auto,666000.0,36,7.83,20817.83,22.08,0.9,2,Fair,Rented,East,Overdue,Defaulted,1,Good,High Income,Moderate DTI
CUST101615,Male,34,Graduate,Salaried,Single,4,1197400.0,665.0,1,LOAN501615,Personal,561000.0,12,10.99,49579.49,53.68,8.1,0,Fair,Owned,South,Active,Non-Defaulted,0,Fair,High Income,Very High DTI
CUST101616,Female,40,Post Graduate,Salaried,Single,0,718700.0,620.0,0,LOAN501616,Auto,652000.0,24,9.92,30062.42,50.19,7.4,0,Fair,Owned,West,Closed,Non-Defaulted,0,Fair,Upper-Middle Income,Very High DTI
CUST101617,Female,37,Graduate,Self-Employed,Single,1,351800.0,714.0,2,LOAN501617,Home,3826000.0,300,7.27,27703.91,75.0,9.6,0,Good,Owned,Central,Closed,Non-Defaulted,0,Good,Low Income,Very High DTI
CUST101618,Female,33,Professional,Salaried,Married,3,378900.0,704.0,1,LOAN501618,Personal,397000.0,60,12.01,8833.05,34.9,9.9,0,Good,Rented,South,Active,Non-Defaulted,0,Good,Low Income,Moderate DTI
CUST101619,Female,28,Graduate,Salaried,Single,2,687500.0,838.0,2,LOAN501619,Personal,498000.0,36,9.01,15838.58,37.91,6.3,0,Excellent,Owned,North,Active,Non-Defaulted,0,Excellent,Lower-Middle Income,High DTI
CUST101620,Female,45,Post Graduate,Salaried,Married,2,802100.0,646.0,0,LOAN501620,Education,682000.0,84,10.75,11588.05,17.34,20.3,0,Fair,Mortgaged,Central,Active,Non-Defaulted,0,Fair,Upper-Middle Income,Low DTI
CUST101621,Male,24,High School,Salaried,Single,1,570200.0,791.0,3,LOAN501621,Personal,171000.0,24,8.72,7790.14,53.47,2.5,1,Good,Mortgaged,Central,Closed,Non-Defaulted,0,Very Good,Lower-Middle Income,Very High DTI
CUST101622,Male,47,High School,Self-Employed,Single,1,516200.0,715.0,4,LOAN501622,Personal,184000.0,48,12.25,4868.04,48.62,22.0,0,Good,Rented,North,Active,Non-Defaulted,0,Good,Lower-Middle Income,High DTI
CUST101623,Female,27,High School,Salaried,Married,2,513500.0,644.0,3,LOAN501623,Personal,108000.0,24,11.87,5077.38,39.19,4.1,1,Fair,Mortgaged,North,Closed,Non-Defaulted,0,Fair,Lower-Middle Income,High DTI
CUST101624,Female,30,Professional,Self-Employed,Married,4,660950.0,746.0,2,LOAN501624,Personal,514000.0,60,8.22,10476.27,25.75,6.4,2,Fair,Family,West,Active,Non-Defaulted,0,Very Good,Lower-Middle Income,Moderate DTI
CUST101625,Male,22,Post Graduate,Salaried,Single,1,217500.0,730.0,2,LOAN501625,Home,4319000.0,180,6.5,37623.13,75.0,1.5,0,Good,Rented,South,Active,Non-Defaulted,0,Good,Low Income,Very High DTI
CUST101626,Female,32,Post Graduate,Salaried,Married,3,402300.0,693.0,1,LOAN501626,Personal,66000.0,12,11.8,5857.85,22.55,6.3,0,Good,Rented,Central,Active,Non-Defaulted,0,Good,Lower-Middle Income,Moderate DTI
CUST101627,Male,49,Graduate,Salaried,Married,0,505100.0,709.0,0,LOAN501627,Personal,100000.0,60,11.02,2175.24,5.17,8.6,1,Good,Owned,South,Closed,Non-Defaulted,0,Good,Lower-Middle Income,Low DTI
CUST101628,Male,44,Graduate,Business,Married,4,1450600.0,648.0,1,LOAN501628,Business,1481000.0,60,9.19,30879.87,28.79,11.5,0,Fair,Owned,Central,Closed,Non-Defaulted,0,Fair,High Income,Moderate DTI
CUST101629,Male,49,High School,Business,Married,2,549800.0,632.0,2,LOAN501629,Home,3820000.0,120,8.54,47444.29,75.0,19.0,1,Fair,Owned,North,Defaulted,Defaulted,1,Fair,Lower-Middle Income,Very High DTI
CUST101630,Male,44,Graduate,Salaried,Married,1,744300.0,743.0,4,LOAN501630,Home,1210000.0,300,6.5,8170.01,35.95,9.0,0,Excellent,Mortgaged,South,Active,Non-Defaulted,0,Very Good,Upper-Middle Income,High DTI
CUST101631,Female,26,Graduate,Self-Employed,Divorced,2,724700.0,674.0,1,LOAN501631,Home,1722000.0,300,6.6,11734.9,29.33,2.1,0,Fair,Rented,Central,Active,Non-Defaulted,0,Good,Upper-Middle Income,Moderate DTI
CUST101632,Male,34,Post Graduate,Self-Employed,Single,1,1211900.0,684.0,0,LOAN501632,Auto,533000.0,36,9.05,16961.66,16.8,6.2,0,Good,Owned,South,Closed,Non-Defaulted,0,Good,High Income,Low DTI
CUST101633,Female,29,Graduate,Unemployed,Married,1,500500.0,710.0,1,LOAN501633,Education,659000.0,120,8.59,8202.41,26.17,2.4,0,Good,Owned,North,Active,Non-Defaulted,0,Good,Lower-Middle Income,Moderate DTI
CUST101634,Female,53,High School,Salaried,Married,0,663900.0,709.0,4,LOAN501634,Personal,219000.0,12,8.99,19150.86,49.3,24.2,0,Good,Rented,Central,Closed,Non-Defaulted,0,Good,Lower-Middle Income,High DTI
CUST101635,Female,25,High School,Self-Employed,Single,0,517400.0,590.0,0,LOAN501635,Business,1187000.0,60,12.88,26935.04,62.47,2.1,0,Poor,Owned,North,Active,Non-Defaulted,0,Fair,Lower-Middle Income,Very High DTI
CUST101636,Male,48,High School,Salaried,Single,1,496300.0,780.0,0,LOAN501636,Education,1120000.0,84,7.63,17250.82,41.71,9.3,0,Excellent,Mortgaged,North,Closed,Non-Defaulted,0,Very Good,Lower-Middle Income,High DTI
CUST101637,Male,48,Graduate,Salaried,Single,2,607900.0,698.0,1,LOAN501637,Auto,1158000.0,36,9.75,37229.63,75.0,19.7,0,Good,Owned,South,Closed,Non-Defaulted,0,Good,Lower-Middle Income,Very High DTI
CUST101638,Male,58,Professional,Unemployed,Married,2,221700.0,676.0,0,LOAN501638,Personal,111000.0,24,10.67,5156.48,27.91,30.3,2,Fair,Rented,East,Active,Non-Defaulted,0,Good,Low Income,Moderate DTI
CUST101639,Female,33,Graduate,Salaried,Married,0,890300.0,720.0,0,LOAN501639,Personal,528000.0,60,10.51,11351.4,15.3,3.4,0,Good,Rented,West,Active,Non-Defaulted,0,Good,Upper-Middle Income,Low DTI
CUST101640,Female,46,Post Graduate,Salaried,Married,3,835100.0,707.0,0,LOAN501640,Auto,937000.0,36,9.14,29857.44,42.9,10.4,2,Fair,Rented,Central,Active,Non-Defaulted,0,Good,Upper-Middle Income,High DTI
CUST101641,Male,63,Graduate,Salaried,Single,2,906700.0,744.0,2,LOAN501641,Education,1408000.0,36,7.19,43597.37,68.32,37.2,0,Excellent,Owned,East,Active,Non-Defaulted,0,Very Good,Upper-Middle Income,Very High DTI
CUST101642,Female,31,Graduate,Self-Employed,Married,4,1189700.0,728.0,0,LOAN501642,Auto,627000.0,36,8.73,19859.74,20.03,5.5,0,Good,Owned,South,Active,Non-Defaulted,0,Good,High Income,Moderate DTI
CUST101643,Male,21,High School,Self-Employed,Married,2,1589500.0,740.0,1,LOAN501643,Personal,595000.0,12,11.44,52709.28,42.87,0.9,0,Excellent,Rented,South,Active,Non-Defaulted,0,Very Good,High Income,High DTI
CUST101644,Female,21,Post Graduate,Salaried,Married,0,724600.0,785.0,2,LOAN501644,Personal,598000.0,24,9.88,27561.56,62.76,0.4,0,Excellent,Rented,West,Active,Non-Defaulted,0,Very Good,Upper-Middle Income,Very High DTI
CUST101645,Male,46,Post Graduate,Unemployed,Married,1,462800.0,752.0,3,LOAN501645,Auto,515000.0,36,7.1,15925.26,71.79,10.2,0,Excellent,Rented,West,Active,Non-Defaulted,0,Very Good,Lower-Middle Income,Very High DTI
CUST101646,Female,21,High School,Salaried,Married,2,576500.0,679.0,4,LOAN501646,Auto,1640000.0,48,7.93,39983.33,75.0,0.4,0,Fair,Rented,Central,Closed,Non-Defaulted,0,Good,Lower-Middle Income,Very High DTI
CUST101647,Male,34,Graduate,Salaried,Married,0,1205400.0,611.0,1,LOAN501647,Personal,418000.0,12,11.98,37134.88,42.05,4.3,1,Fair,Owned,Central,Active,Non-Defaulted,0,Fair,High Income,High DTI
CUST101648,Female,43,Graduate,Business,Married,0,1352400.0,807.0,3,LOAN501648,Personal,559000.0,12,9.48,49009.89,50.79,19.2,0,Excellent,Rented,South,Closed,Non-Defaulted,0,Excellent,High Income,Very High DTI
CUST101649,Female,40,Graduate,Salaried,Married,0,1107400.0,673.0,0,LOAN501649,Home,1156000.0,240,6.5,8618.83,9.34,17.7,2,Fair,Rented,East,Active,Non-Defaulted,0,Good,High Income,Low DTI
CUST101650,Female,43,Professional,Salaried,Married,0,714000.0,657.0,2,LOAN501650,Auto,575000.0,24,8.42,26115.98,49.05,20.0,0,Fair,Rented,East,Closed,Non-Defaulted,0,Fair,Upper-Middle Income,High DTI
CUST101651,Male,40,Graduate,Salaried,Married,1,495200.0,568.0,1,LOAN501651,Auto,1117000.0,36,9.88,35979.55,75.0,16.1,3,Poor,Family,North,Defaulted,Defaulted,1,Poor,Lower-Middle Income,Very High DTI
CUST101652,Male,52,Graduate,Business,Single,1,416000.0,714.0,0,LOAN501652,Education,547000.0,120,7.66,6538.76,18.86,25.6,0,Good,Owned,North,Active,Non-Defaulted,0,Good,Lower-Middle Income,Low DTI
CUST101653,Male,28,High School,Salaried,Single,0,669500.0,700.0,1,LOAN501653,Auto,974000.0,36,8.39,30697.16,65.27,5.4,0,Good,Rented,Central,Active,Non-Defaulted,0,Good,Lower-Middle Income,Very High DTI
CUST101654,Male,31,High School,Unemployed,Single,2,569800.0,584.0,0,LOAN501654,Personal,331000.0,60,11.72,7316.16,15.41,8.7,0,Poor,Family,East,Closed,Non-Defaulted,0,Fair,Lower-Middle Income,Low DTI
CUST101655,Male,30,High School,Business,Married,2,700200.0,722.0,2,LOAN501655,Auto,1207000.0,48,9.01,30041.98,66.72,3.9,1,Good,Mortgaged,East,Active,Non-Defaulted,0,Good,Upper-Middle Income,Very High DTI
CUST101656,Female,47,High School,Salaried,Married,1,994900.0,655.0,1,LOAN501656,Business,1564000.0,12,11.92,138900.98,75.0,13.6,0,Fair,Owned,East,Active,Non-Defaulted,0,Fair,Upper-Middle Income,Very High DTI
CUST101657,Female,48,Post Graduate,Self-Employed,Single,0,974600.0,850.0,1,LOAN501657,Business,213000.0,60,8.86,4407.07,11.56,18.7,0,Excellent,Rented,West,Closed,Non-Defaulted,0,Excellent,Upper-Middle Income,Low DTI
CUST101658,Male,43,Post Graduate,Salaried,Single,0,595600.0,650.0,0,LOAN501658,Business,2019000.0,84,10.57,34115.41,68.73,18.8,0,Fair,Owned,North,Active,Non-Defaulted,0,Fair,Lower-Middle Income,Very High DTI
CUST101659,Male,51,High School,Salaried,Married,1,1283800.0,660.0,0,LOAN501659,Personal,367000.0,60,12.03,8169.28,7.64,21.1,0,Fair,Rented,East,Active,Non-Defaulted,0,Fair,High Income,Low DTI
CUST101660,Male,25,Post Graduate,Business,Married,0,201100.0,629.0,4,LOAN501660,Education,578000.0,120,11.0,7961.95,75.0,4.0,1,Fair,Owned,South,Active,Non-Defaulted,0,Fair,Low Income,Very High DTI
CUST101661,Female,56,High School,Unemployed,Married,1,151800.0,779.0,2,LOAN501661,Education,232000.0,120,7.35,2735.75,75.0,20.1,0,Excellent,Rented,Central,Active,Non-Defaulted,0,Very Good,Low Income,Very High DTI
CUST101662,Male,55,Graduate,Salaried,Married,2,439800.0,664.0,3,LOAN501662,Auto,514000.0,24,8.28,23312.52,75.0,25.1,0,Fair,Mortgaged,East,Active,Non-Defaulted,0,Fair,Lower-Middle Income,Very High DTI
CUST101663,Female,46,Graduate,Salaried,Married,1,460500.0,639.0,0,LOAN501663,Personal,218000.0,24,12.32,10294.62,26.83,23.1,0,Fair,Owned,Central,Active,Non-Defaulted,0,Fair,Lower-Middle Income,Moderate DTI
CUST101664,Male,58,Graduate,Salaried,Married,0,802000.0,739.0,0,LOAN501664,Business,2819000.0,12,9.29,246904.98,75.0,13.3,1,Good,Rented,South,Active,Non-Defaulted,0,Good,Upper-Middle Income,Very High DTI
CUST101665,Female,21,Graduate,Salaried,Married,1,784400.0,593.0,1,LOAN501665,Home,2446000.0,300,7.96,18813.86,37.48,0.9,2,Poor,Rented,Central,Active,Non-Defaulted,0,Fair,Upper-Middle Income,High DTI
CUST101666,Female,32,Graduate,Salaried,Single,2,824600.0,734.0,1,LOAN501666,Personal,82000.0,36,8.11,2573.75,7.83,7.1,0,Good,Mortgaged,Central,Active,Non-Defaulted,0,Good,Upper-Middle Income,Low DTI
CUST101667,Male,30,Graduate,Salaried,Married,3,908600.0,815.0,0,LOAN501667,Personal,154000.0,12,8.11,13404.05,17.7,6.7,0,Excellent,Owned,East,Closed,Non-Defaulted,0,Excellent,Upper-Middle Income,Low DTI
CUST101668,Female,46,Professional,Self-Employed,Married,2,412000.0,730.0,2,LOAN501668,Auto,280000.0,72,6.5,4706.78,27.34,21.3,0,Good,Rented,South,Closed,Non-Defaulted,0,Good,Lower-Middle Income,Moderate DTI
CUST101669,Male,26,High School,Salaried,Married,2,380300.0,735.0,1,LOAN501669,Home,3150000.0,120,6.5,35767.61,75.0,3.1,0,Good,Rented,South,Active,Non-Defaulted,0,Good,Low Income,Very High DTI
CUST101670,Female,46,High School,Salaried,Married,1,825500.0,751.0,0,LOAN501670,Personal,190000.0,24,11.6,8908.51,12.95,13.6,0,Excellent,Rented,West,Closed,Non-Defaulted,0,Very Good,Upper-Middle Income,Low DTI
CUST101671,Male,53,High School,Business,Married,1,600400.0,810.0,0,LOAN501671,Auto,973000.0,36,6.5,29821.48,59.6,19.6,0,Excellent,Rented,East,Closed,Non-Defaulted,0,Excellent,Lower-Middle Income,Very High DTI
CUST101672,Female,46,Graduate,Business,Single,3,382300.0,775.0,1,LOAN501672,Education,618000.0,60,8.0,12530.81,57.02,6.8,0,Excellent,Owned,South,Closed,Non-Defaulted,0,Very Good,Low Income,Very High DTI
CUST101673,Female,41,High School,Salaried,Married,0,1087900.0,721.0,2,LOAN501673,Auto,1476000.0,48,9.04,36758.36,47.09,12.0,0,Good,Rented,East,Closed,Non-Defaulted,0,Good,High Income,High DTI
CUST101674,Female,27,Post Graduate,Salaried,Single,4,1333300.0,753.0,1,LOAN501674,Personal,290000.0,12,8.57,25303.14,25.43,3.1,0,Excellent,Rented,West,Active,Non-Defaulted,0,Very Good,High Income,Moderate DTI
CUST101675,Female,29,Graduate,Self-Employed,Single,2,1372500.0,628.0,1,LOAN501675,Auto,906000.0,60,11.29,19829.92,20.87,7.7,0,Fair,Mortgaged,North,Closed,Non-Defaulted,0,Fair,High Income,Moderate DTI
CUST101676,Male,52,Graduate,Salaried,Single,2,746600.0,744.0,0,LOAN501676,Personal,591000.0,12,10.23,52021.53,75.0,9.8,0,Excellent,Mortgaged,North,Active,Non-Defaulted,0,Very Good,Upper-Middle Income,Very High DTI
CUST101677,Male,47,Graduate,Salaried,Married,0,921700.0,620.0,3,LOAN501677,Personal,375000.0,24,13.9,17987.12,45.28,14.8,0,Fair,Rented,North,Active,Non-Defaulted,0,Fair,Upper-Middle Income,High DTI
CUST101678,Male,38,High School,Self-Employed,Married,2,1254500.0,664.0,3,LOAN501678,Home,4069000.0,300,8.02,31459.13,39.28,15.6,0,Fair,Rented,South,Closed,Non-Defaulted,0,Fair,High Income,High DTI
CUST101679,Male,33,High School,Salaried,Married,1,501600.0,474.0,1,LOAN501679,Education,1026000.0,84,12.51,18392.72,52.87,10.9,0,Poor,Rented,South,Active,Non-Defaulted,0,Poor,Lower-Middle Income,Very High DTI
CUST101680,Female,21,Graduate,Salaried,Married,0,1163200.0,718.0,0,LOAN501680,Home,2347000.0,300,6.5,15847.11,16.35,0.7,1,Good,Rented,West,Defaulted,Defaulted,1,Good,High Income,Low DTI
CUST101681,Male,26,Graduate,Salaried,Married,1,779000.0,645.0,1,LOAN501681,Personal,428000.0,12,10.98,37823.36,66.0,3.8,0,Fair,Mortgaged,South,Active,Non-Defaulted,0,Fair,Upper-Middle Income,Very High DTI
CUST101682,Female,59,High School,Salaried,Married,3,1058200.0,768.0,1,LOAN501682,Home,4852000.0,240,6.56,36346.8,45.8,16.9,1,Good,Rented,North,Closed,Non-Defaulted,0,Very Good,High Income,High DTI
CUST101683,Female,24,High School,Salaried,Married,1,746300.0,717.0,4,LOAN501683,Home,3477000.0,120,8.33,42794.34,75.0,2.0,0,Good,Rented,East,Closed,Non-Defaulted,0,Good,Upper-Middle Income,Very High DTI
CUST101684,Female,40,Professional,Unemployed,Married,1,508600.0,769.0,4,LOAN501684,Business,2734000.0,84,7.55,42002.34,75.0,6.2,0,Excellent,Owned,Central,Active,Non-Defaulted,0,Very Good,Lower-Middle Income,Very High DTI
CUST101685,Male,49,High School,Salaried,Married,0,759800.0,614.0,2,LOAN501685,Business,701000.0,12,11.69,62181.39,75.0,22.1,0,Fair,Mortgaged,South,Active,Non-Defaulted,0,Fair,Upper-Middle Income,Very High DTI
CUST101686,Female,24,Post Graduate,Salaried,Married,2,334800.0,763.0,0,LOAN501686,Personal,412000.0,60,9.52,8656.79,31.03,1.8,0,Excellent,Rented,Central,Active,Non-Defaulted,0,Very Good,Low Income,Moderate DTI
CUST101687,Female,40,Post Graduate,Salaried,Married,2,1370200.0,837.0,3,LOAN501687,Personal,731000.0,12,9.05,63943.98,60.21,13.7,0,Excellent,Family,North,Active,Non-Defaulted,0,Excellent,High Income,Very High DTI
CUST101688,Male,48,Graduate,Business,Married,2,515600.0,743.0,1,LOAN501688,Personal,292000.0,12,10.41,25727.15,71.97,13.5,0,Excellent,Owned,North,Closed,Non-Defaulted,0,Very Good,Lower-Middle Income,Very High DTI
CUST101689,Female,38,High School,Salaried,Single,1,1245400.0,745.0,2,LOAN501689,Education,1455000.0,120,7.72,17438.63,24.82,9.9,2,Fair,Owned,West,Closed,Non-Defaulted,0,Very Good,High Income,Moderate DTI
CUST101690,Female,68,High School,Salaried,Single,1,653600.0,702.0,1,LOAN501690,Personal,123000.0,12,11.7,10911.15,27.07,29.3,0,Good,Owned,East,Active,Non-Defaulted,0,Good,Lower-Middle Income,Moderate DTI
CUST101691,Male,21,Post Graduate,Business,Married,2,1428800.0,653.0,0,LOAN501691,Personal,727000.0,24,11.25,33968.34,28.53,0.8,0,Fair,Mortgaged,West,Defaulted,Defaulted,1,Fair,High Income,Moderate DTI
CUST101692,Male,50,Graduate,Salaried,Single,0,1176700.0,743.0,1,LOAN501692,Home,2503000.0,240,6.5,18661.7,24.14,11.6,0,Excellent,Owned,Central,Closed,Non-Defaulted,0,Very Good,High Income,Moderate DTI
CUST101693,Male,36,Post Graduate,Salaried,Single,4,839000.0,585.0,0,LOAN501693,Personal,105000.0,60,13.94,2439.9,5.0,8.1,0,Poor,Rented,South,Active,Non-Defaulted,0,Fair,Upper-Middle Income,Low DTI
CUST101694,Male,46,Professional,Salaried,Married,2,871200.0,661.0,1,LOAN501694,Personal,710000.0,36,11.08,23271.4,38.63,8.7,0,Fair,Rented,West,Active,Non-Defaulted,0,Fair,Upper-Middle Income,High DTI
CUST101695,Male,43,Post Graduate,Salaried,Single,1,836000.0,566.0,2,LOAN501695,Home,1634000.0,300,9.15,13880.7,24.44,6.9,0,Poor,Rented,East,Active,Non-Defaulted,0,Poor,Upper-Middle Income,Moderate DTI
CUST101696,Male,30,High School,Salaried,Married,1,259600.0,641.0,0,LOAN501696,Personal,67000.0,60,11.6,1476.87,6.83,6.4,0,Fair,Owned,Central,Active,Non-Defaulted,0,Fair,Low Income,Low DTI
CUST101697,Male,41,Graduate,Self-Employed,Married,3,688000.0,735.0,0,LOAN501697,Home,1111000.0,180,6.92,9936.36,17.33,7.8,0,Good,Rented,South,Closed,Non-Defaulted,0,Good,Lower-Middle Income,Low DTI
CUST101698,Male,21,Post Graduate,Salaried,Married,0,399400.0,725.0,0,LOAN501698,Business,2046000.0,60,10.1,43572.19,75.0,0.3,0,Good,Rented,North,Active,Non-Defaulted,0,Good,Low Income,Very High DTI
CUST101699,Female,45,High School,Self-Employed,Single,1,705700.0,694.0,1,LOAN501699,Personal,783000.0,36,10.69,25519.62,48.0,20.8,0,Good,Owned,East,Closed,Non-Defaulted,0,Good,Upper-Middle Income,High DTI
CUST101700,Male,41,High School,Salaried,Single,2,394300.0,702.0,4,LOAN501700,Home,1002000.0,180,7.4,9231.82,54.98,12.5,0,Good,Mortgaged,Central,Active,Non-Defaulted,0,Good,Low Income,Very High DTI
CUST101701,Female,45,Post Graduate,Salaried,Married,1,386400.0,558.0,0,LOAN501701,Business,1493000.0,60,9.94,31677.78,75.0,8.4,0,Poor,Rented,North,Overdue,Defaulted,1,Poor,Low Income,Very High DTI
CUST101702,Male,50,Graduate,Salaried,Single,2,1474600.0,664.0,0,LOAN501702,Business,706000.0,24,11.68,33128.47,26.96,8.5,0,Fair,Rented,South,Active,Non-Defaulted,0,Fair,High Income,Moderate DTI
CUST101703,Male,42,Professional,Business,Single,0,1357600.0,642.0,3,LOAN501703,Home,3853000.0,180,9.04,39171.43,50.45,7.2,0,Fair,Rented,South,Active,Non-Defaulted,0,Fair,High Income,Very High DTI
CUST101704,Male,40,Graduate,Salaried,Single,2,681100.0,644.0,3,LOAN501704,Auto,345000.0,36,8.7,10922.8,40.97,11.1,1,Fair,Owned,West,Active,Non-Defaulted,0,Fair,Lower-Middle Income,High DTI
CUST101705,Male,28,High School,Self-Employed,Single,0,710300.0,732.0,0,LOAN501705,Personal,230000.0,48,9.82,5813.53,9.82,5.5,2,Fair,Rented,South,Closed,Non-Defaulted,0,Good,Upper-Middle Income,Low DTI
CUST101706,Male,30,Professional,Salaried,Single,0,605900.0,630.0,2,LOAN501706,Auto,474000.0,48,9.4,11885.74,33.42,6.7,0,Fair,Mortgaged,South,Closed,Non-Defaulted,0,Fair,Lower-Middle Income,Moderate DTI
CUST101707,Female,51,Graduate,Salaried,Married,3,897200.0,648.0,1,LOAN501707,Business,1747000.0,48,10.23,44501.65,63.99,10.7,0,Fair,Rented,East,Closed,Non-Defaulted,0,Fair,Upper-Middle Income,Very High DTI
CUST101708,Male,54,Graduate,Salaried,Single,2,493400.0,544.0,2,LOAN501708,Home,4429000.0,240,9.15,40277.13,75.0,22.5,0,Poor,Rented,North,Defaulted,Defaulted,1,Poor,Lower-Middle Income,Very High DTI
CUST101709,Female,35,Graduate,Salaried,Single,1,1099700.0,669.0,1,LOAN501709,Home,2800000.0,240,7.97,23368.07,30.88,7.7,0,Fair,Owned,North,Active,Non-Defaulted,0,Fair,High Income,Moderate DTI
CUST101710,Female,39,High School,Salaried,Married,0,604400.0,614.0,4,LOAN501710,Personal,94000.0,12,13.46,8416.12,40.46,10.5,0,Fair,Owned,South,Closed,Non-Defaulted,0,Fair,Lower-Middle Income,High DTI
CUST101711,Male,28,Graduate,Salaried,Divorced,2,557900.0,696.0,0,LOAN501711,Auto,1080000.0,36,8.59,34138.0,73.43,6.2,1,Good,Owned,South,Active,Non-Defaulted,0,Good,Lower-Middle Income,Very High DTI
CUST101712,Male,51,High School,Self-Employed,Single,1,656800.0,623.0,0,LOAN501712,Auto,1466000.0,60,12.47,32959.61,60.22,14.4,0,Fair,Owned,South,Closed,Non-Defaulted,0,Fair,Lower-Middle Income,Very High DTI
CUST101713,Female,45,Graduate,Salaried,Single,4,513900.0,697.0,1,LOAN501713,Auto,368000.0,36,9.5,11788.13,41.42,8.6,0,Good,Owned,North,Active,Non-Defaulted,0,Good,Lower-Middle Income,High DTI
CUST101714,Male,59,Graduate,Salaried,Married,4,799100.0,680.0,1,LOAN501714,Personal,105000.0,24,12.2,4952.53,10.85,31.9,0,Good,Rented,South,Active,Non-Defaulted,0,Good,Upper-Middle Income,Low DTI
CUST101715,Male,28,Post Graduate,Salaried,Married,2,527300.0,807.0,3,LOAN501715,Home,1345000.0,120,6.5,15272.2,45.04,3.1,1,Good,Rented,West,Active,Non-Defaulted,0,Excellent,Lower-Middle Income,High DTI
CUST101716,Female,34,Post Graduate,Salaried,Married,1,854600.0,725.0,1,LOAN501716,Auto,1381000.0,36,7.84,43173.66,66.49,6.2,0,Good,Rented,South,Closed,Non-Defaulted,0,Good,Upper-Middle Income,Very High DTI
CUST101717,Male,41,High School,Self-Employed,Married,1,1165200.0,561.0,0,LOAN501717,Personal,494000.0,48,14.11,13526.55,13.93,14.9,1,Poor,Rented,East,Defaulted,Defaulted,1,Poor,High Income,Low DTI
CUST101718,Female,45,Graduate,Salaried,Single,2,483200.0,601.0,1,LOAN501718,Personal,455000.0,36,13.08,15348.29,49.07,17.4,0,Fair,Rented,North,Defaulted,Defaulted,1,Fair,Lower-Middle Income,High DTI
CUST101719,Female,36,Graduate,Salaried,Married,0,641000.0,694.0,1,LOAN501719,Personal,237000.0,60,12.26,5303.13,13.46,12.3,0,Good,Family,North,Active,Non-Defaulted,0,Good,Lower-Middle Income,Low DTI
CUST101720,Male,28,High School,Self-Employed,Single,1,811100.0,625.0,3,LOAN501720,Auto,698000.0,60,9.27,14580.97,39.02,3.0,2,Fair,Owned,Central,Active,Non-Defaulted,0,Fair,Upper-Middle Income,High DTI
CUST101721,Male,48,Post Graduate,Business,Married,0,659100.0,482.0,1,LOAN501721,Auto,1744000.0,24,11.79,81925.21,75.0,13.4,2,Poor,Rented,South,Defaulted,Defaulted,1,Poor,Lower-Middle Income,Very High DTI
CUST101722,Male,46,Post Graduate,Salaried,Married,0,852900.0,784.0,1,LOAN501722,Education,437000.0,36,8.57,13809.19,21.58,8.6,0,Excellent,Owned,South,Active,Non-Defaulted,0,Very Good,Upper-Middle Income,Moderate DTI
CUST101723,Male,28,High School,Salaried,Divorced,0,891000.0,740.0,2,LOAN501723,Personal,726000.0,24,9.92,33474.42,51.15,4.8,1,Good,Owned,Central,Active,Non-Defaulted,0,Very Good,Upper-Middle Income,Very High DTI
CUST101724,Male,53,Graduate,Business,Single,1,1366600.0,726.0,2,LOAN501724,Business,1825000.0,48,8.79,45233.44,48.79,14.5,0,Good,Rented,West,Active,Non-Defaulted,0,Good,High Income,High DTI
CUST101725,Female,51,High School,Salaried,Single,2,510200.0,647.0,1,LOAN501725,Auto,353000.0,72,8.41,6260.14,27.71,21.6,0,Fair,Mortgaged,West,Active,Non-Defaulted,0,Fair,Lower-Middle Income,Moderate DTI
CUST101726,Male,39,Graduate,Salaried,Married,1,434100.0,720.0,0,LOAN501726,Home,2603000.0,240,7.49,20953.68,57.92,4.8,0,Good,Rented,West,Active,Non-Defaulted,0,Good,Lower-Middle Income,Very High DTI
CUST101727,Male,39,High School,Salaried,Married,1,588800.0,641.0,2,LOAN501727,Personal,761000.0,48,14.83,21113.68,67.33,5.5,0,Fair,Mortgaged,North,Closed,Non-Defaulted,0,Fair,Lower-Middle Income,Very High DTI
CUST101728,Female,44,Professional,Salaried,Married,0,428900.0,704.0,2,LOAN501728,Personal,364000.0,24,10.14,16820.28,57.73,12.7,0,Good,Owned,Central,Closed,Non-Defaulted,0,Good,Lower-Middle Income,Very High DTI
CUST101729,Female,29,Post Graduate,Self-Employed,Single,2,852300.0,626.0,2,LOAN501729,Business,2617000.0,84,12.18,46449.49,75.0,7.9,0,Fair,Rented,Central,Active,Non-Defaulted,0,Fair,Upper-Middle Income,Very High DTI
CUST101730,Female,38,Graduate,Salaried,Single,1,390800.0,796.0,4,LOAN501730,Home,1654000.0,300,6.5,11167.93,75.0,14.9,0,Excellent,Owned,South,Active,Non-Defaulted,0,Very Good,Low Income,Very High DTI
CUST101731,Male,21,Graduate,Salaried,Married,2,2091400.0,580.0,2,LOAN501731,Home,3069000.0,120,10.39,41222.75,29.0,0.9,0,Poor,Owned,West,Active,Non-Defaulted,0,Fair,High Income,Moderate DTI
CUST101732,Female,48,Professional,Salaried,Single,4,1271300.0,776.0,2,LOAN501732,Personal,683000.0,60,10.37,14636.39,23.39,14.6,0,Excellent,Owned,South,Active,Non-Defaulted,0,Very Good,High Income,Moderate DTI
CUST101733,Male,21,Graduate,Business,Married,0,817400.0,693.0,3,LOAN501733,Education,1389000.0,36,10.22,44962.73,75.0,0.3,0,Good,Family,West,Closed,Non-Defaulted,0,Good,Upper-Middle Income,Very High DTI
CUST101734,Male,55,High School,Self-Employed,Married,0,985700.0,656.0,0,LOAN501734,Personal,414000.0,60,12.18,9246.9,11.26,15.7,0,Fair,Mortgaged,North,Active,Non-Defaulted,0,Fair,Upper-Middle Income,Low DTI
CUST101735,Male,34,Graduate,Salaried,Married,1,311100.0,702.0,1,LOAN501735,Home,3379000.0,300,6.5,22815.25,75.0,9.6,0,Good,Mortgaged,East,Active,Non-Defaulted,0,Good,Low Income,Very High DTI
CUST101736,Female,36,Post Graduate,Salaried,Married,4,2291500.0,741.0,1,LOAN501736,Home,513000.0,180,6.5,4468.78,5.0,5.4,0,Excellent,Rented,North,Closed,Non-Defaulted,0,Very Good,High Income,Low DTI
CUST101737,Male,31,Graduate,Self-Employed,Married,2,489600.0,786.0,0,LOAN501737,Home,1640000.0,300,6.5,11073.4,27.14,4.9,0,Excellent,Rented,East,Closed,Non-Defaulted,0,Very Good,Lower-Middle Income,Moderate DTI
CUST101738,Male,35,Graduate,Business,Single,3,766800.0,712.0,2,LOAN501738,Home,1754000.0,300,7.35,12791.26,27.72,4.3,0,Good,Rented,South,Active,Non-Defaulted,0,Good,Upper-Middle Income,Moderate DTI
CUST101739,Male,54,Post Graduate,Self-Employed,Married,1,266700.0,628.0,2,LOAN501739,Home,921000.0,240,8.01,7709.35,75.0,19.0,0,Fair,Mortgaged,South,Active,Non-Defaulted,0,Fair,Low Income,Very High DTI
CUST101740,Male,21,Post Graduate,Salaried,Single,4,861900.0,694.0,2,LOAN501740,Education,492000.0,60,11.02,10702.18,21.83,0.4,1,Good,Family,West,Active,Non-Defaulted,0,Good,Upper-Middle Income,Moderate DTI
CUST101741,Female,52,Professional,Self-Employed,Married,0,382200.0,817.0,4,LOAN501741,Education,550000.0,36,7.74,17169.11,73.31,9.9,0,Excellent,Rented,Central,Active,Non-Defaulted,0,Excellent,Low Income,Very High DTI
CUST101742,Female,42,High School,Self-Employed,Single,0,682500.0,784.0,0,LOAN501742,Education,1456000.0,60,6.5,28488.31,50.09,11.4,0,Excellent,Mortgaged,North,Active,Non-Defaulted,0,Very Good,Lower-Middle Income,Very High DTI
CUST101743,Female,25,Graduate,Salaried,Married,3,525600.0,754.0,2,LOAN501743,Personal,551000.0,36,10.01,17781.81,62.37,2.4,0,Excellent,Mortgaged,Central,Closed,Non-Defaulted,0,Very Good,Lower-Middle Income,Very High DTI
CUST101744,Male,26,Post Graduate,Salaried,Single,3,406900.0,746.0,1,LOAN501744,Education,696000.0,120,7.04,8095.51,32.94,3.6,0,Excellent,Family,South,Active,Non-Defaulted,0,Very Good,Lower-Middle Income,Moderate DTI
CUST101745,Male,56,Post Graduate,Salaried,Single,0,463900.0,739.0,0,LOAN501745,Personal,791000.0,24,12.3,37346.03,75.0,26.5,0,Good,Rented,West,Active,Non-Defaulted,0,Good,Lower-Middle Income,Very High DTI
CUST101746,Male,28,Graduate,Self-Employed,Divorced,0,724400.0,771.0,0,LOAN501746,Personal,165000.0,48,7.6,3997.22,6.62,2.6,1,Good,Rented,East,Closed,Non-Defaulted,0,Very Good,Upper-Middle Income,Low DTI
CUST101747,Male,25,High School,Salaried,Single,0,368900.0,658.0,3,LOAN501747,Business,1533000.0,12,11.37,135753.8,75.0,3.8,0,Fair,Rented,Central,Active,Non-Defaulted,0,Fair,Low Income,Very High DTI
CUST101748,Male,51,Post Graduate,Self-Employed,Married,0,453700.0,595.0,1,LOAN501748,Education,1006000.0,60,10.91,21827.75,62.78,8.3,0,Poor,Rented,West,Closed,Non-Defaulted,0,Fair,Lower-Middle Income,Very High DTI
CUST101749,Female,42,Post Graduate,Business,Divorced,0,1117100.0,695.0,2,LOAN501749,Auto,242000.0,72,9.1,4374.2,14.79,11.8,0,Good,Owned,East,Closed,Non-Defaulted,0,Good,High Income,Low DTI
CUST101750,Male,28,High School,Business,Single,4,2833600.0,633.0,1,LOAN501750,Business,2208000.0,12,11.73,195899.35,75.0,5.1,0,Fair,Mortgaged,South,Active,Non-Defaulted,0,Fair,High Income,Very High DTI
CUST101751,Male,40,Graduate,Business,Married,2,1021800.0,616.0,0,LOAN501751,Business,480000.0,36,13.78,16354.02,19.21,17.4,1,Fair,Rented,Central,Closed,Non-Defaulted,0,Fair,High Income,Low DTI
CUST101752,Male,27,High School,Unemployed,Single,2,175800.0,640.0,0,LOAN501752,Auto,381000.0,48,10.2,9699.78,66.21,4.4,0,Fair,Owned,West,Active,Non-Defaulted,0,Fair,Low Income,Very High DTI
CUST101753,Male,50,Graduate,Salaried,Single,2,572200.0,850.0,1,LOAN501753,Auto,413000.0,24,6.5,18397.6,45.02,10.6,0,Excellent,Mortgaged,South,Active,Non-Defaulted,0,Excellent,Lower-Middle Income,High DTI
CUST101754,Male,50,High School,Self-Employed,Married,1,659900.0,700.0,4,LOAN501754,Education,1400000.0,84,10.3,23459.25,64.99,17.6,0,Good,Rented,North,Closed,Non-Defaulted,0,Good,Lower-Middle Income,Very High DTI
CUST101755,Female,44,Graduate,Salaried,Married,2,577100.0,715.0,0,LOAN501755,Personal,562000.0,36,11.03,18407.14,38.28,12.2,0,Good,Owned,West,Closed,Non-Defaulted,0,Good,Lower-Middle Income,High DTI
CUST101756,Female,42,Graduate,Business,Single,2,1253400.0,604.0,4,LOAN501756,Personal,542000.0,12,14.23,48723.29,62.62,12.4,0,Fair,Owned,Central,Active,Non-Defaulted,0,Fair,High Income,Very High DTI
CUST101757,Female,57,Graduate,Salaried,Married,1,757600.0,561.0,4,LOAN501757,Education,878000.0,120,11.08,12134.24,45.32,14.0,0,Poor,Rented,South,Active,Non-Defaulted,0,Poor,Upper-Middle Income,High DTI
CUST101758,Male,38,Graduate,Unemployed,Married,2,422100.0,633.0,4,LOAN501758,Home,1818000.0,120,7.24,21334.08,75.0,10.4,0,Fair,Rented,Central,Active,Non-Defaulted,0,Fair,Lower-Middle Income,Very High DTI
CUST101759,Male,25,Post Graduate,Self-Employed,Married,1,558900.0,791.0,1,LOAN501759,Personal,516000.0,48,8.21,12647.99,32.32,1.7,0,Excellent,Owned,North,Closed,Non-Defaulted,0,Very Good,Lower-Middle Income,Moderate DTI
CUST101760,Male,43,High School,Business,Single,3,1535100.0,713.0,3,LOAN501760,Home,2346000.0,300,7.93,17998.16,20.66,16.9,0,Good,Rented,Central,Closed,Non-Defaulted,0,Good,High Income,Moderate DTI
CUST101761,Male,61,High School,Salaried,Married,4,630100.0,732.0,1,LOAN501761,Home,1154000.0,240,7.32,9169.95,21.15,26.1,2,Fair,Rented,West,Active,Non-Defaulted,0,Good,Lower-Middle Income,Moderate DTI
CUST101762,Female,27,Post Graduate,Salaried,Married,1,428200.0,742.0,0,LOAN501762,Business,2131000.0,60,8.85,44081.08,75.0,2.1,0,Excellent,Mortgaged,South,Active,Non-Defaulted,0,Very Good,Lower-Middle Income,Very High DTI
CUST101763,Male,34,High School,Self-Employed,Married,2,1848400.0,649.0,0,LOAN501763,Auto,364000.0,72,6.5,6118.81,5.0,11.6,0,Fair,Mortgaged,South,Closed,Non-Defaulted,0,Fair,High Income,Low DTI
CUST101764,Male,43,Professional,Salaried,Divorced,0,284200.0,787.0,3,LOAN501764,Home,1358000.0,240,6.63,10229.08,75.0,15.0,0,Excellent,Owned,East,Active,Non-Defaulted,0,Very Good,Low Income,Very High DTI
CUST101765,Male,37,Post Graduate,Business,Married,2,569900.0,646.0,0,LOAN501765,Business,2490000.0,84,9.13,40226.28,75.0,7.7,0,Fair,Rented,East,Active,Non-Defaulted,0,Fair,Lower-Middle Income,Very High DTI
CUST101766,Male,27,Graduate,Salaried,Single,1,505100.0,788.0,1,LOAN501766,Business,2048000.0,84,10.79,34841.03,75.0,2.0,0,Excellent,Mortgaged,Central,Active,Non-Defaulted,0,Very Good,Lower-Middle Income,Very High DTI
CUST101767,Female,50,Professional,Self-Employed,Married,0,2166700.0,721.0,0,LOAN501767,Home,3339000.0,120,6.5,37913.67,21.0,19.8,0,Good,Rented,West,Active,Non-Defaulted,0,Good,High Income,Moderate DTI
CUST101768,Male,64,High School,Salaried,Married,1,1624700.0,565.0,0,LOAN501768,Business,1371000.0,48,12.64,36536.0,26.99,21.7,0,Poor,Rented,East,Closed,Non-Defaulted,0,Poor,High Income,Moderate DTI
CUST101769,Male,40,Graduate,Self-Employed,Single,2,1331500.0,638.0,0,LOAN501769,Home,2283000.0,120,8.45,28244.92,25.46,16.8,0,Fair,Owned,Central,Closed,Non-Defaulted,0,Fair,High Income,Moderate DTI
CUST101770,Male,28,Graduate,Self-Employed,Married,0,554600.0,565.0,2,LOAN501770,Personal,568000.0,60,13.89,13184.0,40.01,2.2,0,Poor,Owned,East,Active,Non-Defaulted,0,Poor,Lower-Middle Income,High DTI
CUST101771,Male,21,Graduate,Salaried,Married,3,2187100.0,771.0,1,LOAN501771,Personal,605000.0,60,10.15,12899.16,9.34,0.3,0,Excellent,Owned,West,Closed,Non-Defaulted,0,Very Good,High Income,Low DTI
CUST101772,Female,41,Professional,Salaried,Married,0,814500.0,688.0,3,LOAN501772,Auto,992000.0,48,8.55,24474.54,49.48,18.2,0,Good,Owned,West,Active,Non-Defaulted,0,Good,Upper-Middle Income,High DTI
CUST101773,Female,50,High School,Salaried,Divorced,3,1091000.0,534.0,1,LOAN501773,Home,4862000.0,120,9.65,63313.08,75.0,26.3,0,Poor,Rented,Central,Closed,Non-Defaulted,0,Poor,High Income,Very High DTI
CUST101774,Female,43,Graduate,Self-Employed,Single,2,708600.0,716.0,4,LOAN501774,Auto,1727000.0,36,7.69,53871.27,75.0,6.2,1,Good,Rented,North,Active,Non-Defaulted,0,Good,Upper-Middle Income,Very High DTI
CUST101775,Female,38,Graduate,Salaried,Married,1,666500.0,652.0,1,LOAN501775,Auto,831000.0,48,8.41,20447.45,42.3,12.9,0,Fair,Owned,East,Closed,Non-Defaulted,0,Fair,Lower-Middle Income,High DTI
CUST101776,Male,32,Graduate,Self-Employed,Married,1,576000.0,586.0,1,LOAN501776,Personal,665000.0,12,13.27,59480.26,75.0,4.7,0,Poor,Owned,South,Active,Non-Defaulted,0,Fair,Lower-Middle Income,Very High DTI
CUST101777,Female,26,Graduate,Salaried,Married,2,617200.0,807.0,1,LOAN501777,Personal,457000.0,24,7.42,20548.19,48.62,4.2,0,Excellent,Owned,East,Active,Non-Defaulted,0,Excellent,Lower-Middle Income,High DTI
CUST101778,Male,47,Graduate,Salaried,Married,2,914000.0,698.0,1,LOAN501778,Home,2803000.0,240,7.45,22495.16,32.65,22.0,0,Good,Family,South,Defaulted,Defaulted,1,Good,Upper-Middle Income,Moderate DTI
CUST101779,Male,48,Post Graduate,Salaried,Married,2,814000.0,669.0,2,LOAN501779,Personal,91000.0,36,11.56,3003.41,21.03,8.8,0,Fair,Rented,West,Active,Non-Defaulted,0,Fair,Upper-Middle Income,Moderate DTI
CUST101780,Female,21,High School,Salaried,Married,1,672300.0,662.0,1,LOAN501780,Auto,1097000.0,60,9.73,23162.54,45.62,0.4,0,Fair,Rented,South,Closed,Non-Defaulted,0,Fair,Lower-Middle Income,High DTI
CUST101781,Male,55,Post Graduate,Salaried,Married,1,1408600.0,584.0,2,LOAN501781,Auto,1636000.0,36,9.98,52773.76,53.16,9.3,0,Poor,Mortgaged,South,Active,Non-Defaulted,0,Fair,High Income,Very High DTI
CUST101782,Female,44,Graduate,Unemployed,Married,4,120000.0,599.0,2,LOAN501782,Auto,1437000.0,36,10.62,46787.36,75.0,6.7,0,Poor,Mortgaged,South,Active,Non-Defaulted,0,Fair,Low Income,Very High DTI
CUST101783,Male,53,Post Graduate,Business,Married,0,1037800.0,780.0,0,LOAN501783,Personal,640000.0,24,10.21,29594.82,34.22,8.9,2,Fair,Owned,South,Closed,Non-Defaulted,0,Very Good,High Income,Moderate DTI
CUST101784,Female,23,Post Graduate,Salaried,Married,1,963200.0,657.0,1,LOAN501784,Auto,414000.0,72,8.83,7427.69,13.68,2.3,0,Fair,Family,West,Active,Non-Defaulted,0,Fair,Upper-Middle Income,Low DTI
CUST101785,Female,23,High School,Self-Employed,Single,1,1127200.0,692.0,0,LOAN501785,Education,602000.0,60,9.4,12613.72,13.43,1.3,0,Good,Rented,North,Active,Non-Defaulted,0,Good,High Income,Low DTI
CUST101786,Female,36,Graduate,Business,Single,2,787600.0,547.0,1,LOAN501786,Business,853000.0,60,11.61,18806.83,31.9,9.1,0,Poor,Rented,North,Active,Non-Defaulted,0,Poor,Upper-Middle Income,Moderate DTI
CUST101787,Female,44,Post Graduate,Salaried,Married,2,754100.0,598.0,1,LOAN501787,Education,542000.0,60,12.08,12078.41,22.0,18.3,0,Poor,Rented,East,Active,Non-Defaulted,0,Fair,Upper-Middle Income,Moderate DTI
CUST101788,Female,58,Graduate,Salaried,Single,1,1095600.0,733.0,4,LOAN501788,Auto,1106000.0,24,7.06,49548.56,68.77,21.7,0,Good,Mortgaged,North,Active,Non-Defaulted,0,Good,High Income,Very High DTI
CUST101789,Male,46,Professional,Salaried,Married,0,1396200.0,716.0,0,LOAN501789,Personal,324000.0,12,10.63,28579.77,24.56,13.8,0,Good,Owned,North,Active,Non-Defaulted,0,Good,High Income,Moderate DTI
CUST101790,Male,35,Graduate,Salaried,Single,0,590800.0,813.0,0,LOAN501790,Auto,1075000.0,24,6.5,47887.22,75.0,3.9,0,Excellent,Owned,Central,Active,Non-Defaulted,0,Excellent,Lower-Middle Income,Very High DTI
CUST101791,Male,27,High School,Unemployed,Married,1,310300.0,784.0,0,LOAN501791,Business,1428000.0,60,7.92,28900.05,75.0,4.3,0,Excellent,Rented,West,Defaulted,Defaulted,1,Very Good,Low Income,Very High DTI
CUST101792,Female,52,Graduate,Self-Employed,Single,1,1454900.0,674.0,1,LOAN501792,Personal,265000.0,48,13.21,7136.94,10.3,10.6,1,Fair,Owned,South,Closed,Non-Defaulted,0,Good,High Income,Low DTI
CUST101793,Male,27,Professional,Salaried,Single,4,246200.0,723.0,2,LOAN501793,Personal,122000.0,12,10.82,10772.32,75.0,5.2,3,Fair,Owned,South,Overdue,Defaulted,1,Good,Low Income,Very High DTI
CUST101794,Female,56,Graduate,Salaried,Married,1,490100.0,668.0,2,LOAN501794,Personal,719000.0,36,11.38,23668.74,75.0,15.0,0,Fair,Rented,Central,Active,Non-Defaulted,0,Fair,Lower-Middle Income,Very High DTI
CUST101795,Male,35,Post Graduate,Self-Employed,Married,0,1313700.0,834.0,2,LOAN501795,Auto,169000.0,72,6.5,2840.88,11.49,10.3,1,Good,Family,North,Active,Non-Defaulted,0,Excellent,High Income,Low DTI
CUST101796,Male,55,Post Graduate,Business,Divorced,3,1372700.0,770.0,3,LOAN501796,Home,507000.0,300,6.5,3423.3,17.97,23.5,1,Good,Family,East,Active,Non-Defaulted,0,Very Good,High Income,Low DTI
CUST101797,Female,45,Graduate,Self-Employed,Married,1,835300.0,702.0,0,LOAN501797,Personal,670000.0,36,11.79,22186.45,31.87,16.3,3,Fair,Owned,East,Defaulted,Defaulted,1,Good,Upper-Middle Income,Moderate DTI
CUST101798,Male,36,High School,Self-Employed,Married,2,524100.0,704.0,0,LOAN501798,Business,2991000.0,36,10.32,96961.14,75.0,6.8,0,Good,Owned,West,Active,Non-Defaulted,0,Good,Lower-Middle Income,Very High DTI
CUST101799,Male,32,Post Graduate,Salaried,Single,0,447000.0,791.0,0,LOAN501799,Auto,1350000.0,72,6.78,22873.81,61.41,5.1,0,Excellent,Rented,Central,Closed,Non-Defaulted,0,Very Good,Lower-Middle Income,Very High DTI
CUST101800,Male,34,Graduate,Business,Married,1,611800.0,731.0,2,LOAN501800,Home,569000.0,180,6.5,4956.6,27.64,11.4,0,Good,Rented,South,Closed,Non-Defaulted,0,Good,Lower-Middle Income,Moderate DTI
CUST101801,Female,43,Post Graduate,Business,Married,4,1708100.0,799.0,2,LOAN501801,Home,1520000.0,180,6.5,13240.83,16.97,5.9,0,Excellent,Family,South,Active,Non-Defaulted,0,Very Good,High Income,Low DTI
CUST101802,Female,39,Graduate,Salaried,Married,2,504800.0,536.0,2,LOAN501802,Personal,779000.0,48,14.21,21369.48,58.58,7.0,0,Poor,Rented,West,Active,Non-Defaulted,0,Poor,Lower-Middle Income,Very High DTI
CUST101803,Male,31,Graduate,Self-Employed,Single,1,682400.0,722.0,0,LOAN501803,Home,4139000.0,180,6.67,36443.07,64.09,7.1,0,Good,Rented,Central,Active,Non-Defaulted,0,Good,Lower-Middle Income,Very High DTI
CUST101804,Male,36,Post Graduate,Salaried,Divorced,2,475300.0,654.0,1,LOAN501804,Home,3051000.0,120,7.51,36231.84,75.0,12.5,0,Fair,Owned,Central,Active,Non-Defaulted,0,Fair,Lower-Middle Income,Very High DTI
CUST101805,Male,39,Graduate,Salaried,Single,3,1022800.0,813.0,3,LOAN501805,Home,1566000.0,180,6.5,13641.54,23.99,9.2,1,Good,Owned,West,Closed,Non-Defaulted,0,Excellent,High Income,Moderate DTI
CUST101806,Female,21,Graduate,Salaried,Married,1,527000.0,798.0,0,LOAN501806,Education,120000.0,120,7.57,1428.81,5.0,0.7,0,Excellent,Owned,Central,Closed,Non-Defaulted,0,Very Good,Lower-Middle Income,Low DTI
CUST101807,Female,43,Graduate,Salaried,Married,1,651300.0,692.0,2,LOAN501807,Auto,184000.0,72,8.8,3298.46,15.91,14.1,0,Good,Rented,North,Active,Non-Defaulted,0,Good,Lower-Middle Income,Low DTI
CUST101808,Male,27,Graduate,Salaried,Single,4,304200.0,797.0,0,LOAN501808,Personal,509000.0,60,10.34,10900.09,43.0,2.0,0,Excellent,Owned,South,Closed,Non-Defaulted,0,Very Good,Low Income,High DTI
CUST101809,Male,25,Graduate,Salaried,Married,0,314600.0,815.0,0,LOAN501809,Home,598000.0,240,6.5,4458.53,17.01,3.3,1,Good,Rented,North,Closed,Non-Defaulted,0,Excellent,Low Income,Low DTI
CUST101810,Male,21,Post Graduate,Salaried,Single,2,685000.0,695.0,2,LOAN501810,Education,1491000.0,84,6.91,22437.64,59.06,0.8,2,Fair,Rented,North,Active,Non-Defaulted,0,Good,Lower-Middle Income,Very High DTI
CUST101811,Female,21,Graduate,Salaried,Divorced,2,361300.0,850.0,0,LOAN501811,Personal,188000.0,60,10.76,4065.11,13.5,0.9,0,Excellent,Owned,East,Active,Non-Defaulted,0,Excellent,Low Income,Low DTI
CUST101812,Female,23,Graduate,Salaried,Single,2,1874700.0,688.0,2,LOAN501812,Personal,583000.0,24,11.31,27256.35,24.76,0.8,0,Good,Family,Central,Closed,Non-Defaulted,0,Good,High Income,Moderate DTI
CUST101813,Male,30,Post Graduate,Salaried,Divorced,1,253700.0,675.0,2,LOAN501813,Auto,406000.0,48,8.24,9957.45,75.0,6.8,0,Fair,Rented,East,Active,Non-Defaulted,0,Good,Low Income,Very High DTI
CUST101814,Male,59,Graduate,Self-Employed,Single,1,442700.0,751.0,1,LOAN501814,Auto,1041000.0,36,7.22,32247.87,75.0,20.3,0,Excellent,Family,West,Closed,Non-Defaulted,0,Very Good,Lower-Middle Income,Very High DTI
CUST101815,Male,32,Graduate,Salaried,Married,2,688000.0,665.0,2,LOAN501815,Personal,110000.0,24,11.33,5143.73,16.58,3.1,0,Fair,Family,North,Active,Non-Defaulted,0,Fair,Lower-Middle Income,Low DTI
CUST101816,Female,40,Professional,Salaried,Married,0,572800.0,696.0,1,LOAN501816,Auto,1415000.0,48,7.45,34180.14,75.0,13.0,0,Good,Owned,West,Active,Non-Defaulted,0,Good,Lower-Middle Income,Very High DTI
CUST101817,Male,42,Post Graduate,Business,Married,1,478200.0,789.0,0,LOAN501817,Auto,1115000.0,36,7.21,34535.12,75.0,7.3,0,Excellent,Mortgaged,South,Active,Non-Defaulted,0,Very Good,Lower-Middle Income,Very High DTI
CUST101818,Female,39,Graduate,Self-Employed,Single,0,410400.0,691.0,2,LOAN501818,Business,441000.0,12,10.21,38813.99,75.0,9.4,0,Good,Owned,West,Active,Non-Defaulted,0,Good,Lower-Middle Income,Very High DTI
CUST101819,Female,37,Graduate,Business,Married,0,505000.0,571.0,1,LOAN501819,Personal,686000.0,60,13.33,15724.74,41.02,7.1,1,Poor,Rented,South,Active,Non-Defaulted,0,Poor,Lower-Middle Income,High DTI
CUST101820,Male,25,High School,Salaried,Single,4,594700.0,716.0,0,LOAN501820,Education,866000.0,84,6.5,12859.61,25.95,2.4,0,Good,Mortgaged,East,Closed,Non-Defaulted,0,Good,Lower-Middle Income,Moderate DTI
CUST101821,Male,54,Graduate,Salaried,Married,1,1741800.0,641.0,3,LOAN501821,Personal,741000.0,36,11.94,24590.57,28.31,19.4,0,Fair,Family,South,Closed,Non-Defaulted,0,Fair,High Income,Moderate DTI
CUST101822,Male,58,Graduate,Self-Employed,Single,4,674800.0,751.0,1,LOAN501822,Auto,1662000.0,24,6.5,74035.87,75.0,18.4,0,Excellent,Owned,East,Closed,Non-Defaulted,0,Very Good,Lower-Middle Income,Very High DTI
CUST101823,Female,21,Graduate,Salaried,Divorced,0,1204200.0,739.0,2,LOAN501823,Auto,1669000.0,24,6.98,74710.3,75.0,0.6,0,Good,Rented,North,Active,Non-Defaulted,0,Good,High Income,Very High DTI
CUST101824,Female,27,Graduate,Salaried,Single,2,870500.0,793.0,3,LOAN501824,Home,850000.0,120,6.5,9651.58,36.67,2.8,0,Excellent,Family,South,Active,Non-Defaulted,0,Very Good,Upper-Middle Income,High DTI
CUST101825,Female,35,High School,Salaried,Single,0,1164900.0,754.0,1,LOAN501825,Education,269000.0,36,7.31,8344.12,12.52,9.9,0,Excellent,Rented,South,Active,Non-Defaulted,0,Very Good,High Income,Low DTI
CUST101826,Male,27,High School,Business,Single,2,211900.0,766.0,1,LOAN501826,Personal,791000.0,48,9.44,19849.74,75.0,5.6,0,Excellent,Owned,West,Active,Non-Defaulted,0,Very Good,Low Income,Very High DTI
CUST101827,Male,44,Professional,Salaried,Married,2,589700.0,643.0,1,LOAN501827,Home,2694000.0,300,8.22,21186.87,49.13,9.5,0,Fair,Rented,West,Active,Non-Defaulted,0,Fair,Lower-Middle Income,High DTI
CUST101828,Female,30,Graduate,Business,Single,0,1521600.0,746.0,1,LOAN501828,Personal,229000.0,36,9.77,7364.48,10.46,5.8,1,Good,Owned,Central,Closed,Non-Defaulted,0,Very Good,High Income,Low DTI
CUST101829,Female,62,Graduate,Business,Married,3,617500.0,828.0,3,LOAN501829,Auto,1420000.0,36,6.5,43521.58,75.0,28.2,1,Good,Owned,East,Active,Non-Defaulted,0,Excellent,Lower-Middle Income,Very High DTI
CUST101830,Male,51,High School,Salaried,Married,0,1590400.0,642.0,2,LOAN501830,Personal,248000.0,36,10.42,8051.25,13.26,19.1,0,Fair,Mortgaged,South,Active,Non-Defaulted,0,Fair,High Income,Low DTI
CUST101831,Female,40,High School,Self-Employed,Married,2,1325100.0,816.0,0,LOAN501831,Education,1118000.0,84,7.15,16955.71,15.35,9.8,0,Excellent,Owned,West,Active,Non-Defaulted,0,Excellent,High Income,Low DTI
CUST101832,Female,49,Post Graduate,Self-Employed,Married,4,518900.0,652.0,1,LOAN501832,Education,1272000.0,120,9.25,16285.76,43.13,19.4,1,Fair,Rented,East,Active,Non-Defaulted,0,Fair,Lower-Middle Income,High DTI
CUST101833,Female,50,Graduate,Business,Single,3,638200.0,630.0,4,LOAN501833,Education,1198000.0,84,8.49,18966.09,60.1,8.1,0,Fair,Mortgaged,North,Closed,Non-Defaulted,0,Fair,Lower-Middle Income,Very High DTI
CUST101834,Female,32,Graduate,Salaried,Married,4,419600.0,711.0,1,LOAN501834,Personal,256000.0,36,12.15,8521.22,32.69,5.9,0,Good,Rented,West,Closed,Non-Defaulted,0,Good,Lower-Middle Income,Moderate DTI
CUST101835,Female,29,Graduate,Business,Single,1,600600.0,740.0,2,LOAN501835,Auto,813000.0,24,7.82,36703.08,75.0,5.4,0,Excellent,Owned,North,Active,Non-Defaulted,0,Very Good,Lower-Middle Income,Very High DTI
CUST101836,Female,39,Post Graduate,Salaried,Married,0,377700.0,754.0,2,LOAN501836,Personal,360000.0,12,8.94,31472.52,75.0,5.0,0,Excellent,Owned,North,Closed,Non-Defaulted,0,Very Good,Low Income,Very High DTI
CUST101837,Male,47,High School,Unemployed,Single,0,335400.0,623.0,1,LOAN501837,Education,788000.0,120,9.58,10231.07,57.97,15.7,0,Fair,Rented,West,Active,Non-Defaulted,0,Fair,Low Income,Very High DTI
CUST101838,Male,40,High School,Salaried,Married,1,339300.0,720.0,1,LOAN501838,Auto,426000.0,48,8.89,10578.79,51.62,13.5,0,Good,Owned,West,Active,Non-Defaulted,0,Good,Low Income,Very High DTI
CUST101839,Female,21,Graduate,Salaried,Married,2,660950.0,642.0,2,LOAN501839,Home,2536000.0,120,7.97,30728.49,50.84,0.7,0,Fair,Mortgaged,West,Active,Non-Defaulted,0,Fair,Lower-Middle Income,Very High DTI
CUST101840,Male,29,Graduate,Business,Married,0,1098400.0,586.0,1,LOAN501840,Auto,993000.0,60,9.83,21015.35,24.8,2.9,0,Poor,Rented,South,Closed,Non-Defaulted,0,Fair,High Income,Moderate DTI
CUST101841,Male,37,Graduate,Business,Single,2,366000.0,625.0,1,LOAN501841,Personal,449000.0,12,13.2,40145.6,75.0,15.2,0,Fair,Family,Central,Active,Non-Defaulted,0,Fair,Low Income,Very High DTI
CUST101842,Male,37,Graduate,Salaried,Married,1,1436100.0,637.0,2,LOAN501842,Home,4190000.0,240,8.07,35229.6,35.8,10.9,1,Fair,Mortgaged,West,Active,Non-Defaulted,0,Fair,High Income,High DTI
CUST101843,Male,60,Graduate,Salaried,Single,1,873300.0,727.0,2,LOAN501843,Personal,438000.0,36,11.84,14514.42,36.25,19.4,0,Good,Owned,West,Active,Non-Defaulted,0,Good,Upper-Middle Income,High DTI
CUST101844,Female,23,Post Graduate,Salaried,Married,2,978100.0,771.0,0,LOAN501844,Business,846000.0,12,8.51,73791.85,75.0,1.2,0,Excellent,Owned,West,Active,Non-Defaulted,0,Very Good,Upper-Middle Income,Very High DTI
CUST101845,Female,44,Graduate,Unemployed,Married,1,189700.0,587.0,0,LOAN501845,Education,1028000.0,120,10.36,13790.86,75.0,14.9,0,Poor,Rented,East,Defaulted,Defaulted,1,Fair,Low Income,Very High DTI
CUST101846,Male,54,High School,Self-Employed,Married,3,876300.0,715.0,0,LOAN501846,Auto,1466000.0,36,7.95,45905.3,62.86,28.0,0,Good,Rented,North,Defaulted,Defaulted,1,Good,Upper-Middle Income,Very High DTI
CUST101847,Male,63,Graduate,Business,Married,0,1395200.0,608.0,1,LOAN501847,Business,1094000.0,12,12.82,97620.74,75.0,25.3,0,Fair,Rented,West,Defaulted,Defaulted,1,Fair,High Income,Very High DTI
CUST101848,Male,34,Professional,Salaried,Married,2,650900.0,734.0,1,LOAN501848,Home,3404000.0,120,6.74,39068.7,75.0,9.5,0,Good,Owned,West,Closed,Non-Defaulted,0,Good,Lower-Middle Income,Very High DTI
CUST101849,Female,43,Graduate,Salaried,Married,0,1784100.0,646.0,1,LOAN501849,Business,611000.0,48,11.28,15874.82,13.77,11.1,0,Fair,Owned,South,Closed,Non-Defaulted,0,Fair,High Income,Low DTI
CUST101850,Female,44,Post Graduate,Self-Employed,Married,0,663900.0,616.0,0,LOAN501850,Home,2039000.0,180,7.8,19251.06,34.8,12.1,0,Fair,Owned,West,Active,Non-Defaulted,0,Fair,Lower-Middle Income,Moderate DTI
CUST101851,Male,40,High School,Business,Married,2,1404900.0,746.0,1,LOAN501851,Auto,1650000.0,72,6.5,27736.38,25.07,8.7,0,Excellent,Rented,East,Active,Non-Defaulted,0,Very Good,High Income,Moderate DTI
CUST101852,Female,37,Graduate,Salaried,Married,3,785600.0,649.0,1,LOAN501852,Auto,1654000.0,72,10.08,30708.5,55.68,12.0,0,Fair,Owned,East,Active,Non-Defaulted,0,Fair,Upper-Middle Income,Very High DTI
CUST101853,Female,43,High School,Business,Single,0,1076200.0,668.0,1,LOAN501853,Personal,481000.0,60,12.75,10882.77,14.16,11.1,0,Fair,Rented,South,Active,Non-Defaulted,0,Fair,High Income,Low DTI
CUST101854,Female,21,Graduate,Salaried,Married,1,306000.0,535.0,1,LOAN501854,Home,3661000.0,240,11.11,38062.87,75.0,0.4,0,Poor,Mortgaged,North,Overdue,Defaulted,1,Poor,Low Income,Very High DTI
CUST101855,Female,46,Professional,Salaried,Married,1,815600.0,756.0,0,LOAN501855,Personal,691000.0,60,10.88,14982.69,22.04,12.7,0,Excellent,Rented,South,Closed,Non-Defaulted,0,Very Good,Upper-Middle Income,Moderate DTI
CUST101856,Male,39,Professional,Salaried,Single,0,479600.0,747.0,3,LOAN501856,Business,2884000.0,36,9.8,92788.0,75.0,15.3,1,Good,Owned,West,Active,Non-Defaulted,0,Very Good,Lower-Middle Income,Very High DTI
CUST101857,Female,36,Graduate,Salaried,Married,3,454600.0,690.0,0,LOAN501857,Personal,417000.0,12,11.71,36993.4,75.0,11.7,0,Good,Rented,South,Closed,Non-Defaulted,0,Good,Lower-Middle Income,Very High DTI
CUST101858,Male,61,Graduate,Salaried,Married,2,1576500.0,583.0,1,LOAN501858,Home,3027000.0,300,9.34,26110.92,21.8,19.2,1,Poor,Owned,North,Active,Non-Defaulted,0,Fair,High Income,Moderate DTI
CUST101859,Female,31,Professional,Salaried,Single,0,615900.0,775.0,3,LOAN501859,Education,682000.0,36,8.11,21406.03,65.7,9.2,0,Excellent,Family,Central,Active,Non-Defaulted,0,Very Good,Lower-Middle Income,Very High DTI
CUST101860,Female,34,Post Graduate,Salaried,Married,1,421700.0,643.0,1,LOAN501860,Personal,104000.0,48,12.08,2742.81,13.2,4.2,0,Fair,Owned,South,Active,Non-Defaulted,0,Fair,Lower-Middle Income,Low DTI
CUST101861,Female,60,High School,Business,Married,2,683800.0,658.0,2,LOAN501861,Home,2403000.0,180,8.42,23550.74,53.29,11.3,0,Fair,Owned,West,Active,Non-Defaulted,0,Fair,Lower-Middle Income,Very High DTI
CUST101862,Female,29,Graduate,Salaried,Married,1,365600.0,850.0,0,LOAN501862,Auto,1455000.0,36,6.5,44594.3,75.0,3.0,0,Excellent,Mortgaged,Central,Active,Non-Defaulted,0,Excellent,Low Income,Very High DTI
CUST101863,Male,32,Graduate,Salaried,Divorced,2,1358400.0,641.0,1,LOAN501863,Personal,654000.0,24,10.9,30451.17,31.47,3.9,0,Fair,Rented,East,Active,Non-Defaulted,0,Fair,High Income,Moderate DTI
CUST101864,Male,36,Graduate,Salaried,Married,0,488700.0,742.0,1,LOAN501864,Education,1349000.0,120,9.24,17264.27,47.29,4.9,0,Excellent,Owned,West,Active,Non-Defaulted,0,Very Good,Lower-Middle Income,High DTI
CUST101865,Female,47,Graduate,Salaried,Single,2,879900.0,729.0,0,LOAN501865,Personal,89000.0,12,10.52,7846.05,10.7,18.4,0,Good,Mortgaged,Central,Active,Non-Defaulted,0,Good,Upper-Middle Income,Low DTI
CUST101866,Female,40,Graduate,Self-Employed,Married,0,1246300.0,717.0,1,LOAN501866,Personal,445000.0,24,12.25,20999.69,23.43,12.8,0,Good,Owned,Central,Closed,Non-Defaulted,0,Good,High Income,Moderate DTI
CUST101867,Male,24,Graduate,Salaried,Married,3,536800.0,710.0,1,LOAN501867,Auto,327000.0,36,9.29,10442.7,32.61,2.7,0,Good,Owned,East,Active,Non-Defaulted,0,Good,Lower-Middle Income,Moderate DTI
CUST101868,Male,32,High School,Business,Married,1,1048900.0,716.0,1,LOAN501868,Home,1403000.0,240,6.5,10460.39,14.74,8.4,0,Good,Rented,South,Closed,Non-Defaulted,0,Good,High Income,Low DTI
CUST101869,Male,31,Graduate,Self-Employed,Married,1,396400.0,709.0,3,LOAN501869,Business,2721000.0,12,10.04,239269.75,75.0,8.2,2,Fair,Owned,East,Active,Non-Defaulted,0,Good,Low Income,Very High DTI
CUST101870,Female,37,Post Graduate,Salaried,Married,3,2207800.0,686.0,0,LOAN501870,Business,1591000.0,12,8.59,138832.99,75.0,6.5,0,Good,Rented,West,Active,Non-Defaulted,0,Good,High Income,Very High DTI
CUST101871,Female,43,Graduate,Salaried,Married,0,1069800.0,796.0,0,LOAN501871,Home,3913000.0,120,6.5,44431.32,49.84,15.1,0,Excellent,Rented,Central,Closed,Non-Defaulted,0,Very Good,High Income,High DTI
CUST101872,Male,43,Graduate,Salaried,Married,1,622200.0,598.0,1,LOAN501872,Home,790000.0,300,9.29,6787.23,23.14,14.4,0,Poor,Rented,West,Closed,Non-Defaulted,0,Fair,Lower-Middle Income,Moderate DTI
CUST101873,Male,21,Professional,Salaried,Married,1,471000.0,762.0,1,LOAN501873,Home,2376000.0,120,6.83,27379.65,75.0,0.9,1,Good,Owned,East,Closed,Non-Defaulted,0,Very Good,Lower-Middle Income,Very High DTI
CUST101874,Female,50,Professional,Self-Employed,Married,1,615400.0,748.0,2,LOAN501874,Personal,556000.0,12,10.31,48961.43,75.0,12.0,0,Excellent,Mortgaged,East,Active,Non-Defaulted,0,Very Good,Lower-Middle Income,Very High DTI
CUST101875,Female,41,High School,Self-Employed,Divorced,3,552100.0,739.0,1,LOAN501875,Home,1100000.0,120,6.84,12681.41,36.72,6.1,0,Good,Family,South,Active,Non-Defaulted,0,Good,Lower-Middle Income,High DTI
CUST101876,Male,53,High School,Salaried,Married,2,1742700.0,768.0,0,LOAN501876,Education,556000.0,60,6.97,11001.6,7.58,22.3,0,Excellent,Rented,North,Active,Non-Defaulted,0,Very Good,High Income,Low DTI
CUST101877,Female,43,Post Graduate,Salaried,Single,0,379000.0,684.0,2,LOAN501877,Home,790000.0,300,7.37,5771.39,28.13,16.8,0,Good,Owned,West,Active,Non-Defaulted,0,Good,Low Income,Moderate DTI
CUST101878,Male,50,Post Graduate,Salaried,Married,2,728100.0,559.0,3,LOAN501878,Personal,539000.0,60,13.05,12277.71,35.27,13.0,1,Poor,Mortgaged,South,Closed,Non-Defaulted,0,Poor,Upper-Middle Income,High DTI
CUST101879,Male,43,Professional,Self-Employed,Married,1,644300.0,685.0,1,LOAN501879,Home,4869000.0,180,7.65,45552.26,75.0,14.3,0,Good,Family,South,Overdue,Defaulted,1,Good,Lower-Middle Income,Very High DTI
CUST101880,Female,53,Post Graduate,Salaried,Married,3,645100.0,621.0,1,LOAN501880,Personal,670000.0,60,13.91,15558.48,36.38,9.5,0,Fair,Mortgaged,West,Active,Non-Defaulted,0,Fair,Lower-Middle Income,High DTI
CUST101881,Female,44,Graduate,Salaried,Married,1,647800.0,639.0,0,LOAN501881,Auto,1758000.0,60,9.24,36698.3,67.98,21.0,0,Fair,Rented,North,Active,Non-Defaulted,0,Fair,Lower-Middle Income,Very High DTI
CUST101882,Female,37,Graduate,Salaried,Married,2,645500.0,603.0,0,LOAN501882,Home,4305000.0,300,7.47,31729.61,58.99,5.5,0,Fair,Mortgaged,Central,Closed,Non-Defaulted,0,Fair,Lower-Middle Income,Very High DTI
CUST101883,Female,63,High School,Self-Employed,Single,1,988400.0,657.0,0,LOAN501883,Home,4348000.0,300,8.07,33760.44,40.99,12.6,2,Fair,Owned,North,Active,Non-Defaulted,0,Fair,Upper-Middle Income,High DTI
CUST101884,Female,48,Graduate,Business,Married,1,1088400.0,648.0,1,LOAN501884,Personal,483000.0,24,12.74,22903.76,27.29,7.8,2,Fair,Owned,Central,Defaulted,Defaulted,1,Fair,High Income,Moderate DTI
CUST101885,Male,44,Graduate,Salaried,Married,1,834500.0,524.0,3,LOAN501885,Business,1651000.0,84,12.45,29543.47,62.97,12.7,0,Poor,Owned,South,Defaulted,Defaulted,1,Poor,Upper-Middle Income,Very High DTI
CUST101886,Male,24,Graduate,Salaried,Single,0,159100.0,739.0,1,LOAN501886,Personal,355000.0,60,11.64,7832.35,75.0,1.3,0,Good,Owned,North,Closed,Non-Defaulted,0,Good,Low Income,Very High DTI
CUST101887,Male,24,Graduate,Unemployed,Single,2,315300.0,845.0,0,LOAN501887,Education,1245000.0,120,6.5,14136.72,53.8,2.9,0,Excellent,Rented,West,Active,Non-Defaulted,0,Excellent,Low Income,Very High DTI
CUST101888,Male,41,Post Graduate,Salaried,Divorced,1,308300.0,732.0,0,LOAN501888,Home,1319000.0,300,6.5,8905.98,34.66,17.5,0,Good,Rented,Central,Closed,Non-Defaulted,0,Good,Low Income,Moderate DTI
CUST101889,Female,40,Graduate,Self-Employed,Married,4,886400.0,676.0,1,LOAN501889,Business,357000.0,84,8.85,5716.66,14.71,8.4,1,Fair,Rented,South,Active,Non-Defaulted,0,Good,Upper-Middle Income,Low DTI
CUST101890,Female,31,Graduate,Salaried,Married,0,1385100.0,686.0,1,LOAN501890,Auto,1714000.0,36,8.72,54281.66,51.26,7.2,0,Good,Rented,West,Closed,Non-Defaulted,0,Good,High Income,Very High DTI
CUST101891,Male,40,High School,Self-Employed,Married,2,416700.0,661.0,1,LOAN501891,Personal,53000.0,12,13.62,4749.25,21.19,5.6,0,Fair,Mortgaged,Central,Active,Non-Defaulted,0,Fair,Lower-Middle Income,Moderate DTI
CUST101892,Male,55,Graduate,Salaried,Married,4,601900.0,696.0,1,LOAN501892,Education,1468000.0,84,9.34,23872.85,52.9,17.5,0,Good,Owned,South,Active,Non-Defaulted,0,Good,Lower-Middle Income,Very High DTI
CUST101893,Female,46,Post Graduate,Unemployed,Married,2,204700.0,687.0,1,LOAN501893,Auto,1353000.0,36,7.7,42211.1,75.0,11.5,0,Good,Family,West,Active,Non-Defaulted,0,Good,Low Income,Very High DTI
CUST101894,Male,25,Post Graduate,Self-Employed,Married,3,1176100.0,631.0,0,LOAN501894,Personal,296000.0,36,12.86,9953.46,10.16,2.0,1,Fair,Mortgaged,South,Closed,Non-Defaulted,0,Fair,High Income,Low DTI
CUST101895,Female,37,Professional,Business,Single,3,850400.0,808.0,0,LOAN501895,Personal,573000.0,24,9.96,26430.47,37.3,11.4,0,Excellent,Mortgaged,South,Active,Non-Defaulted,0,Excellent,Upper-Middle Income,High DTI
CUST101896,Female,29,Graduate,Self-Employed,Married,1,1490100.0,586.0,0,LOAN501896,Auto,1499000.0,36,11.41,49366.9,39.76,3.0,0,Poor,Family,South,Active,Non-Defaulted,0,Fair,High Income,High DTI
CUST101897,Female,34,Graduate,Self-Employed,Married,2,792800.0,740.0,0,LOAN501897,Auto,555000.0,24,6.5,24723.17,37.42,11.3,0,Excellent,Mortgaged,South,Active,Non-Defaulted,0,Very Good,Upper-Middle Income,High DTI
CUST101898,Male,33,Graduate,Salaried,Married,0,766700.0,683.0,0,LOAN501898,Auto,1422000.0,60,10.06,30255.3,47.35,8.9,1,Good,Rented,North,Active,Non-Defaulted,0,Good,Upper-Middle Income,High DTI
CUST101899,Male,33,Graduate,Business,Married,1,839500.0,823.0,0,LOAN501899,Auto,1477000.0,72,6.5,24828.27,35.49,9.3,0,Excellent,Rented,South,Active,Non-Defaulted,0,Excellent,Upper-Middle Income,High DTI
CUST101900,Female,24,Post Graduate,Unemployed,Married,0,404300.0,714.0,2,LOAN501900,Auto,561000.0,36,9.7,18022.98,64.74,3.4,0,Good,Owned,South,Active,Non-Defaulted,0,Good,Lower-Middle Income,Very High DTI
CUST101901,Female,37,Post Graduate,Salaried,Single,2,296400.0,665.0,2,LOAN501901,Education,159000.0,36,9.69,5107.37,63.97,14.7,0,Fair,Owned,East,Defaulted,Defaulted,1,Fair,Low Income,Very High DTI
CUST101902,Male,32,Post Graduate,Business,Single,1,846500.0,673.0,1,LOAN501902,Auto,487000.0,48,9.26,12179.23,23.08,7.3,0,Fair,Family,East,Active,Non-Defaulted,0,Good,Upper-Middle Income,Moderate DTI
CUST101903,Female,21,High School,Self-Employed,Single,1,628500.0,693.0,2,LOAN501903,Personal,200000.0,48,10.28,5099.45,19.91,0.6,2,Fair,Mortgaged,East,Active,Non-Defaulted,0,Good,Lower-Middle Income,Low DTI
CUST101904,Male,61,Post Graduate,Salaried,Single,0,966800.0,610.0,0,LOAN501904,Business,383000.0,84,12.8,6925.95,8.6,19.2,2,Fair,Owned,South,Active,Non-Defaulted,0,Fair,Upper-Middle Income,Low DTI
CUST101905,Female,50,High School,Salaried,Divorced,4,623700.0,636.0,3,LOAN501905,Personal,595000.0,24,11.18,27781.41,75.0,21.5,0,Fair,Mortgaged,Central,Active,Non-Defaulted,0,Fair,Lower-Middle Income,Very High DTI
CUST101906,Male,34,Post Graduate,Salaried,Single,0,414500.0,565.0,1,LOAN501906,Home,2210000.0,240,9.8,21034.96,66.56,8.4,0,Poor,Rented,South,Active,Non-Defaulted,0,Poor,Lower-Middle Income,Very High DTI
CUST101907,Female,38,Graduate,Salaried,Single,0,660950.0,625.0,1,LOAN501907,Auto,1609000.0,36,9.12,51255.68,75.0,15.4,2,Fair,Rented,South,Defaulted,Defaulted,1,Fair,Lower-Middle Income,Very High DTI
CUST101908,Male,25,Graduate,Salaried,Married,0,405900.0,697.0,1,LOAN501908,Home,1635000.0,180,7.07,14759.9,57.67,2.0,0,Good,Family,East,Closed,Non-Defaulted,0,Good,Lower-Middle Income,Very High DTI
CUST101909,Male,57,Graduate,Salaried,Married,4,270900.0,711.0,0,LOAN501909,Personal,390000.0,60,11.99,8673.36,38.42,16.7,0,Good,Family,West,Active,Non-Defaulted,0,Good,Low Income,High DTI
CUST101910,Male,59,Professional,Salaried,Single,4,967600.0,551.0,4,LOAN501910,Personal,529000.0,60,13.43,12153.14,38.66,17.8,0,Poor,Family,North,Closed,Non-Defaulted,0,Poor,Upper-Middle Income,High DTI
CUST101911,Male,40,High School,Salaried,Married,2,901200.0,680.0,0,LOAN501911,Auto,1598000.0,60,9.67,33693.89,44.87,15.5,2,Fair,Owned,South,Defaulted,Defaulted,1,Good,Upper-Middle Income,High DTI
CUST101912,Female,49,Graduate,Unemployed,Married,3,341600.0,729.0,1,LOAN501912,Business,1669000.0,36,9.27,53283.73,75.0,9.1,0,Good,Rented,West,Closed,Non-Defaulted,0,Good,Low Income,Very High DTI
CUST101913,Female,40,Post Graduate,Salaried,Single,0,1275600.0,679.0,0,LOAN501913,Auto,766000.0,72,8.71,13697.57,12.89,10.9,0,Fair,Owned,East,Active,Non-Defaulted,0,Good,High Income,Low DTI
CUST101914,Male,23,Graduate,Salaried,Single,4,496000.0,646.0,0,LOAN501914,Home,4402000.0,120,10.22,58710.35,75.0,1.6,0,Fair,Owned,South,Active,Non-Defaulted,0,Fair,Lower-Middle Income,Very High DTI
CUST101915,Male,33,High School,Salaried,Married,0,343400.0,661.0,0,LOAN501915,Home,1896000.0,300,7.92,14533.3,50.79,3.9,0,Fair,Rented,Central,Active,Non-Defaulted,0,Fair,Low Income,Very High DTI
CUST101916,Female,39,Graduate,Salaried,Married,0,659900.0,652.0,0,LOAN501916,Personal,110000.0,24,11.89,5172.43,9.41,9.8,0,Fair,Mortgaged,North,Closed,Non-Defaulted,0,Fair,Lower-Middle Income,Low DTI
CUST101917,Female,33,Graduate,Self-Employed,Married,0,550100.0,645.0,0,LOAN501917,Personal,384000.0,36,12.23,12796.52,27.91,7.6,2,Fair,Family,East,Active,Non-Defaulted,0,Fair,Lower-Middle Income,Moderate DTI
CUST101918,Female,36,Professional,Self-Employed,Single,2,433800.0,702.0,2,LOAN501918,Personal,639000.0,36,10.73,20838.43,75.0,4.7,0,Good,Owned,South,Active,Non-Defaulted,0,Good,Lower-Middle Income,Very High DTI
CUST101919,Male,37,Post Graduate,Self-Employed,Married,2,625600.0,850.0,0,LOAN501919,Home,639000.0,180,6.5,5566.38,10.68,9.9,0,Excellent,Rented,North,Active,Non-Defaulted,0,Excellent,Lower-Middle Income,Low DTI
CUST101920,Male,37,Graduate,Salaried,Married,1,508900.0,638.0,0,LOAN501920,Personal,489000.0,12,14.28,43970.35,75.0,14.8,2,Fair,Owned,South,Defaulted,Defaulted,1,Fair,Lower-Middle Income,Very High DTI
CUST101921,Female,39,Professional,Self-Employed,Single,4,269300.0,668.0,1,LOAN501921,Personal,496000.0,60,11.27,10851.15,63.37,16.8,0,Fair,Owned,East,Defaulted,Defaulted,1,Fair,Low Income,Very High DTI
CUST101922,Male,26,Graduate,Salaried,Married,1,552200.0,686.0,4,LOAN501922,Auto,1682000.0,48,6.93,40222.98,75.0,3.6,1,Good,Mortgaged,North,Active,Non-Defaulted,0,Good,Lower-Middle Income,Very High DTI
CUST101923,Female,30,High School,Salaried,Married,0,395600.0,642.0,0,LOAN501923,Business,1002000.0,12,11.09,88600.49,75.0,5.8,0,Fair,Mortgaged,East,Closed,Non-Defaulted,0,Fair,Low Income,Very High DTI
CUST101924,Male,24,Graduate,Salaried,Single,1,762800.0,767.0,0,LOAN501924,Business,981000.0,12,9.35,85949.2,75.0,1.7,0,Excellent,Mortgaged,Central,Active,Non-Defaulted,0,Very Good,Upper-Middle Income,Very High DTI
CUST101925,Female,49,Graduate,Salaried,Married,2,498100.0,524.0,4,LOAN501925,Auto,877000.0,36,11.16,28778.35,75.0,26.0,0,Poor,Family,West,Closed,Non-Defaulted,0,Poor,Lower-Middle Income,Very High DTI
CUST101926,Male,21,High School,Salaried,Married,3,1163700.0,653.0,0,LOAN501926,Personal,318000.0,12,11.9,28239.04,29.12,0.4,3,Fair,Rented,South,Active,Non-Defaulted,0,Fair,High Income,Moderate DTI
CUST101927,Female,51,Professional,Salaried,Single,1,1473800.0,747.0,1,LOAN501927,Auto,1365000.0,60,7.19,27151.17,26.75,16.9,0,Excellent,Owned,North,Active,Non-Defaulted,0,Very Good,High Income,Moderate DTI
CUST101928,Male,53,Post Graduate,Unemployed,Married,2,378300.0,669.0,0,LOAN501928,Personal,531000.0,36,12.08,17657.09,56.01,8.3,1,Fair,Owned,South,Active,Non-Defaulted,0,Fair,Low Income,Very High DTI
CUST101929,Female,35,Graduate,Salaried,Single,0,324200.0,633.0,3,LOAN501929,Auto,1402000.0,60,10.22,29940.35,75.0,7.2,0,Fair,Mortgaged,South,Defaulted,Defaulted,1,Fair,Low Income,Very High DTI
CUST101930,Male,21,Graduate,Salaried,Married,2,1405700.0,721.0,4,LOAN501930,Education,1248000.0,84,8.33,19657.41,25.3,0.3,0,Good,Mortgaged,Central,Closed,Non-Defaulted,0,Good,High Income,Moderate DTI
CUST101931,Female,34,Post Graduate,Salaried,Single,4,1454100.0,753.0,2,LOAN501931,Auto,1673000.0,24,9.84,77076.97,66.45,10.3,0,Excellent,Rented,Central,Closed,Non-Defaulted,0,Very Good,High Income,Very High DTI
CUST101932,Female,37,Professional,Self-Employed,Single,0,655900.0,705.0,0,LOAN501932,Business,1407000.0,12,11.15,124451.46,75.0,10.4,1,Good,Owned,South,Active,Non-Defaulted,0,Good,Lower-Middle Income,Very High DTI
CUST101933,Female,27,Post Graduate,Salaried,Married,3,1287900.0,634.0,1,LOAN501933,Auto,1775000.0,60,9.38,37174.3,37.39,4.4,0,Fair,Rented,North,Active,Non-Defaulted,0,Fair,High Income,High DTI
CUST101934,Female,32,Graduate,Business,Married,2,623500.0,722.0,0,LOAN501934,Auto,506000.0,36,6.5,15508.4,29.85,5.2,0,Good,Owned,Central,Active,Non-Defaulted,0,Good,Lower-Middle Income,Moderate DTI
CUST101935,Female,55,Post Graduate,Unemployed,Married,0,120000.0,662.0,3,LOAN501935,Personal,586000.0,12,11.9,52037.98,75.0,27.3,0,Fair,Rented,West,Closed,Non-Defaulted,0,Fair,Low Income,Very High DTI
CUST101936,Female,45,Graduate,Salaried,Married,4,473800.0,742.0,3,LOAN501936,Business,1695000.0,48,10.26,43201.53,75.0,6.3,0,Excellent,Rented,East,Closed,Non-Defaulted,0,Very Good,Lower-Middle Income,Very High DTI
CUST101937,Male,28,Graduate,Salaried,Single,1,1565300.0,794.0,1,LOAN501937,Personal,663000.0,48,10.23,16888.72,15.91,3.7,0,Excellent,Owned,South,Active,Non-Defaulted,0,Very Good,High Income,Low DTI
CUST101938,Female,21,High School,Salaried,Married,1,333600.0,508.0,1,LOAN501938,Business,1535000.0,36,11.8,50837.46,75.0,0.7,0,Poor,Rented,South,Defaulted,Defaulted,1,Poor,Low Income,Very High DTI
CUST101939,Male,34,High School,Self-Employed,Married,0,649900.0,698.0,0,LOAN501939,Home,4028000.0,180,7.25,36770.12,67.89,11.8,0,Good,Rented,Central,Closed,Non-Defaulted,0,Good,Lower-Middle Income,Very High DTI
CUST101940,Male,36,Graduate,Salaried,Married,0,660950.0,568.0,1,LOAN501940,Personal,748000.0,60,13.0,17019.3,39.29,6.4,0,Poor,Rented,North,Defaulted,Defaulted,1,Poor,Lower-Middle Income,High DTI
CUST101941,Male,43,Graduate,Salaried,Married,3,533500.0,850.0,1,LOAN501941,Education,1125000.0,120,7.7,13471.67,39.03,13.8,1,Good,Mortgaged,West,Active,Non-Defaulted,0,Excellent,Lower-Middle Income,High DTI
CUST101942,Male,32,High School,Salaried,Married,2,551600.0,657.0,1,LOAN501942,Personal,632000.0,36,12.0,20991.44,51.63,7.2,0,Fair,Family,North,Active,Non-Defaulted,0,Fair,Lower-Middle Income,Very High DTI
CUST101943,Female,44,Post Graduate,Self-Employed,Married,3,672900.0,742.0,1,LOAN501943,Education,194000.0,36,6.5,5945.91,20.78,19.6,0,Excellent,Rented,Central,Closed,Non-Defaulted,0,Very Good,Lower-Middle Income,Moderate DTI
CUST101944,Female,59,High School,Salaried,Divorced,0,521100.0,688.0,0,LOAN501944,Personal,204000.0,36,11.68,6744.58,15.53,11.0,0,Good,Mortgaged,East,Closed,Non-Defaulted,0,Good,Lower-Middle Income,Low DTI
CUST101945,Female,47,Graduate,Salaried,Single,0,344900.0,634.0,2,LOAN501945,Business,2928000.0,36,9.44,93710.38,75.0,14.2,0,Fair,Owned,South,Defaulted,Defaulted,1,Fair,Low Income,Very High DTI
CUST101946,Male,37,Graduate,Self-Employed,Married,0,720700.0,625.0,3,LOAN501946,Auto,1294000.0,36,10.0,41753.74,75.0,6.3,1,Fair,Owned,North,Active,Non-Defaulted,0,Fair,Upper-Middle Income,Very High DTI
CUST101947,Male,36,Professional,Self-Employed,Married,1,1088100.0,801.0,3,LOAN501947,Auto,1076000.0,24,8.97,49141.97,70.3,4.2,0,Excellent,Owned,East,Active,Non-Defaulted,0,Excellent,High Income,Very High DTI
CUST101948,Male,34,Graduate,Business,Married,4,1233400.0,757.0,2,LOAN501948,Home,2151000.0,180,7.43,19854.57,23.59,4.8,0,Excellent,Family,South,Active,Non-Defaulted,0,Very Good,High Income,Moderate DTI
CUST101949,Male,51,High School,Salaried,Married,2,462700.0,826.0,1,LOAN501949,Personal,83000.0,60,9.09,1726.57,18.46,27.4,0,Excellent,Mortgaged,East,Closed,Non-Defaulted,0,Excellent,Lower-Middle Income,Low DTI
CUST101950,Male,31,Graduate,Business,Divorced,1,445600.0,694.0,0,LOAN501950,Education,617000.0,60,8.35,12614.14,33.97,4.3,0,Good,Rented,South,Active,Non-Defaulted,0,Good,Lower-Middle Income,Moderate DTI
CUST101951,Male,38,Post Graduate,Self-Employed,Married,3,567100.0,710.0,4,LOAN501951,Personal,424000.0,24,12.19,19996.79,75.0,15.4,0,Good,Owned,North,Active,Non-Defaulted,0,Good,Lower-Middle Income,Very High DTI
CUST101952,Male,39,Professional,Salaried,Divorced,2,1448500.0,671.0,1,LOAN501952,Home,1452000.0,300,8.26,11458.0,13.28,7.3,0,Fair,Mortgaged,East,Closed,Non-Defaulted,0,Good,High Income,Low DTI
CUST101953,Female,32,Graduate,Self-Employed,Married,0,886100.0,670.0,1,LOAN501953,Auto,436000.0,24,8.47,19812.69,34.1,10.3,0,Fair,Family,East,Closed,Non-Defaulted,0,Good,Upper-Middle Income,Moderate DTI
CUST101954,Female,23,Graduate,Salaried,Married,3,956900.0,617.0,1,LOAN501954,Home,2788000.0,180,8.06,26740.24,37.53,2.0,0,Fair,Owned,South,Defaulted,Defaulted,1,Fair,Upper-Middle Income,High DTI
CUST101955,Female,42,Professional,Unemployed,Married,1,418500.0,696.0,2,LOAN501955,Personal,489000.0,24,10.27,22625.86,75.0,7.1,0,Good,Rented,South,Closed,Non-Defaulted,0,Good,Lower-Middle Income,Very High DTI
CUST101956,Female,37,High School,Salaried,Married,0,835200.0,635.0,0,LOAN501956,Personal,230000.0,24,12.64,10895.77,15.65,10.7,0,Fair,Family,East,Active,Non-Defaulted,0,Fair,Upper-Middle Income,Low DTI
CUST101957,Female,44,Graduate,Self-Employed,Single,0,688700.0,721.0,0,LOAN501957,Personal,491000.0,48,10.31,12526.25,21.83,11.0,0,Good,Family,East,Closed,Non-Defaulted,0,Good,Lower-Middle Income,Moderate DTI
CUST101958,Male,32,Graduate,Salaried,Married,1,937900.0,702.0,1,LOAN501958,Education,1360000.0,120,9.03,17249.99,27.89,6.0,0,Good,Rented,North,Active,Non-Defaulted,0,Good,Upper-Middle Income,Moderate DTI
CUST101959,Female,51,High School,Unemployed,Single,1,210000.0,710.0,3,LOAN501959,Personal,405000.0,24,11.85,19036.4,75.0,16.6,0,Good,Rented,North,Active,Non-Defaulted,0,Good,Low Income,Very High DTI
CUST101960,Female,28,Graduate,Salaried,Married,1,346100.0,807.0,1,LOAN501960,Business,2601000.0,12,7.83,226052.51,75.0,4.2,0,Excellent,Rented,North,Active,Non-Defaulted,0,Excellent,Low Income,Very High DTI
CUST101961,Male,57,Graduate,Unemployed,Married,0,386300.0,687.0,1,LOAN501961,Personal,745000.0,12,11.98,66185.38,75.0,25.2,0,Good,Owned,West,Active,Non-Defaulted,0,Good,Low Income,Very High DTI
CUST101962,Male,21,Post Graduate,Business,Married,2,1471800.0,743.0,1,LOAN501962,Personal,119000.0,12,11.55,10547.97,11.89,0.7,0,Excellent,Rented,East,Active,Non-Defaulted,0,Very Good,High Income,Low DTI
CUST101963,Female,43,Professional,Salaried,Divorced,4,399000.0,834.0,2,LOAN501963,Auto,308000.0,24,6.5,13720.25,71.83,10.7,0,Excellent,Family,South,Closed,Non-Defaulted,0,Excellent,Low Income,Very High DTI
CUST101964,Male,43,Graduate,Business,Married,2,1205500.0,781.0,2,LOAN501964,Personal,407000.0,36,10.34,13197.81,17.51,19.6,0,Excellent,Rented,West,Active,Non-Defaulted,0,Very Good,High Income,Low DTI
CUST101965,Female,29,Post Graduate,Unemployed,Single,1,611700.0,771.0,1,LOAN501965,Auto,1120000.0,36,7.32,34746.45,75.0,7.7,1,Good,Owned,South,Closed,Non-Defaulted,0,Very Good,Lower-Middle Income,Very High DTI
CUST101966,Female,43,High School,Salaried,Married,0,681800.0,669.0,0,LOAN501966,Education,696000.0,84,9.47,11364.72,20.0,6.4,0,Fair,Rented,East,Active,Non-Defaulted,0,Fair,Lower-Middle Income,Low DTI
CUST101967,Male,52,Graduate,Salaried,Married,0,460900.0,706.0,3,LOAN501967,Personal,295000.0,24,11.83,13863.27,75.0,8.3,0,Good,Rented,North,Active,Non-Defaulted,0,Good,Lower-Middle Income,Very High DTI
CUST101968,Male,21,High School,Salaried,Married,0,724000.0,598.0,1,LOAN501968,Education,997000.0,84,12.35,17786.93,38.56,0.5,0,Poor,Owned,West,Active,Non-Defaulted,0,Fair,Upper-Middle Income,High DTI
CUST101969,Male,44,Professional,Salaried,Married,2,524000.0,725.0,2,LOAN501969,Home,509000.0,120,7.5,6041.92,38.52,15.2,1,Good,Rented,West,Closed,Non-Defaulted,0,Good,Lower-Middle Income,High DTI
CUST101970,Male,21,Post Graduate,Salaried,Married,2,507600.0,709.0,0,LOAN501970,Personal,776000.0,60,10.74,16771.68,39.65,0.4,0,Good,Rented,West,Active,Non-Defaulted,0,Good,Lower-Middle Income,High DTI
CUST101971,Male,27,Graduate,Salaried,Married,2,840200.0,692.0,1,LOAN501971,Personal,224000.0,60,11.08,4879.24,14.5,2.9,0,Good,Rented,Central,Closed,Non-Defaulted,0,Good,Upper-Middle Income,Low DTI
CUST101972,Female,56,Post Graduate,Salaried,Married,2,316100.0,762.0,2,LOAN501972,Business,2768000.0,36,8.95,87957.26,75.0,24.9,0,Excellent,Mortgaged,West,Closed,Non-Defaulted,0,Very Good,Low Income,Very High DTI
CUST101973,Male,32,Graduate,Salaried,Married,1,341300.0,605.0,0,LOAN501973,Personal,132000.0,60,13.76,3055.01,10.74,7.7,1,Fair,Owned,West,Closed,Non-Defaulted,0,Fair,Low Income,Low DTI
CUST101974,Male,25,Professional,Salaried,Single,1,688800.0,804.0,1,LOAN501974,Education,433000.0,120,6.5,4916.63,12.04,1.8,0,Excellent,Rented,South,Active,Non-Defaulted,0,Excellent,Lower-Middle Income,Low DTI
CUST101975,Male,36,Post Graduate,Business,Married,2,803800.0,753.0,1,LOAN501975,Home,1557000.0,180,6.5,13563.14,28.25,13.2,0,Excellent,Rented,South,Active,Non-Defaulted,0,Very Good,Upper-Middle Income,Moderate DTI
CUST101976,Female,61,Professional,Self-Employed,Married,1,766500.0,685.0,2,LOAN501976,Personal,797000.0,60,11.84,17664.45,33.88,28.4,0,Good,Mortgaged,Central,Closed,Non-Defaulted,0,Good,Upper-Middle Income,Moderate DTI
CUST101977,Male,21,Graduate,Salaried,Single,0,1678900.0,680.0,0,LOAN501977,Home,521000.0,300,7.48,3843.37,5.0,0.5,0,Good,Owned,Central,Active,Non-Defaulted,0,Good,High Income,Low DTI
CUST101978,Male,26,High School,Self-Employed,Single,1,683400.0,724.0,0,LOAN501978,Education,995000.0,60,9.95,21116.34,37.08,4.2,0,Good,Mortgaged,East,Active,Non-Defaulted,0,Good,Lower-Middle Income,High DTI
CUST101979,Female,54,Graduate,Self-Employed,Married,1,866200.0,796.0,3,LOAN501979,Auto,1585000.0,60,6.5,31012.34,59.91,11.0,0,Excellent,Mortgaged,South,Active,Non-Defaulted,0,Very Good,Upper-Middle Income,Very High DTI
CUST101980,Female,58,High School,Unemployed,Married,0,170900.0,697.0,1,LOAN501980,Home,3525000.0,300,7.36,25729.29,75.0,21.1,1,Good,Family,Central,Closed,Non-Defaulted,0,Good,Low Income,Very High DTI
CUST101981,Male,37,Graduate,Salaried,Single,3,986700.0,700.0,0,LOAN501981,Education,608000.0,60,8.5,12474.05,15.17,6.1,0,Good,Rented,South,Active,Non-Defaulted,0,Good,Upper-Middle Income,Low DTI
CUST101982,Female,24,Graduate,Salaried,Married,3,530100.0,691.0,0,LOAN501982,Personal,769000.0,48,12.07,20277.16,45.9,1.1,0,Good,Rented,North,Active,Non-Defaulted,0,Good,Lower-Middle Income,High DTI
CUST101983,Male,61,Graduate,Business,Married,0,840800.0,815.0,4,LOAN501983,Business,2702000.0,24,7.85,122019.37,75.0,19.3,0,Excellent,Mortgaged,East,Overdue,Defaulted,1,Excellent,Upper-Middle Income,Very High DTI
CUST101984,Male,56,High School,Business,Single,0,771100.0,664.0,0,LOAN501984,Education,708000.0,60,8.97,14686.61,22.86,12.5,1,Fair,Rented,North,Closed,Non-Defaulted,0,Fair,Upper-Middle Income,Moderate DTI
CUST101985,Male,45,High School,Self-Employed,Single,2,1067200.0,688.0,1,LOAN501985,Auto,1096000.0,72,9.35,19946.91,24.79,16.5,1,Good,Owned,South,Active,Non-Defaulted,0,Good,High Income,Moderate DTI
CUST101986,Male,29,Graduate,Self-Employed,Married,0,346600.0,792.0,1,LOAN501986,Education,1455000.0,120,8.52,18055.48,74.09,6.2,0,Excellent,Rented,West,Active,Non-Defaulted,0,Very Good,Low Income,Very High DTI
CUST101987,Female,37,Professional,Salaried,Single,1,228100.0,700.0,3,LOAN501987,Home,4922000.0,180,7.0,44240.33,75.0,5.9,0,Good,Mortgaged,South,Active,Non-Defaulted,0,Good,Low Income,Very High DTI
CUST101988,Male,36,Graduate,Salaried,Married,0,616000.0,770.0,2,LOAN501988,Auto,892000.0,48,6.86,21302.16,52.32,4.3,0,Excellent,Rented,Central,Active,Non-Defaulted,0,Very Good,Lower-Middle Income,Very High DTI
CUST101989,Male,42,Graduate,Salaried,Married,0,854600.0,626.0,1,LOAN501989,Auto,1548000.0,72,10.8,29306.42,48.6,16.8,0,Fair,Mortgaged,Central,Active,Non-Defaulted,0,Fair,Upper-Middle Income,High DTI
CUST101990,Female,54,Post Graduate,Salaried,Single,2,734300.0,676.0,0,LOAN501990,Home,1859000.0,300,8.69,15207.94,24.85,8.5,0,Fair,Owned,West,Active,Non-Defaulted,0,Good,Upper-Middle Income,Moderate DTI
CUST101991,Female,48,Graduate,Business,Single,3,1467900.0,794.0,2,LOAN501991,Auto,763000.0,24,7.54,34348.57,31.42,13.3,1,Good,Owned,Central,Active,Non-Defaulted,0,Very Good,High Income,Moderate DTI
CUST101992,Male,26,Graduate,Salaried,Single,0,841900.0,643.0,1,LOAN501992,Personal,174000.0,48,11.72,4558.2,8.75,3.4,0,Fair,Rented,East,Active,Non-Defaulted,0,Fair,Upper-Middle Income,Low DTI
CUST101993,Female,53,Graduate,Salaried,Single,1,520700.0,679.0,3,LOAN501993,Home,1441000.0,240,6.82,11016.9,60.33,25.8,0,Fair,Owned,East,Active,Non-Defaulted,0,Good,Lower-Middle Income,Very High DTI
CUST101994,Male,41,High School,Business,Single,0,266100.0,708.0,1,LOAN501994,Personal,543000.0,12,12.59,48394.89,75.0,16.7,0,Good,Owned,West,Closed,Non-Defaulted,0,Good,Low Income,Very High DTI
CUST101995,Female,46,Professional,Salaried,Married,0,609000.0,621.0,2,LOAN501995,Personal,433000.0,24,13.13,20612.06,52.79,18.8,0,Fair,Family,East,Active,Non-Defaulted,0,Fair,Lower-Middle Income,Very High DTI
CUST101996,Female,54,High School,Unemployed,Single,4,447100.0,661.0,0,LOAN501996,Home,1540000.0,240,7.06,11995.13,32.19,14.0,0,Fair,Rented,South,Active,Non-Defaulted,0,Fair,Lower-Middle Income,Moderate DTI
CUST101997,Female,26,Graduate,Unemployed,Married,2,226200.0,698.0,2,LOAN501997,Education,664000.0,36,8.83,21062.53,75.0,4.3,2,Fair,Owned,East,Active,Non-Defaulted,0,Good,Low Income,Very High DTI
CUST101998,Male,38,High School,Salaried,Married,1,691800.0,693.0,0,LOAN501998,Home,2179000.0,300,7.31,15834.29,27.47,7.4,0,Good,Owned,West,Active,Non-Defaulted,0,Good,Lower-Middle Income,Moderate DTI
CUST101999,Male,32,High School,Salaried,Single,2,835500.0,780.0,1,LOAN501999,Auto,1779000.0,24,6.65,79368.44,75.0,4.7,1,Good,Owned,West,Closed,Non-Defaulted,0,Very Good,Upper-Middle Income,Very High DTI
CUST102000,Male,21,Post Graduate,Salaried,Single,3,419200.0,798.0,0,LOAN502000,Personal,690000.0,12,9.04,60354.32,75.0,0.6,0,Excellent,Rented,West,Closed,Non-Defaulted,0,Very Good,Lower-Middle Income,Very High DTI
